Siderophore ID,Siderophore name,Siderophore other name,Count,Hydroxamate,Catecholate,Phenolate,Carboxylate,Carboxylate in Citrate,Alpha-Hydroxycarboxylate,Hydroxyphenyloxazoline,Hydroxyphenylthiazoline,Alpha-Aminocarboxylate,Alpha-Hydroxyimidazole,Alpha-Hydroxycarboxylate in Citrate,Diazeniumdiolate,2-Nitrosophenol,Repetition denticity,Theoretical denticity,Ligand Type,Biosynthetic Type,Canonical SMILES,monomers Name,monomers Number,coverage,missing Monomers Number,Molecular Formula,Molecular Weight,Species,Bacteria,Fungi,Plant,Animal,Actinomycetota,Cyanobacteriota,Bacillota,Pseudomonadota,Bacteroidota,Myxococcota,Ascomycota,Basidiomycota,Mucoromycota,Zoopagomycota,Streptophyta,Chordata,Phylum,Hydroxamate source,Catecholate source,Alpha-Hydroxycarboxylate source,Hydroxyphenyloxazoline source,Hydroxyphenylthiazoline source,Alpha-Hydroxyimidazole source,Diazeniumdiolate source,2-Nitrosophenol source,References,Biosynthetic Type Reference,Fe3+ Affinity Reference,logKf Fe3+,pFe3+,Redox potential,C,H,N,O,S,C/H,C/N,C/O,C/S,Contributor,Siderophore Cluster,Siderophore Group,Siderophore Index,Predicted logS,"Predicted diffusion coefficient (10^(-10) m2 s-1) in H2O, 298.15K"
34,Alcaligin,,3,2,0,0,0,0,0,0,0,0,0,0,0,0,0,4,Hydroxamate,NIS,O=C1CCC(=O)N(O)CC[C@H](O)CNC(=O)CCC(=O)N(O)CC[C@H](O)CN1,"NOH-4OH-Put, Suc, Suc, NOH-4OH-Put",4,1,0,C16H28N4O8,404.41624,Achromobacter denitrificans; Bordetella bronchiseptica; Bordetella pertussis,1,0,0,0,0,0,0,1,0,0,0,0,0,0,0,0,Pseudomonadota,Orn derivatives,,,,,,,,"Nishio, Takayuki, et al. ""Isolation and structure of the novel dihydroxamate siderophore alcaligin."" Journal of the American Chemical Society 110.26 (1988): 8733-8734.; Moore, Christopher H., et al. ""Identification of alcaligin as the siderophore produced by Bordetella pertussis and B. bronchiseptica."" Journal of bacteriology 177.4 (1995): 1116-1118.; Brickman, Timothy J., and Sandra K. Armstrong. ""Alcaligin siderophore production by Bordetella bronchiseptica strain RB50 is not repressed by the BvgAS virulence control system."" Journal of bacteriology 184.24 (2002): 7055-7057.; Brickman, Timothy J., and Sandra K. Armstrong. ""Bordetella AlcS transporter functions in alcaligin siderophore export and is central to inducer sensing in positive regulation of alcaligin system gene expression."" Journal of bacteriology 187.11 (2005): 3650-3661.; Brickman, Timothy J., and Sandra K. Armstrong. ""Impact of alcaligin siderophore utilization on in vivo growth of Bordetella pertussis."" Infection and immunity 75.11 (2007): 5305-5312.","Kang, Ho Young, et al. ""Identification and characterization of iron-regulated Bordetella pertussis alcaligin siderophore biosynthesis genes."" Journal of bacteriology 178.16 (1996): 4877-4884.",,,,,16,28,4,8,0,0.571428571,4,2,0,Shaohua Gu; Ruolin He,3,3,24,-1.305,4.810137802
35,"E,E-putrebactene",,1,2,0,0,0,0,0,0,0,0,0,0,0,0,0,4,Hydroxamate,NIS,O=C1CCC(=O)N(O)C/C=C/CNC(=O)CCC(=O)N(O)C/C=C/CN1,"X0, Suc, X0, Suc",4,0.461538462,2,C16H24N4O6,368.385666,Shewanella putrefaciens,1,0,0,0,0,0,0,1,0,0,0,0,0,0,0,0,Pseudomonadota,Orn derivatives,,,,,,,,"Soe, Cho Z., and Rachel Codd. ""Unsaturated macrocyclic dihydroxamic acid siderophores produced by Shewanella putrefaciens using precursor-directed biosynthesis."" ACS chemical biology 9.4 (2014): 945-956.",,,,,,16,24,4,6,0,0.666666667,4,2.666666667,0,Ruolin He,3,3,25,-1.851,5.004084639
32,Desferrioxamine Te3,Ferrioxamine Te3; Proferrioxamine Te3,1,3,0,0,0,0,0,0,0,0,0,0,0,0,0,6,Hydroxamate,NIS,O=C1CCC(=O)N(O)CCSCCNC(=O)CCC(=O)N(O)CCSCCNC(=O)CCC(=O)N(O)CCSCCN1,"NOH-DAT, Suc, Suc, Suc, NOH-DAT, NOH-DAT",6,1,0,C24H42N6O9S3,654.820545,Streptomyces olivaceus,1,0,0,0,1,0,0,0,0,0,0,0,0,0,0,0,Actinomycetota,Lys derivatives,,,,,,,,"Fiedler, H-P., et al. ""Identificationof ferrioxamines by high-performance liquid chromatography and diode-array detection."" Journal of Chromatography A 513 (1990): 255-262.","Barona-Gómez, Francisco, et al. ""Identification of a Cluster of Genes that Directs Desferrioxamine Biosynthesis in Streptomyces c oelicolor M145."" Journal of the American Chemical Society 126.50 (2004): 16282-16283.; Ronan, Jade L., et al. ""Desferrioxamine biosynthesis: diverse hydroxamate assembly by substrate-tolerant acyl transferase DesC."" Philosophical Transactions of the Royal Society B: Biological Sciences 373.1748 (2018): 20170068.",,,,,24,42,6,9,3,0.571428571,4,2.666666667,8,Ruolin He,3,3,22,-3.365,3.938034375
33,Desferrioxamine Et3,Ferrioxamine Et3; Proferrioxamine Et3,1,3,0,0,0,0,0,0,0,0,0,0,0,0,0,6,Hydroxamate,NIS,O=C1CCC(=O)N(O)CCOCCNC(=O)CCC(=O)N(O)CCOCCNC(=O)CCC(=O)N(O)CCOCCN1,"NOH-Dade, Suc, Suc, NOH-Dade, NOH-Dade, Suc",6,1,0,C24H42N6O12,606.62436,Streptomyces olivaceus,1,0,0,0,1,0,0,0,0,0,0,0,0,0,0,0,Actinomycetota,Lys derivatives,,,,,,,,"Fiedler, H-P., et al. ""Identificationof ferrioxamines by high-performance liquid chromatography and diode-array detection."" Journal of Chromatography A 513 (1990): 255-262.","Barona-Gómez, Francisco, et al. ""Identification of a Cluster of Genes that Directs Desferrioxamine Biosynthesis in Streptomyces c oelicolor M145."" Journal of the American Chemical Society 126.50 (2004): 16282-16283.; Ronan, Jade L., et al. ""Desferrioxamine biosynthesis: diverse hydroxamate assembly by substrate-tolerant acyl transferase DesC."" Philosophical Transactions of the Royal Society B: Biological Sciences 373.1748 (2018): 20170068.",,,,,24,42,6,12,0,0.571428571,4,2,0,Ruolin He,3,3,23,-1.901,4.063228887
12,Desferrioxamine Et1,Ferrioxamine Et1; Proferrioxamine Et1,1,3,0,0,0,0,0,0,0,0,0,0,0,0,0,6,Hydroxamate,NIS,O=C1CCC(=O)N(O)CCCCCNC(=O)CCC(=O)N(O)CCOCCNC(=O)CCC(=O)N(O)CCCCCN1,"NOH-Cad, Suc, NOH-Dade, Suc, NOH-Cad, Suc",6,1,0,C26H46N6O10,602.678794,Streptomyces olivaceus,1,0,0,0,1,0,0,0,0,0,0,0,0,0,0,0,Actinomycetota,Lys derivatives,,,,,,,,"Fiedler, H-P., et al. ""Identificationof ferrioxamines by high-performance liquid chromatography and diode-array detection."" Journal of Chromatography A 513 (1990): 255-262.","Barona-Gómez, Francisco, et al. ""Identification of a Cluster of Genes that Directs Desferrioxamine Biosynthesis in Streptomyces c oelicolor M145."" Journal of the American Chemical Society 126.50 (2004): 16282-16283.; Ronan, Jade L., et al. ""Desferrioxamine biosynthesis: diverse hydroxamate assembly by substrate-tolerant acyl transferase DesC."" Philosophical Transactions of the Royal Society B: Biological Sciences 373.1748 (2018): 20170068.",,,,,26,46,6,10,0,0.565217391,4.333333333,2.6,0,Ruolin He,3,3,2,-2.594,4.07412734
13,Desferrioxamine Et2,Ferrioxamine Et2; Proferrioxamine Et2,1,3,0,0,0,0,0,0,0,0,0,0,0,0,0,6,Hydroxamate,NIS,O=C1CCC(=O)N(O)CCCCCNC(=O)CCC(=O)N(O)CCOCCNC(=O)CCC(=O)N(O)CCOCCN1,"NOH-Cad, Suc, Suc, NOH-Dade, Suc, NOH-Dade",6,1,0,C25H44N6O11,604.651577,Streptomyces olivaceus,1,0,0,0,1,0,0,0,0,0,0,0,0,0,0,0,Actinomycetota,Lys derivatives,,,,,,,,"Fiedler, H-P., et al. ""Identificationof ferrioxamines by high-performance liquid chromatography and diode-array detection."" Journal of Chromatography A 513 (1990): 255-262.","Barona-Gómez, Francisco, et al. ""Identification of a Cluster of Genes that Directs Desferrioxamine Biosynthesis in Streptomyces c oelicolor M145."" Journal of the American Chemical Society 126.50 (2004): 16282-16283.; Ronan, Jade L., et al. ""Desferrioxamine biosynthesis: diverse hydroxamate assembly by substrate-tolerant acyl transferase DesC."" Philosophical Transactions of the Royal Society B: Biological Sciences 373.1748 (2018): 20170068.",,,,,25,44,6,11,0,0.568181818,4.166666667,2.272727273,0,Ruolin He,3,3,3,-2.214,4.068664979
31,Desferrioxamine Te1,Ferrioxamine Te1; Proferrioxamine Te1,1,3,0,0,0,0,0,0,0,0,0,0,0,0,0,6,Hydroxamate,NIS,O=C1CCC(=O)N(O)CCCCCNC(=O)CCC(=O)N(O)CCSCCNC(=O)CCC(=O)N(O)CCCCCN1,"NOH-Cad, Suc, NOH-Cad, Suc, NOH-DAT, Suc",6,1,0,C26H46N6O9S,618.744189,Streptomyces olivaceus,1,0,0,0,1,0,0,0,0,0,0,0,0,0,0,0,Actinomycetota,Lys derivatives,,,,,,,,"Fiedler, H-P., et al. ""Identificationof ferrioxamines by high-performance liquid chromatography and diode-array detection."" Journal of Chromatography A 513 (1990): 255-262.","Barona-Gómez, Francisco, et al. ""Identification of a Cluster of Genes that Directs Desferrioxamine Biosynthesis in Streptomyces c oelicolor M145."" Journal of the American Chemical Society 126.50 (2004): 16282-16283.; Ronan, Jade L., et al. ""Desferrioxamine biosynthesis: diverse hydroxamate assembly by substrate-tolerant acyl transferase DesC."" Philosophical Transactions of the Royal Society B: Biological Sciences 373.1748 (2018): 20170068.",,,,,26,46,6,9,1,0.565217391,4.333333333,2.888888889,26,Ruolin He,3,3,21,-3.198,4.030396027
30,Desferrioxamine Te2,Ferrioxamine Te2; Proferrioxamine Te2,1,3,0,0,0,0,0,0,0,0,0,0,0,0,0,6,Hydroxamate,NIS,O=C1CCC(=O)N(O)CCCCCNC(=O)CCC(=O)N(O)CCSCCNC(=O)CCC(=O)N(O)CCSCCN1,"NOH-DAT, Suc, Suc, Suc, NOH-Cad, NOH-DAT",6,1,0,C25H44N6O9S2,636.782367,Streptomyces olivaceus,1,0,0,0,1,0,0,0,0,0,0,0,0,0,0,0,Actinomycetota,Lys derivatives,,,,,,,,"Fiedler, H-P., et al. ""Identificationof ferrioxamines by high-performance liquid chromatography and diode-array detection."" Journal of Chromatography A 513 (1990): 255-262.","Barona-Gómez, Francisco, et al. ""Identification of a Cluster of Genes that Directs Desferrioxamine Biosynthesis in Streptomyces c oelicolor M145."" Journal of the American Chemical Society 126.50 (2004): 16282-16283.; Ronan, Jade L., et al. ""Desferrioxamine biosynthesis: diverse hydroxamate assembly by substrate-tolerant acyl transferase DesC."" Philosophical Transactions of the Royal Society B: Biological Sciences 373.1748 (2018): 20170068.",,,,,25,44,6,9,2,0.568181818,4.166666667,2.777777778,12.5,Ruolin He,3,3,20,-3.296,3.983250117
29,Desferrioxamine T8,Ferrioxamine T8; Proferrioxamine T8,1,4,0,0,0,0,0,0,0,0,0,0,0,0,0,8,Hydroxamate,NIS,O=C1CCC(=O)N(O)CCCNC(=O)CCC(=O)N(O)CCCCCNC(=O)CCC(=O)N(O)CCCCCNC(=O)CCC(=O)N(O)CCCCCCNC1,"NOH-DAP, Suc, X0, Suc, NOH-Cad, Suc, NOH-Cad, Suc",8,0.821428571,1,C36H64N8O12,800.941348,Erwinia amylovora,1,0,0,0,0,0,0,1,0,0,0,0,0,0,0,0,Pseudomonadota,Lys derivatives,,,,,,,,"Feistner, Gottfried J., Douglas C. Stahl, and Ann H. Gabrik. ""Proferrioxamine siderophores of Erwinia amylovora. A capillary liquid chromatographic/electrospray tandem mass spectrometric study."" Organic mass spectrometry 28.3 (1993): 163-175.","Barona-Gómez, Francisco, et al. ""Identification of a Cluster of Genes that Directs Desferrioxamine Biosynthesis in Streptomyces c oelicolor M145."" Journal of the American Chemical Society 126.50 (2004): 16282-16283.; Ronan, Jade L., et al. ""Desferrioxamine biosynthesis: diverse hydroxamate assembly by substrate-tolerant acyl transferase DesC."" Philosophical Transactions of the Royal Society B: Biological Sciences 373.1748 (2018): 20170068.",,,,,36,64,8,12,0,0.5625,4.5,3,0,Shaohua Gu; Ruolin He,3,3,19,-3.273,3.629043971
753,Bisucaberin 03,,1,2,0,0,0,0,0,0,0,0,0,0,0,0,0,4,Hydroxamate,NIS,O=C1CCNC(=O)CCCC(=O)N(O)CCCCCNC(=O)CCC(=O)N(O)CC1,"NOH-Cad, Suc, NOH-4-oxo-Cad, Pda",4,1,0,C19H32N4O7,428.480819,Streptomyces chartreusis NRRL 3882,1,0,0,0,1,0,0,0,0,0,0,0,0,0,0,0,Actinomycetota,Lys derivatives,,,,,,,,"Senges, Christoph HR, et al. ""The secreted metabolome of Streptomyces chartreusis and implications for bacterial chemistry."" Proceedings of the National Academy of Sciences 115.10 (2018): 2490-2495.",,,,,,19,32,4,7,0,0.59375,4.75,2.714285714,0,Yanzhao Wu; Jiqi Shao; Ruolin He,3,3,26,-2.193,4.694419432
28,Desferrioxamine P1,Ferrioxamine P1; Proferrioxamine P1,1,3,0,0,0,0,0,0,0,0,0,0,0,0,0,6,Hydroxamate,NIS,O=C1CCC(=O)N(O)CCCCCNC(=O)CCC(=O)N(O)CC(=O)NCCNC(=O)CCC(=O)N(O)CCCCCN1,"Dae, Suc, NOH-Cad, Suc, NOH-Gly, Suc, NOH-Cad",7,1,0,C26H45N7O10,615.677556,Streptomyces olivaceus,1,0,0,0,1,0,0,0,0,0,0,0,0,0,0,0,Actinomycetota,Lys derivatives,,,,,,,,"Fiedler, H-P., et al. ""Identificationof ferrioxamines by high-performance liquid chromatography and diode-array detection."" Journal of Chromatography A 513 (1990): 255-262.","Barona-Gómez, Francisco, et al. ""Identification of a Cluster of Genes that Directs Desferrioxamine Biosynthesis in Streptomyces c oelicolor M145."" Journal of the American Chemical Society 126.50 (2004): 16282-16283.; Ronan, Jade L., et al. ""Desferrioxamine biosynthesis: diverse hydroxamate assembly by substrate-tolerant acyl transferase DesC."" Philosophical Transactions of the Royal Society B: Biological Sciences 373.1748 (2018): 20170068.",,,,,26,45,7,10,0,0.577777778,3.714285714,2.6,0,Ruolin He,3,3,18,-2.637,4.038613314
27,Desferrioxamine X2,Ferrioxamine X2; Proferrioxamine X2,4,3,0,0,0,0,0,0,0,0,0,0,0,0,0,6,Hydroxamate,NIS,O=C1CCC(=O)N(O)CCCCNC(=O)CCC(=O)N(O)CCCCNC(=O)CCC(=O)N(O)CCCCN1,"NOH-Put, Suc, Suc, NOH-Put, Suc, NOH-Put",6,1,0,C24H42N6O9,558.626145,Streptomyces olivaceus; Erwinia amylovora; Pseudomonas stutzeri KC; Stutzerimonas stutzeri CTN1,1,0,0,0,0.25,0,0,0.75,0,0,0,0,0,0,0,0,Actinomycetota/Pseudomonadota,Lys derivatives,,,,,,,,"Meiwes, Johannes, et al. ""Production of desferrioxamine E and new analogues by directed fermentation and feeding fermentation."" Applied microbiology and biotechnology 32 (1990): 505-510.; Zawadzka, Anna M., et al. ""Identification of siderophores of Pseudomonas stutzeri."" Canadian journal of microbiology 52.12 (2006): 1164-1176.; Hider, Robert C., and Xiaole Kong. ""Chemistry and biology of siderophores."" Natural product reports 27.5 (2010): 637-657.","Barona-Gómez, Francisco, et al. ""Identification of a Cluster of Genes that Directs Desferrioxamine Biosynthesis in Streptomyces c oelicolor M145."" Journal of the American Chemical Society 126.50 (2004): 16282-16283.; Ronan, Jade L., et al. ""Desferrioxamine biosynthesis: diverse hydroxamate assembly by substrate-tolerant acyl transferase DesC."" Philosophical Transactions of the Royal Society B: Biological Sciences 373.1748 (2018): 20170068.",,,,,24,42,6,9,0,0.571428571,4,2.666666667,0,Shaohua Gu; Ruolin He,3,3,17,-2.532,4.203431802
26,Putrebactin,,1,2,0,0,0,0,0,0,0,0,0,0,0,0,0,4,Hydroxamate,NIS,O=C1CCC(=O)N(O)CCCCNC(=O)CCC(=O)N(O)CCCCN1,"NOH-Put, Suc, NOH-Put, Suc",4,1,0,C16H28N4O6,372.41743,Shewanella putrefaciens,1,0,0,0,0,0,0,1,0,0,0,0,0,0,0,0,Pseudomonadota,Orn derivatives,,,,,,,,"Ledyard, Kathleen M., and Alison Butler. ""Structure of putrebactin, a new dihydroxamate siderophore produced by Shewanella putrefaciens."" JBIC Journal of Biological Inorganic Chemistry 2 (1997): 93-97.; Robbel, Lars, et al. ""Erythrochelin–a hydroxamate‐type siderophore predicted from the genome of Saccharopolyspora erythraea."" The FEBS Journal 277.3 (2010): 663-676.",,,,,,16,28,4,6,0,0.571428571,4,2.666666667,0,Shaohua Gu; Ruolin He,3,3,16,-1.803,4.980994793
25,Desferrioxamine T1,Ferrioxamine T1; Proferrioxamine T1,1,4,0,0,0,0,0,0,0,0,0,0,0,0,0,8,Hydroxamate,NIS,O=C1CCC(=O)N(O)CCCCCNC(=O)CCC(=O)N(O)CCCCCNC(=O)CCC(=O)N(O)CCCCCNC(=O)CCC(=O)N(O)CCCCCN1,"NOH-Cad, Suc, NOH-Cad, Suc, NOH-Cad, Suc, NOH-Cad, Suc",8,1,0,C36H64N8O12,800.941348,Erwinia amylovora,1,0,0,0,0,0,0,1,0,0,0,0,0,0,0,0,Pseudomonadota,Lys derivatives,,,,,,,,"Feistner, Gottfried J., Douglas C. Stahl, and Ann H. Gabrik. ""Proferrioxamine siderophores of Erwinia amylovora. A capillary liquid chromatographic/electrospray tandem mass spectrometric study."" Organic mass spectrometry 28.3 (1993): 163-175.","Barona-Gómez, Francisco, et al. ""Identification of a Cluster of Genes that Directs Desferrioxamine Biosynthesis in Streptomyces c oelicolor M145."" Journal of the American Chemical Society 126.50 (2004): 16282-16283.; Ronan, Jade L., et al. ""Desferrioxamine biosynthesis: diverse hydroxamate assembly by substrate-tolerant acyl transferase DesC."" Philosophical Transactions of the Royal Society B: Biological Sciences 373.1748 (2018): 20170068.",,,,,36,64,8,12,0,0.5625,4.5,3,0,Shaohua Gu; Ruolin He,3,3,15,-3.682,3.629043971
20,Desferrioxamine X4,Ferrioxamine X4; Proferrioxamine X4,2,3,0,0,0,0,0,0,0,0,0,0,0,0,0,6,Hydroxamate,NIS,O=C1CCC(=O)N(O)CCCCCCNC(=O)CCC(=O)N(O)CCCCCNC(=O)CCC(=O)N(O)CCCCCCN1,"NOH-Had, Suc, Suc, NOH-Had, Suc, NOH-Cad",6,1,0,C29H52N6O9,628.759255,Streptomyces olivaceus; Erwinia amylovora,1,0,0,0,0.5,0,0,0.5,0,0,0,0,0,0,0,0,Actinomycetota/Pseudomonadota,Lys derivatives,,,,,,,,"Meiwes, Johannes, et al. ""Production of desferrioxamine E and new analogues by directed fermentation and feeding fermentation."" Applied microbiology and biotechnology 32 (1990): 505-510.; Hider, Robert C., and Xiaole Kong. ""Chemistry and biology of siderophores."" Natural product reports 27.5 (2010): 637-657.","Barona-Gómez, Francisco, et al. ""Identification of a Cluster of Genes that Directs Desferrioxamine Biosynthesis in Streptomyces c oelicolor M145."" Journal of the American Chemical Society 126.50 (2004): 16282-16283.; Ronan, Jade L., et al. ""Desferrioxamine biosynthesis: diverse hydroxamate assembly by substrate-tolerant acyl transferase DesC."" Philosophical Transactions of the Royal Society B: Biological Sciences 373.1748 (2018): 20170068.",,,,,29,52,6,9,0,0.557692308,4.833333333,3.222222222,0,Shaohua Gu; Ruolin He,3,3,10,-3.393,4.003973353
21,Desferrioxamine X3,Ferrioxamine X3; Proferrioxamine X3,2,3,0,0,0,0,0,0,0,0,0,0,0,0,0,6,Hydroxamate,NIS,O=C1CCC(=O)N(O)CCCCCCNC(=O)CCC(=O)N(O)CCCCCNC(=O)CCC(=O)N(O)CCCCCN1,"NOH-Cad, Suc, NOH-Cad, Suc, NOH-Had, Suc",6,1,0,C28H50N6O9,614.732633,Streptomyces olivaceus; Erwinia amylovora,1,0,0,0,0.5,0,0,0.5,0,0,0,0,0,0,0,0,Actinomycetota/Pseudomonadota,Lys derivatives,,,,,,,,"Meiwes, Johannes, et al. ""Production of desferrioxamine E and new analogues by directed fermentation and feeding fermentation."" Applied microbiology and biotechnology 32 (1990): 505-510.; Hider, Robert C., and Xiaole Kong. ""Chemistry and biology of siderophores."" Natural product reports 27.5 (2010): 637-657.","Barona-Gómez, Francisco, et al. ""Identification of a Cluster of Genes that Directs Desferrioxamine Biosynthesis in Streptomyces c oelicolor M145."" Journal of the American Chemical Society 126.50 (2004): 16282-16283.; Ronan, Jade L., et al. ""Desferrioxamine biosynthesis: diverse hydroxamate assembly by substrate-tolerant acyl transferase DesC."" Philosophical Transactions of the Royal Society B: Biological Sciences 373.1748 (2018): 20170068.",,,,,28,50,6,9,0,0.56,4.666666667,3.111111111,0,Shaohua Gu; Ruolin He,3,3,11,-3.21,4.041157502
17,Desferrioxamine D2,Ferrioxamine D2; Proferrioxamine D2; Desmethylenylnocardamine,18,3,0,0,0,0,0,0,0,0,0,0,0,0,0,6,Hydroxamate,NIS,O=C1CCC(=O)N(O)CCCCCNC(=O)CCC(=O)N(O)CCCCNC(=O)CCC(=O)N(O)CCCCCN1,"NOH-Cad, Suc, NOH-Put, Suc, NOH-Cad, Suc",6,1,0,C26H46N6O9,586.679389,Streptomyces olivaceus; Nocardia sp.; Streptomyces sp.; Pantoea agglomerans ATCC 27155; Pseudomonas stutzeri KC; Stutzerimonas stutzeri CTN1; Pseudomonas stutzeri ATCC 17588; Stutzerimonas stutzeri ATCC 17589; Stutzerimonas stutzeri ATCC 17594; Stutzerimonas stutzeri ATCC 27951; Stutzerimonas stutzeri ATCC 27951; Stutzerimonas stutzeri ATCC 17587; Stutzerimonas stutzeri ATCC 17591; Stutzerimonas stutzeri ATCC 11607; Stutzerimonas stutzeri 19SMN4; Stutzerimonas stutzeri ATCC 17595; Stutzerimonas stutzeri DNSP21; Streptomyces chartreusis NRRL 3882,1,0,0,0,0.222222222,0,0,0.777777778,0,0,0,0,0,0,0,0,Actinomycetota/Pseudomonadota,Lys derivatives,,,,,,,,"Keller‐Schierlein, W., et al. ""Stoffwechselprodukte von Mikroorganismen 49. Mitteilung. Die Ferrioxamine A1, A2 und D2."" Helvetica Chimica Acta 48.4 (1965): 710-723.; Feistner, Gottfried J., and Carol Ishimaru. ""Proferrioxamine profiles of Erwinia herbicola and related bacteria."" BioMetals 9 (1996): 337-344.; Zawadzka, Anna M., et al. ""Identification of siderophores of Pseudomonas stutzeri."" Canadian journal of microbiology 52.12 (2006): 1164-1176.; Hider, Robert C., and Xiaole Kong. ""Chemistry and biology of siderophores."" Natural product reports 27.5 (2010): 637-657.; Senges, Christoph HR, et al. ""The secreted metabolome of Streptomyces chartreusis and implications for bacterial chemistry."" Proceedings of the National Academy of Sciences 115.10 (2018): 2490-2495.","Barona-Gómez, Francisco, et al. ""Identification of a Cluster of Genes that Directs Desferrioxamine Biosynthesis in Streptomyces c oelicolor M145."" Journal of the American Chemical Society 126.50 (2004): 16282-16283.; Ronan, Jade L., et al. ""Desferrioxamine biosynthesis: diverse hydroxamate assembly by substrate-tolerant acyl transferase DesC."" Philosophical Transactions of the Royal Society B: Biological Sciences 373.1748 (2018): 20170068.",,,,,26,46,6,9,0,0.565217391,4.333333333,2.888888889,0,Shaohua Gu; Ruolin He,3,3,7,-2.859,4.119425309
22,Desferrioxamine X1,Ferrioxamine X1; Proferrioxamine X1,14,3,0,0,0,0,0,0,0,0,0,0,0,0,0,6,Hydroxamate,NIS,O=C1CCC(=O)N(O)CCCCCNC(=O)CCC(=O)N(O)CCCCNC(=O)CCC(=O)N(O)CCCCN1,"NOH-Put, Suc, NOH-Put, Suc, NOH-Cad, Suc",6,1,0,C25H44N6O9,572.652767,Streptomyces olivaceus; Erwinia amylovora; Pseudomonas stutzeri KC; Stutzerimonas stutzeri CTN1; Pseudomonas stutzeri ATCC 17588; Stutzerimonas stutzeri ATCC 17589; Stutzerimonas stutzeri ATCC 27951; Stutzerimonas stutzeri ATCC 27951; Stutzerimonas stutzeri ATCC 17587; Stutzerimonas stutzeri ATCC 17591; Stutzerimonas stutzeri ATCC 11607; Stutzerimonas stutzeri ATCC 17595; Stutzerimonas stutzeri DNSP21; Streptomyces chartreusis NRRL 3882,1,0,0,0,0.142857143,0,0,0.857142857,0,0,0,0,0,0,0,0,Actinomycetota/Pseudomonadota,Lys derivatives,,,,,,,,"Meiwes, Johannes, et al. ""Production of desferrioxamine E and new analogues by directed fermentation and feeding fermentation."" Applied microbiology and biotechnology 32 (1990): 505-510.; Zawadzka, Anna M., et al. ""Identification of siderophores of Pseudomonas stutzeri."" Canadian journal of microbiology 52.12 (2006): 1164-1176.; Hider, Robert C., and Xiaole Kong. ""Chemistry and biology of siderophores."" Natural product reports 27.5 (2010): 637-657.; Senges, Christoph HR, et al. ""The secreted metabolome of Streptomyces chartreusis and implications for bacterial chemistry."" Proceedings of the National Academy of Sciences 115.10 (2018): 2490-2495.","Barona-Gómez, Francisco, et al. ""Identification of a Cluster of Genes that Directs Desferrioxamine Biosynthesis in Streptomyces c oelicolor M145."" Journal of the American Chemical Society 126.50 (2004): 16282-16283.; Ronan, Jade L., et al. ""Desferrioxamine biosynthesis: diverse hydroxamate assembly by substrate-tolerant acyl transferase DesC."" Philosophical Transactions of the Royal Society B: Biological Sciences 373.1748 (2018): 20170068.",,,,,25,44,6,9,0,0.568181818,4.166666667,2.777777778,0,Shaohua Gu; Ruolin He,3,3,12,-2.692,4.160667291
19,Bisucaberin,,4,2,0,0,0,0,0,0,0,0,0,0,0,0,0,4,Hydroxamate,NIS,O=C1CCC(=O)N(O)CCCCCNC(=O)CCC(=O)N(O)CCCCCN1,"NOH-Cad, Suc, NOH-Cad, Suc",4,1,0,C18H32N4O6,400.470674,Pseudoalteromonas haloplanktis; Aliivibrio salmonicida; Streptomyces chartreusis NRRL 3882; Elizabethkingia anophelis Ag1,1,0,0,0,0.25,0,0,0.5,0.25,0,0,0,0,0,0,0,Pseudomonadota/Actinomycetota/Bacteroidota,Lys derivatives,,,,,,,,"TAKAHASHI, ATSUSHI, et al. ""Bisucaberin, a new siderophore, sensitizing tumor cells to macrophage-mediated cytolysis II. Physico-chemical properties and structure determination."" The Journal of antibiotics 40.12 (1987): 1671-1676.; Haygood, Margo G., Pamela D. Holt, and Alison Butler. ""Aerobactin production by a planktonic marine Vibrio sp."" Limnology and Oceanography 38.5 (1993): 1091-1097.; Winkelmann, Günther, et al. ""Bisucaberin–a dihydroxamate siderophore isolated from Vibrio salmonicida, an important pathogen of farmed Atlantic salmon (Salmo salar)."" Biometals 15 (2002): 153-160.; De Carvalho, Carla CCR, and Pedro Fernandes. ""Production of metabolites as bacterial responses to the marine environment."" Marine drugs 8.3 (2010): 705-727.; Senges, Christoph HR, et al. ""The secreted metabolome of Streptomyces chartreusis and implications for bacterial chemistry."" Proceedings of the National Academy of Sciences 115.10 (2018): 2490-2495.; Ganley, Jack G., et al. ""A systematic analysis of mosquito-microbiome biosynthetic gene clusters reveals antimalarial siderophores that reduce mosquito reproduction capacity."" Cell Chemical Biology 27.7 (2020): 817-826.",,,,,,18,32,4,6,0,0.5625,4.5,3,0,Shaohua Gu; Ruolin He,3,3,9,-2.156,4.830095413
23,Desferrioxamine T7,Ferrioxamine T7; Proferrioxamine T7,1,4,0,0,0,0,0,0,0,0,0,0,0,0,0,8,Hydroxamate,NIS,O=C1CCC(=O)N(O)CCCCCCNC(=O)CCC(=O)N(O)CCCCNC(=O)CCC(=O)N(O)CCCCCNC(=O)CCC(=O)N(O)CCCCCN1,"NOH-Had, Suc, NOH-Put, NOH-Cad, Suc, Suc, Suc, NOH-Cad",8,1,0,C36H64N8O12,800.941348,Erwinia amylovora,1,0,0,0,0,0,0,1,0,0,0,0,0,0,0,0,Pseudomonadota,Lys derivatives,,,,,,,,"Feistner, Gottfried J., Douglas C. Stahl, and Ann H. Gabrik. ""Proferrioxamine siderophores of Erwinia amylovora. A capillary liquid chromatographic/electrospray tandem mass spectrometric study."" Organic mass spectrometry 28.3 (1993): 163-175.","Barona-Gómez, Francisco, et al. ""Identification of a Cluster of Genes that Directs Desferrioxamine Biosynthesis in Streptomyces c oelicolor M145."" Journal of the American Chemical Society 126.50 (2004): 16282-16283.; Ronan, Jade L., et al. ""Desferrioxamine biosynthesis: diverse hydroxamate assembly by substrate-tolerant acyl transferase DesC."" Philosophical Transactions of the Royal Society B: Biological Sciences 373.1748 (2018): 20170068.",,,,,36,64,8,12,0,0.5625,4.5,3,0,Shaohua Gu; Ruolin He,3,3,13,-3.682,3.629043971
16,Desferrioxamine E,Ferrioxamine E; Nocardamin; Nocardamine; Proferrioxamine E; Desferri-ferrioxamine B,29,3,0,0,0,0,0,0,0,0,0,0,0,0,0,6,Hydroxamate,NIS,O=C1CCC(=O)N(O)CCCCCNC(=O)CCC(=O)N(O)CCCCCNC(=O)CCC(=O)N(O)CCCCCN1,"NOH-Cad, Suc, NOH-Cad, Suc, NOH-Cad, Suc",6,1,0,C27H48N6O9,600.706011,Erwinia amylovora; Stutzerimonas stutzeri; Streptomyces coelicolor A3(2); Streptomyces olivaceus; Nocardia sp.; Streptomyces sp.; Citricoccus sp. KMM 3890; Kribbella speibonae SK5; Pantoea agglomerans ATCC 27155; Pseudomonas stutzeri KC; Stutzerimonas stutzeri CTN1; Pseudomonas stutzeri ATCC 17588; Stutzerimonas stutzeri ATCC 17589; Stutzerimonas stutzeri ATCC 17594; Stutzerimonas stutzeri ATCC 27951; Stutzerimonas stutzeri ATCC 27951; Stutzerimonas stutzeri ATCC 17587; Stutzerimonas stutzeri ATCC 17591; Stutzerimonas stutzeri ATCC 11607; Stutzerimonas stutzeri 19SMN4; Stutzerimonas stutzeri ATCC 17595; Stutzerimonas stutzeri DNSP21; Chromobacterium violaceum; Gordonia rubripertincta CWB2; Streptomyces sp. CC77; Streptomyces sp. CC71; Streptomyces sp. CC53; Streptomyces chartreusis NRRL 3882; Streptomyces atratus ZH16NS,1,0,0,0,0.413793103,0,0,0.586206897,0,0,0,0,0,0,0,0,Pseudomonadota/Actinomycetota,Lys derivatives,,,,,,,,"Keller‐Schierlein, W., and V. Prelog. ""Stoffwechselprodukte von Actinomyceten. 34. Mitteilung. Ferrioxamin G."" Helvetica Chimica Acta 45.2 (1962): 590-595.; Müller, A., and H. Zähner. ""Stoffwechselprodukte von Mikroorganismen."" Archiv für Mikrobiologie 62.3 (1968): 257-263.; Feistner, Gottfried J., and Carol Ishimaru. ""Proferrioxamine profiles of Erwinia herbicola and related bacteria."" BioMetals 9 (1996): 337-344.; Zawadzka, Anna M., et al. ""Identification of siderophores of Pseudomonas stutzeri."" Canadian journal of microbiology 52.12 (2006): 1164-1176.; Essén, Sofia A., et al. ""Siderophore production by Pseudomonas stutzeri under aerobic and anaerobic conditions."" Applied and environmental microbiology 73.18 (2007): 5857-5864.; Hider, Robert C., and Xiaole Kong. ""Chemistry and biology of siderophores."" Natural product reports 27.5 (2010): 637-657.; Patel, Prakash, Lijiang Song, and Gregory L. Challis. ""Distinct extracytoplasmic siderophore binding proteins recognize ferrioxamines and ferricoelichelin in Streptomyces coelicolor A3 (2)."" Biochemistry 49.37 (2010): 8033-8042.; Robbel, Lars, et al. ""Erythrochelin–a hydroxamate‐type siderophore predicted from the genome of Saccharopolyspora erythraea."" The FEBS Journal 277.3 (2010): 663-676.; Kalinovskaya, Nataliya I., et al. ""Marine isolate Citricoccus sp. KMM 3890 as a source of a cyclic siderophore nocardamine with antitumor activity."" Microbiological research 166.8 (2011): 654-661.; Smits, Theo HM, and Brion Duffy. ""Genomics of iron acquisition in the plant pathogen Erwinia amylovora: insights in the biosynthetic pathway of the siderophore desferrioxamine E."" Archives of microbiology 193.10 (2011): 693-699.; Cruz-Morales, Pablo, et al. ""Actinobacteria phylogenomics, selective isolation from an iron oligotrophic environment and siderophore functional characterization, unveil new desferrioxamine traits."" FEMS Microbiology Ecology 93.9 (2017): fix086.; Li, Yan, et al. ""Genome sequencing of Streptomyces atratus SCSIOZH16 and activation production of nocardamine via metabolic engineering."" Frontiers in Microbiology 9 (2018): 1269.; Senges, Christoph HR, et al. ""The secreted metabolome of Streptomyces chartreusis and implications for bacterial chemistry."" Proceedings of the National Academy of Sciences 115.10 (2018): 2490-2495.; Acquah, Kojo Sekyi, et al. ""Novel South African rare actinomycete Kribbella speibonae strain SK5: a prolific producer of hydroxamate siderophores including new dehydroxylated congeners."" Molecules 25.13 (2020): 2979.; Schwabe, Ringo, et al. ""Cultivation dependent formation of siderophores by Gordonia rubripertincta CWB2."" Microbiological Research 238 (2020): 126481.","Barona-Gómez, Francisco, et al. ""Identification of a Cluster of Genes that Directs Desferrioxamine Biosynthesis in Streptomyces c oelicolor M145."" Journal of the American Chemical Society 126.50 (2004): 16282-16283.; Ronan, Jade L., et al. ""Desferrioxamine biosynthesis: diverse hydroxamate assembly by substrate-tolerant acyl transferase DesC."" Philosophical Transactions of the Royal Society B: Biological Sciences 373.1748 (2018): 20170068.","Hider, Robert C., and Xiaole Kong. ""Chemistry and biology of siderophores."" Natural product reports 27.5 (2010): 637-657.",32.5,26.6,,27,48,6,9,0,0.5625,4.5,3,0,Shaohua Gu; Ruolin He,3,3,6,-3.032,4.079616185
24,Desferrioxamine T2,Ferrioxamine T2; Proferrioxamine T2,1,4,0,0,0,0,0,0,0,0,0,0,0,0,0,8,Hydroxamate,NIS,O=C1CCC(=O)N(O)CCCCCNC(=O)CCC(=O)N(O)CCCCCNC(=O)CCC(=O)N(O)CCCCNC(=O)CCC(=O)N(O)CCCCCN1,"NOH-Cad, Suc, NOH-Put, Suc, NOH-Cad, Suc, NOH-Cad, Suc",8,1,0,C35H62N8O12,786.914726,Erwinia amylovora,1,0,0,0,0,0,0,1,0,0,0,0,0,0,0,0,Pseudomonadota,Lys derivatives,,,,,,,,"Feistner, Gottfried J., Douglas C. Stahl, and Ann H. Gabrik. ""Proferrioxamine siderophores of Erwinia amylovora. A capillary liquid chromatographic/electrospray tandem mass spectrometric study."" Organic mass spectrometry 28.3 (1993): 163-175.","Barona-Gómez, Francisco, et al. ""Identification of a Cluster of Genes that Directs Desferrioxamine Biosynthesis in Streptomyces c oelicolor M145."" Journal of the American Chemical Society 126.50 (2004): 16282-16283.; Ronan, Jade L., et al. ""Desferrioxamine biosynthesis: diverse hydroxamate assembly by substrate-tolerant acyl transferase DesC."" Philosophical Transactions of the Royal Society B: Biological Sciences 373.1748 (2018): 20170068.",,,,,35,62,8,12,0,0.564516129,4.375,2.916666667,0,Shaohua Gu; Ruolin He,3,3,14,-3.529,3.654994065
18,Terragine E,Dehydroxynocardamine; Desoxy-nocardamine; Desoxynocardamine; Desferrioxamine 03,3,2,0,0,0,0,0,0,0,0,0,0,0,0,0,4,Hydroxamate,NIS,O=C1CCC(=O)NCCCCCN(O)C(=O)CCC(=O)NCCCCCN(O)C(=O)CCC(=O)NCCCCCN1,"Cad, Suc, NOH-Cad, Suc, NOH-Cad, Suc",6,1,0,C27H48N6O8,584.706606,Streptomyces sp.; Kribbella speibonae SK5; Streptomyces chartreusis NRRL 3882,1,0,0,0,1,0,0,0,0,0,0,0,0,0,0,0,Actinomycetota,Lys derivatives,,,,,,,,"Lee, Hyi-Seung, et al. ""Cyclic peptides of the nocardamine class from a marine-derived bacterium of the genus Streptomyces."" Journal of natural products 68.4 (2005): 623-625.; Senges, Christoph HR, et al. ""The secreted metabolome of Streptomyces chartreusis and implications for bacterial chemistry."" Proceedings of the National Academy of Sciences 115.10 (2018): 2490-2495.; Acquah, Kojo Sekyi, et al. ""Novel South African rare actinomycete Kribbella speibonae strain SK5: a prolific producer of hydroxamate siderophores including new dehydroxylated congeners."" Molecules 25.13 (2020): 2979.",,,,,,27,48,6,8,0,0.5625,4.5,3.375,0,Ruolin He,3,3,8,-3.09,4.125137243
15,Avaroferrin,,1,2,0,0,0,0,0,0,0,0,0,0,0,0,0,4,Hydroxamate,NIS,O=C1CCC(=O)N(O)CCCCCNC(=O)CCC(=O)N(O)CCCCN1,"NOH-Put, Suc, Suc, NOH-Cad",4,1,0,C17H30N4O6,386.444052,Shewanella algae B516,1,0,0,0,0,0,0,1,0,0,0,0,0,0,0,0,Pseudomonadota,Lys derivatives; Orn derivatives,,,,,,,,"Böttcher, Thomas, and Jon Clardy. ""A chimeric siderophore halts swarming Vibrio."" Angewandte Chemie International Edition 53.13 (2014): 3510-3513.","Böttcher, Thomas, and Jon Clardy. ""A chimeric siderophore halts swarming Vibrio."" Angewandte Chemie International Edition 53.13 (2014): 3510-3513.",,,,,17,30,4,6,0,0.566666667,4.25,2.833333333,0,Ruolin He,3,3,5,-1.973,4.903495592
779,Desferrioxamine X7,Ferrioxamine X7; Proferrioxamine X7,2,3,0,0,0,0,0,0,0,0,0,0,0,0,0,6,Hydroxamate,NIS,O=C1CCC(=O)N(O)CCCCCNC(=O)CCC(=O)N(O)CCCNC(=O)CCC(=O)N(O)CCCCCN1,"NOH-DAP, Suc, Suc, NOH-Cad, Suc, NOH-Cad",6,1,0,C25H44N6O9,572.652767,Erwinia amylovora; Streptomyces chartreusis NRRL 3882,1,0,0,0,0.5,0,0,0.5,0,0,0,0,0,0,0,0,Pseudomonadota/Actinomycetota,Dab derivatives; Lys derivatives,,,,,,,,"Feistner, Gottfried J., Douglas C. Stahl, and Ann H. Gabrik. ""Proferrioxamine siderophores of Erwinia amylovora. A capillary liquid chromatographic/electrospray tandem mass spectrometric study."" Organic mass spectrometry 28.3 (1993): 163-175.; Senges, Christoph HR, et al. ""The secreted metabolome of Streptomyces chartreusis and implications for bacterial chemistry."" Proceedings of the National Academy of Sciences 115.10 (2018): 2490-2495.","Barona-Gómez, Francisco, et al. ""Identification of a Cluster of Genes that Directs Desferrioxamine Biosynthesis in Streptomyces c oelicolor M145."" Journal of the American Chemical Society 126.50 (2004): 16282-16283.; Ronan, Jade L., et al. ""Desferrioxamine biosynthesis: diverse hydroxamate assembly by substrate-tolerant acyl transferase DesC."" Philosophical Transactions of the Royal Society B: Biological Sciences 373.1748 (2018): 20170068.",,,,,25,44,6,9,0,0.568181818,4.166666667,2.777777778,0,Yanzhao Wu; Jiqi Shao; Ruolin He,3,3,27,-2.693,4.160667291
14,Desferrioxamine T3,Ferrioxamine T3; Proferrioxamine T3,1,4,0,0,0,0,0,0,0,0,0,0,0,0,0,8,Hydroxamate,NIS,O=C1CCC(=O)N(O)CCCCCCCNC(=O)CCC(=O)N(O)CCCNC(=O)CCC(=O)N(O)CCCCCNC(=O)CCC(=O)N(O)CCCCCN1,"NOH-DAP, Suc, NOH-Dah, Suc, NOH-Cad, Suc, NOH-Cad, Suc",8,1,0,C36H64N8O12,800.941348,Erwinia amylovora,1,0,0,0,0,0,0,1,0,0,0,0,0,0,0,0,Pseudomonadota,Lys derivatives,,,,,,,,"Feistner, Gottfried J., Douglas C. Stahl, and Ann H. Gabrik. ""Proferrioxamine siderophores of Erwinia amylovora. A capillary liquid chromatographic/electrospray tandem mass spectrometric study."" Organic mass spectrometry 28.3 (1993): 163-175.","Barona-Gómez, Francisco, et al. ""Identification of a Cluster of Genes that Directs Desferrioxamine Biosynthesis in Streptomyces c oelicolor M145."" Journal of the American Chemical Society 126.50 (2004): 16282-16283.; Ronan, Jade L., et al. ""Desferrioxamine biosynthesis: diverse hydroxamate assembly by substrate-tolerant acyl transferase DesC."" Philosophical Transactions of the Royal Society B: Biological Sciences 373.1748 (2018): 20170068.",,,,,36,64,8,12,0,0.5625,4.5,3,0,Shaohua Gu; Ruolin He,3,3,4,-3.683,3.629043971
751,Bisucaberin 01,,1,2,0,0,0,0,0,0,0,0,0,0,0,0,0,4,Hydroxamate,NIS,O=C1CCC(=O)N(O)CCCCCNC(=O)CCC(=O)N(O)CCCCCNC(=O)C1,"NOH-Cad, Suc, NAc-7OH-Cad, Suc",4,1,0,C20H34N4O7,442.507441,Streptomyces chartreusis NRRL 3882,1,0,0,0,1,0,0,0,0,0,0,0,0,0,0,0,Actinomycetota,Lys derivatives,,,,,,,,"Senges, Christoph HR, et al. ""The secreted metabolome of Streptomyces chartreusis and implications for bacterial chemistry."" Proceedings of the National Academy of Sciences 115.10 (2018): 2490-2495.",,,,,,20,34,4,7,0,0.588235294,5,2.857142857,0,Yanzhao Wu; Jiqi Shao; Ruolin He,3,3,28,-2.396,4.631347353
773,Desferrioxamine 02,,1,3,0,0,0,0,0,0,0,0,0,0,0,0,0,6,Hydroxamate,NIS,O=C1CCC(=O)N(O)CCCCCNC(=O)CCC(=O)N(O)CCCCCNC(=O)CCC(=O)N(O)CC/C=C\CN1,"X0, Suc, NOH-Cad, Suc, NOH-Cad, Suc",6,0.80952381,1,C27H46N6O9,598.690129,Streptomyces chartreusis NRRL 3882,1,0,0,0,1,0,0,0,0,0,0,0,0,0,0,0,Actinomycetota,Lys derivatives,,,,,,,,"Senges, Christoph HR, et al. ""The secreted metabolome of Streptomyces chartreusis and implications for bacterial chemistry."" Proceedings of the National Academy of Sciences 115.10 (2018): 2490-2495.",,,,,,27,46,6,9,0,0.586956522,4.5,3,0,Yanzhao Wu; Jiqi Shao; Ruolin He,3,3,29,-3.013,4.08525253
11,E-putrebactene,,1,2,0,0,0,0,0,0,0,0,0,0,0,0,0,4,Hydroxamate,NIS,O=C1CCC(=O)N(O)CCCCNC(=O)CCC(=O)N(O)C/C=C/CN1,"NOH-Put, Suc, X0, Suc",4,0.730769231,1,C16H26N4O6,370.401548,Shewanella putrefaciens,1,0,0,0,0,0,0,1,0,0,0,0,0,0,0,0,Pseudomonadota,Orn derivatives,,,,,,,,"Soe, Cho Z., and Rachel Codd. ""Unsaturated macrocyclic dihydroxamic acid siderophores produced by Shewanella putrefaciens using precursor-directed biosynthesis."" ACS chemical biology 9.4 (2014): 945-956.",,,,,,16,26,4,6,0,0.615384615,4,2.666666667,0,Ruolin He,3,3,1,-1.824,4.992492642
758,Bisucaberin 08,,1,1,0,0,0,0,0,0,0,0,0,0,0,0,0,2,Hydroxamate,NIS,O=C1/C=C\C(=O)NC(=O)CCC(=O)N(O)CCCCCN1,"SucAA, ButEnA, NOH-Cad",3,1,0,C13H19N3O5,297.307633,Streptomyces chartreusis NRRL 3882,1,0,0,0,1,0,0,0,0,0,0,0,0,0,0,0,Actinomycetota,Lys derivatives,,,,,,,,"Senges, Christoph HR, et al. ""The secreted metabolome of Streptomyces chartreusis and implications for bacterial chemistry."" Proceedings of the National Academy of Sciences 115.10 (2018): 2490-2495.",,,,,,13,19,3,5,0,0.684210526,4.333333333,2.6,0,Yanzhao Wu; Jiqi Shao; Ruolin He,3,3,30,-1.782,5.485464121
10,Nocardamin glucuronide,,1,2,0,0,0,0,0,0,0,0,0,0,0,0,0,4,Hydroxamate,NIS,O=C1CCC(=O)N(O)CCCCCNC(=O)CCC(=O)N(O)CCCCCNC(=O)CCC(=O)N(OC2OC(C(=O)O)C(O)C(O)C2O)CCCCCN1,"NOH-Cad, Suc, NOH-Cad, Suc, NOH-Cad, Suc, HpyA",7,1,0,C33H56N6O15,776.830409,Streptomyces sp. 80H647,1,0,0,0,1,0,0,0,0,0,0,0,0,0,0,0,Actinomycetota,Lys derivatives,,,,,,,,"Lopez, Julius Adam V., et al. ""Nocardamin glucuronide, a new member of the ferrioxamine siderophores isolated from the ascamycin-producing strain Streptomyces sp. 80H647."" The Journal of Antibiotics 72.12 (2019): 991-995.",,,,,,33,56,6,15,0,0.589285714,5.5,2.2,0,Ruolin He,3,2,1,-2.8,3.674073644
9,Nicoyamycin A,,1,2,0,0,0,0,0,0,0,0,0,0,0,0,0,4,Hydroxamate,NIS,CC1COCC(=O)CCC(=O)N(O)CCCNCOCC(C)OC(=O)CCC(=O)N(O)CCCCCNO1,"Suc, 1-(Eth-3OHNH2)-5OH-DAP, Suc, 1-(Suc-(2Me-Glycol))-7OH-Cad",4,1,0,C24H44N4O10,548.628026,Streptomyces nicoyae,1,0,0,0,1,0,0,0,0,0,0,0,0,0,0,0,Actinomycetota,Lys derivatives; Orn derivatives,,,,,,,,"Mike, Laura A., et al. ""Discovery of nicoyamycin A, an inhibitor of uropathogenic Escherichia coli growth in low iron environments."" Chemical Communications 53.95 (2017): 12778-12781.",,,,,,24,44,4,10,0,0.545454545,6,2.4,0,Ruolin He,3,1,1,-2.202,4.234897196
8,Vicibactin 7101,,1,3,0,0,0,0,0,0,0,0,0,0,0,0,0,6,Hydroxamate,NRPS,C[C@@H]1CC(=O)N(O)CCC[C@@H](N)C(=O)O[C@H](C)CC(=O)N(O)CCC[C@@H](N)C(=O)O[C@H](C)CC(=O)N(O)CCC[C@@H](N)C(=O)O1,"C4:0-OH(3), OH-Orn, C4:0-OH(3), OH-Orn, C4:0-OH(3), OH-Orn",6,1,0,C27H48N6O12,648.704226,Rhizobium leguminosarum,1,0,0,0,0,0,0,1,0,0,0,0,0,0,0,0,Pseudomonadota,Orn derivatives,,,,,,,,"Dilworth, Michael J., et al. ""Rhizobium leguminosarum bv. viciae produces a novel cyclic trihydroxamate siderophore, vicibactin."" Microbiology 144.3 (1998): 781-791.; Storey, E. P., et al. ""Characterization of ‘Schizokinen’: a dihydroxamate-type siderophore produced by Rhizobium leguminosarum IARI 917."" Biometals 19 (2006): 637-649.; Heemstra Jr, John R., Christopher T. Walsh, and Elizabeth S. Sattely. ""Enzymatic tailoring of ornithine in the biosynthesis of the Rhizobium cyclic trihydroxamate siderophore vicibactin."" Journal of the American Chemical Society 131.42 (2009): 15317-15329.","Heemstra Jr, John R., Christopher T. Walsh, and Elizabeth S. Sattely. ""Enzymatic tailoring of ornithine in the biosynthesis of the Rhizobium cyclic trihydroxamate siderophore vicibactin."" Journal of the American Chemical Society 131.42 (2009): 15317-15329.",,,,,27,48,6,12,0,0.5625,4.5,2.25,0,Ruolin He,2,1,8,-2.385,3.953158037
7,Fusarinine C,Fusigen; Cyclic fusigen; Desferri-fusarinine C; Fusarinin C,17,3,0,0,0,0,0,0,0,0,0,0,0,0,0,6,Hydroxamate,NRPS,C/C1=C/C(=O)N(O)CCCC(N)C(=O)OCC/C(C)=C\C(=O)N(O)CCCC(N)C(=O)OCC/C(C)=C\C(=O)N(O)CCCC(N)C(=O)OCC1,"5OH-3Me-2-PA, OH-Orn, 5OH-3Me-2-PA, OH-Orn, OH-Orn, 5OH-3Me-2-PA",6,1,0,C33H54N6O12,726.816312,Aspergillus fumigatus; Aspergillus nidulans; Aureobasidium pullulans HN6.2; Fusarium cubense; Penicillium chrysogenum; Suillus granulatus; Suillus luteus; Trichoderma hamatum TUCIM 2689; Trichoderma harzianum CBS 226.95; Trichoderma gamsii TUCIM 2323; Trichoderma asperellum TUCIM 2128; Trichoderma polysporum TUCIM 462; Trichoderma virens Gv29-8; Trichoderma atroviride TUCIM 2108; Trichoderma atroviride P1; Trichoderma atroviride IMI 206040; Trichoderma reesei QM6a,0,1,0,0,0,0,0,0,0,0,0.882352941,0.117647059,0,0,0,0,Ascomycota/Basidiomycota,Orn derivatives,,,,,,,,"Diekmann, H., and H. Zähner. ""Konstitution von Fusigen und dessen Abbau zu Δ2‐Anhydromevalonsäurelacton."" European Journal of Biochemistry 3.2 (1967): 213-218.; Charlang, G. I. S. E. L. A., et al. ""Extracellular siderophores of rapidly growing Aspergillus nidulans and Penicillium chrysogenum."" Journal of bacteriology 150.2 (1982): 785-787.; Haas, Hubertus, et al. ""Characterization of the Aspergillus nidulans transporters for the siderophores enterobactin and triacetylfusarinine C."" Biochemical Journal 371.2 (2003): 505-513.; Schrettl, Markus, et al. ""Distinct roles for intra-and extracellular siderophores during Aspergillus fumigatus infection."" PLoS pathogens 3.9 (2007): e128.; Wang, Weilin, et al. ""Chemical and biological characterization of siderophore produced by the marine-derived Aureobasidium pullulans HN6. 2 and its antibacterial activity."" Biometals 22 (2009): 965-972.; Abad, Ana, et al. ""What makes Aspergillus fumigatus a successful pathogen? Genes and molecules involved in invasive aspergillosis."" Revista iberoamericana de micologia 27.4 (2010): 155-182.; Bertrand, Samuel, et al. ""N*-methyl coprogen B, a potential marker of the airway colonization by Scedosporium apiospermum in patients with cystic fibrosis."" Sabouraudia 48.Supplement_1 (2010): S98-S107.; De Carvalho, Carla CCR, and Pedro Fernandes. ""Production of metabolites as bacterial responses to the marine environment."" Marine drugs 8.3 (2010): 705-727.; Garvey, Graeme S., and Nancy P. Keller. ""Fungal secondary metabolites and their fundamental roles in human mycoses."" Current Fungal Infection Reports 4 (2010): 256-265.; Hider, Robert C., and Xiaole Kong. ""Chemistry and biology of siderophores."" Natural product reports 27.5 (2010): 637-657.; Schrettl, Markus, et al. ""The crucial role of the Aspergillus fumigatus siderophore system in interaction with alveolar macrophages."" Microbes and infection 12.12-13 (2010): 1035-1041.; Haselwandter, Kurt, Gerlinde Häninger, and Markus Ganzera. ""Hydroxamate siderophores of the ectomycorrhizal fungi Suillus granulatus and S. luteus."" Biometals 24 (2011): 153-157.; Lehner, Sylvia M., et al. ""Isotope-assisted screening for iron-containing metabolites reveals a high degree of diversity among known and unknown siderophores produced by Trichoderma spp."" Applied and Environmental Microbiology 79.1 (2013): 18-48.; Lehner, Sylvia M., et al. ""Isotope-assisted screening for iron-containing metabolites reveals a high degree of diversity among known and unknown siderophores produced by Trichoderma spp."" Applied and Environmental Microbiology 79.1 (2013): 18-49.; Lehner, Sylvia M., et al. ""Isotope-assisted screening for iron-containing metabolites reveals a high degree of diversity among known and unknown siderophores produced by Trichoderma spp."" Applied and Environmental Microbiology 79.1 (2013): 18-50.; Lehner, Sylvia M., et al. ""Isotope-assisted screening for iron-containing metabolites reveals a high degree of diversity among known and unknown siderophores produced by Trichoderma spp."" Applied and Environmental Microbiology 79.1 (2013): 18-51.; Lehner, Sylvia M., et al. ""Isotope-assisted screening for iron-containing metabolites reveals a high degree of diversity among known and unknown siderophores produced by Trichoderma spp."" Applied and Environmental Microbiology 79.1 (2013): 18-52.; Lehner, Sylvia M., et al. ""Isotope-assisted screening for iron-containing metabolites reveals a high degree of diversity among known and unknown siderophores produced by Trichoderma spp."" Applied and Environmental Microbiology 79.1 (2013): 18-53.; Lehner, Sylvia M., et al. ""Isotope-assisted screening for iron-containing metabolites reveals a high degree of diversity among known and unknown siderophores produced by Trichoderma spp."" Applied and Environmental Microbiology 79.1 (2013): 18-54.; Lehner, Sylvia M., et al. ""Isotope-assisted screening for iron-containing metabolites reveals a high degree of diversity among known and unknown siderophores produced by Trichoderma spp."" Applied and Environmental Microbiology 79.1 (2013): 18-55.; Lehner, Sylvia M., et al. ""Isotope-assisted screening for iron-containing metabolites reveals a high degree of diversity among known and unknown siderophores produced by Trichoderma spp."" Applied and Environmental Microbiology 79.1 (2013): 18-56.; Lehner, Sylvia M., et al. ""Isotope-assisted screening for iron-containing metabolites reveals a high degree of diversity among known and unknown siderophores produced by Trichoderma spp."" Applied and Environmental Microbiology 79.1 (2013): 18-57.","Hai, Yang, Matthew Jenner, and Yi Tang. ""Fungal siderophore biosynthesis catalysed by an iterative nonribosomal peptide synthetase."" Chemical science 11.42 (2020): 11525-11530.",,,,,33,54,6,12,0,0.611111111,5.5,2.75,0,Shaohua Gu; Ruolin He,2,1,7,-3.517,3.774368482
6,Deshydroxylferritriacetylfusigen,,1,2,0,0,0,0,0,0,0,0,0,0,0,0,0,4,Hydroxamate,Putative NRPS,CC(=O)N[C@H]1CCCNC(=O)/C=C(/C)CCOC(=O)[C@@H](NC(C)=O)CCCN(O)C(=O)/C=C(/C)CCOC(=O)[C@@H](NC(C)=O)CCCN(O)C(=O)/C=C(/C)CCOC1=O,"5OH-3Me-2-PA, NAc-Orn, 5OH-3Me-2-PA, NAc-OH-Orn, 5OH-3Me-2-PA, NAc-OH-Orn",6,1,0,C39H60N6O14,836.927208,Paenibacillus triticisoli BJ-18,1,0,0,0,0,0,1,0,0,0,0,0,0,0,0,0,Bacillota,Orn derivatives,,,,,,,,"Zhang, Yunzhi, et al. ""Siderophore and indolic acid production by Paenibacillus triticisoli BJ-18 and their plant growth-promoting and antimicrobe abilities."" PeerJ 8 (2020): e9403.",,,,,,39,60,6,14,0,0.65,6.5,2.785714286,0,Ruolin He,2,1,6,-4.496,3.565410647
4,Triacetylfusarinine,"Triacetylfusarinine C; Triacetylfusarine; Desferritriacetylfusigen; N,N',N''-triacetylfusarinin C; N,N',N''-triacetylfusigen; triacetylfusigen; triacetylfusarinin C; N,N',N""-triacetylfusarinine C; desferri-triacetylfusarinine C",9,3,0,0,0,0,0,0,0,0,0,0,0,0,0,6,Hydroxamate,NRPS,CC(=O)N[C@H]1CCCN(O)C(=O)/C=C(/C)CCOC(=O)[C@@H](NC(C)=O)CCCN(O)C(=O)/C=C(/C)CCOC(=O)[C@@H](NC(C)=O)CCCN(O)C(=O)/C=C(/C)CCOC1=O,"NAc-OH-Orn, 5OH-3Me-2-PA, NAc-OH-Orn, 5OH-3Me-2-PA, 5OH-3Me-2-PA, NAc-OH-Orn",6,1,0,C39H60N6O15,852.926613,Aspergillus fumigatus ATCC 46645; Aspergillus nidulans WGTRAN; Fusarium cubense; Suillus granulatus; Penicillium sp.; Paenibacillus triticisoli BJ-18; Penicillium nalgiovense NCAIM F-001333; Penicillium nalgiovense S1; Fusarium graminearum Gz3639,0.111111111,0.888888889,0,0,0,0,0.111111111,0,0,0,0.777777778,0.111111111,0,0,0,0,Ascomycota/Basidiomycota/Bacillota,Orn derivatives,,,,,,,,"Zähner, H., et al. ""Stoffwechselprodukte von Mikroorganismen: 40. Mitteilung Sideramine aus Aspergillaceen."" Archiv für Mikrobiologie 45.2 (1963): 119-135.; Diekmann, H., and H. Zähner. ""Konstitution von Fusigen und dessen Abbau zu Δ2‐Anhydromevalonsäurelacton."" European Journal of Biochemistry 3.2 (1967): 213-218.; Moore, Robert E., and Thomas Emery. ""Nα-Acetylfusarinines: Isolation, characterization and properties."" Biochemistry 15.13 (1976): 2719-2723.; Charlang, Gisela, et al. ""Cellular and extracellular siderophores of Aspergillus nidulans and Penicillium chrysogenum."" Molecular and cellular biology (1981).; Nilius, A. M., and S. G. Farmer. ""Identification of extracellular siderophores of pathogenic strains of Aspergillus fumigatus."" Journal of medical and veterinary mycology 28.5 (1990): 395-403.; Eisendle, Martin, et al. ""The siderophore system is essential for viability of Aspergillus nidulans: functional analysis of two genes encoding l‐ornithine N 5‐monooxygenase (sidA) and a non‐ribosomal peptide synthetase (sidC)."" Molecular microbiology 49.2 (2003): 359-375.; Haas, Hubertus, et al. ""Characterization of the Aspergillus nidulans transporters for the siderophores enterobactin and triacetylfusarinine C."" Biochemical Journal 371.2 (2003): 505-513.; Hissen, A. H. T., et al. ""Survival of Aspergillus fumigatus in serum involves removal of iron from transferrin: the role of siderophores."" Infection and immunity 72.3 (2004): 1402-1408.; Hissen, A. H. T., and M. M. Moore. ""Site-specific rate constants for iron acquisition from transferrin by the Aspergillus fumigatus siderophores N′, N′′, N′′′-triacetylfusarinine C and ferricrocin."" JBIC Journal of Biological Inorganic Chemistry 10 (2005): 211-220.; Schrettl, Markus, et al. ""Distinct roles for intra-and extracellular siderophores during Aspergillus fumigatus infection."" PLoS pathogens 3.9 (2007): e128.; Schrettl, Markus, et al. ""Distinct roles for intra-and extracellular siderophores during Aspergillus fumigatus infection."" PLoS pathogens 3.9 (2007): e128.; Seifert, M., et al. ""Effects of the Aspergillus fumigatus siderophore systems on the regulation of macrophage immune effector pathways and iron homeostasis."" Immunobiology 213.9-10 (2008): 767-778.; Abad, Ana, et al. ""What makes Aspergillus fumigatus a successful pathogen? Genes and molecules involved in invasive aspergillosis."" Revista iberoamericana de micologia 27.4 (2010): 155-182.; Bertrand, Samuel, et al. ""N*-methyl coprogen B, a potential marker of the airway colonization by Scedosporium apiospermum in patients with cystic fibrosis."" Sabouraudia 48.Supplement_1 (2010): S98-S107.; Hider, Robert C., and Xiaole Kong. ""Chemistry and biology of siderophores."" Natural product reports 27.5 (2010): 637-657.; Schrettl, Markus, et al. ""The crucial role of the Aspergillus fumigatus siderophore system in interaction with alveolar macrophages."" Microbes and infection 12.12-13 (2010): 1035-1041.; Haselwandter, Kurt, Gerlinde Häninger, and Markus Ganzera. ""Hydroxamate siderophores of the ectomycorrhizal fungi Suillus granulatus and S. luteus."" Biometals 24 (2011): 153-157.; Emri, Tamás, et al. ""Towards high‐siderophore‐content foods: optimisation of coprogen production in submerged cultures of Penicillium nalgiovense."" Journal of the Science of Food and Agriculture 93.9 (2013): 2221-2228.; Oide, Shinichi, et al. ""Individual and combined roles of malonichrome, ferricrocin, and TAFC siderophores in Fusarium graminearum pathogenic and sexual development."" Frontiers in Microbiology 5 (2015): 759.; Zhang, Yunzhi, et al. ""Siderophore and indolic acid production by Paenibacillus triticisoli BJ-18 and their plant growth-promoting and antimicrobe abilities."" PeerJ 8 (2020): e9403.","Hai, Yang, Matthew Jenner, and Yi Tang. ""Fungal siderophore biosynthesis catalysed by an iterative nonribosomal peptide synthetase."" Chemical science 11.42 (2020): 11525-11530.",,,,,39,60,6,15,0,0.65,6.5,2.6,0,Shaohua Gu; Ruolin He,2,1,4,-4.452,3.538391003
5,Neurosporin,Neurosporin A,1,3,0,0,0,0,0,0,0,0,0,0,0,0,0,6,Hydroxamate,Putative NRPS,CC(=O)N[C@@H]1CCCN(O)C(=O)/C=C(/C)CCOC(=O)[C@H](NC(C)=O)CCCN(O)C(=O)/C=C(/C)CCOC(=O)[C@H](NC(C)=O)CCCN(O)C(=O)/C=C(/C)CCOC1=O,"5OH-3Me-2-PA, NAc-OH-Orn, 5OH-3Me-2-PA, NAc-OH-Orn, NAc-OH-Orn, 5OH-3Me-2-PA",6,1,0,C39H60N6O15,852.926613,Neurospora crassa,0,1,0,0,0,0,0,0,0,0,1,0,0,0,0,0,Ascomycota,Orn derivatives,,,,,,,,"Eng-Wilmot, D. L., et al. ""Molecular structure of ferric neurosporin, a minor siderophore-like compound containing N. delta.-hydroxy-D-ornithine."" Journal of the american chemical society 106.5 (1984): 1285-1290.",,,,,,39,60,6,15,0,0.65,6.5,2.6,0,Shaohua Gu; Ruolin He,2,1,5,-4.452,3.538391003
2,Vicibactin,,1,3,0,0,0,0,0,0,0,0,0,0,0,0,0,6,Hydroxamate,NRPS,CC(=O)N[C@@H]1CCCN(O)C(=O)C[C@@H](C)OC(=O)[C@H](NC(C)=O)CCCN(O)C(=O)C[C@@H](C)OC(=O)[C@H](NC(C)=O)CCCN(O)C(=O)C[C@@H](C)OC1=O,"C4:0-OH(3), NAc-OH-Orn, NAc-OH-Orn, C4:0-OH(3), C4:0-OH(3), NAc-OH-Orn",6,1,0,C33H54N6O15,774.814527,Rhizobium leguminosarum,1,0,0,0,0,0,0,1,0,0,0,0,0,0,0,0,Pseudomonadota,Orn derivatives,,,,,,,,"Dilworth, Michael J., et al. ""Rhizobium leguminosarum bv. viciae produces a novel cyclic trihydroxamate siderophore, vicibactin."" Microbiology 144.3 (1998): 781-791.; Storey, E. P., et al. ""Characterization of ‘Schizokinen’: a dihydroxamate-type siderophore produced by Rhizobium leguminosarum IARI 917."" Biometals 19 (2006): 637-649.; Heemstra Jr, John R., Christopher T. Walsh, and Elizabeth S. Sattely. ""Enzymatic tailoring of ornithine in the biosynthesis of the Rhizobium cyclic trihydroxamate siderophore vicibactin."" Journal of the American Chemical Society 131.42 (2009): 15317-15329.","Heemstra Jr, John R., Christopher T. Walsh, and Elizabeth S. Sattely. ""Enzymatic tailoring of ornithine in the biosynthesis of the Rhizobium cyclic trihydroxamate siderophore vicibactin."" Journal of the American Chemical Society 131.42 (2009): 15317-15329.",,,,,33,54,6,15,0,0.611111111,5.5,2.2,0,Shaohua Gu; Ruolin He,2,1,2,-3.368,3.677931324
1,Thalassosamide,,1,3,0,0,0,0,0,0,0,0,0,0,0,0,0,6,Hydroxamate,Putative NRPS,C[C@@H]1CC(=O)N(O)CCCC[C@@H](NC(=O)CCC(=O)O)C(=O)O[C@H](C)CC(=O)N(O)CCCC[C@@H](NC(=O)CCC(=O)O)C(=O)O[C@H](C)CC(=O)N(O)CCCC[C@@H](NC(=O)CCC(=O)O)C(=O)O1,"C4:0-OH(3), NOH-Lys, NOH-Lys, Suc, C4:0-OH(3), NOH-Lys, C4:0-OH(3), Suc, Suc",9,1,0,C42H66N6O21,991.002909,Thalassospira profundimaris,1,0,0,0,0,0,0,1,0,0,0,0,0,0,0,0,Pseudomonadota,Lys derivatives,,,,,,,,"Zhang, Fan, et al. ""Thalassosamide, a siderophore discovered from the marine-derived bacterium Thalassospira profundimaris."" Journal of natural products 80.9 (2017): 2551-2555.",,,,,,42,66,6,21,0,0.636363636,7,2,0,Ruolin He,2,1,1,-3.9,3.332450193
923,Untitled siderophore 4,"(2R,5R)-1-hydroxy-5-[(S)-hydroxy(methylamino)methyl]-N,N-dimethyl-6-oxopiperidine-2-carboxamide",1,1,0,0,0,0,0,0,0,0,0,0,0,0,0,2,Hydroxamate,Putative NRPS,CN[C@@H](O)[C@H]1CC[C@H](C(=O)N(C)C)N(O)C1=O,X0,1,0,1,C10H19N3O4,245.276008,Anabaena oryzae,1,0,0,0,0,1,0,0,0,0,0,0,0,0,0,0,Cyanobacteriota,Unknown,,,,,,,,"Singh, Anumeha, et al. ""Elucidating the structure of novel cyanobacterial siderophore produced by Anabaena oryzae and its implication in removal of cadmium."" Journal of Applied Phycology 36.6 (2024): 3393-3408.",,,,,,10,19,3,4,0,0.526315789,3.333333333,2.5,0,Ruolin He,8,1,1,-0.372,5.964435424
917,Terramide B,,1,2,0,0,0,0,0,0,0,0,0,0,0,0,0,4,Hydroxamate,NRPS,CC[C@@H](C)[C@H]1C(=O)N(O)[C@@H](C(C)C)C(=O)N1O,"NOH-Val, NOH-Ile",2,1,0,C11H20N2O4,244.287986,Aspergillus terreus CMI 44339,0,1,0,0,0,0,0,0,0,0,1,0,0,0,0,0,Ascomycota,Ile derivatives; Val derivatives,,,,,,,,"Han, Yi, et al. ""Biosynthesis of iron-chelating terramides AC and their role in Aspergillus terreus infection."" Communications Chemistry 7.1 (2024): 221.","Han, Yi, et al. ""Biosynthesis of iron-chelating terramides AC and their role in Aspergillus terreus infection."" Communications Chemistry 7.1 (2024): 221.",,,,,11,20,2,4,0,0.55,5.5,2.75,0,Ruolin He,8,1,2,-1.523,5.975000283
916,Terramide A,,1,2,0,0,0,0,0,0,0,0,0,0,0,0,0,4,Hydroxamate,NRPS,CC[C@@H](C)[C@H]1C(=O)N(O)[C@@H]([C@H](C)CC)C(=O)N1O,"NOH-Ile, NOH-Ile",2,1,0,C12H22N2O4,258.314608,Aspergillus terreus CMI 44339,0,1,0,0,0,0,0,0,0,0,1,0,0,0,0,0,Ascomycota,Ile derivatives,,,,,,,,"Han, Yi, et al. ""Biosynthesis of iron-chelating terramides AC and their role in Aspergillus terreus infection."" Communications Chemistry 7.1 (2024): 221.","Han, Yi, et al. ""Biosynthesis of iron-chelating terramides AC and their role in Aspergillus terreus infection."" Communications Chemistry 7.1 (2024): 221.",,,,,12,22,2,4,0,0.545454545,6,3,0,Ruolin He,8,1,3,-1.876,5.830801518
918,Terramide C,,1,2,0,0,0,0,0,0,0,0,0,0,0,0,0,4,Hydroxamate,NRPS,CC(C)[C@H]1C(=O)N(O)[C@@H](C(C)C)C(=O)N1O,"NOH-Val, NOH-Val",2,1,0,C10H18N2O4,230.261364,Aspergillus terreus CMI 44339,0,1,0,0,0,0,0,0,0,0,1,0,0,0,0,0,Ascomycota,Val derivatives,,,,,,,,"Han, Yi, et al. ""Biosynthesis of iron-chelating terramides AC and their role in Aspergillus terreus infection."" Communications Chemistry 7.1 (2024): 221.","Han, Yi, et al. ""Biosynthesis of iron-chelating terramides AC and their role in Aspergillus terreus infection."" Communications Chemistry 7.1 (2024): 221.",,,,,10,18,2,4,0,0.555555556,5,2.5,0,Ruolin He,8,1,4,-1.189,6.132332828
870,Pulcherriminic acid,Pulcherrimin,8,2,0,0,0,0,0,0,0,0,0,0,0,0,0,4,Hydroxamate,Hybrid NRPS/NIS,CC(C)Cc1c(O)[n+]([O-])c(CC(C)C)c(=O)n1O,"X0, Con-N-OH-Leu",2,0.5,1,C12H20N2O4,256.298726,Zygotorulaspora mrakii; Zygotorulaspora florentina; Kluyveromyces aestuarii; Metschnikowia fructicola; Kluyveromyces lactis; Metschnikowia aff. Pulcherrima; Bacillus subtilis subsp. subtilis str. 168; Bacillus licheniformis DW2,0.25,0.75,0,0,0,0,0.25,0,0,0,0.75,0,0,0,0,0,Ascomycota/Bacillota,Leu derivatives,,,,,,,,"Krause, David J., et al. ""Functional and evolutionary characterization of a secondary metabolite gene cluster in budding yeasts."" Proceedings of the National Academy of Sciences 115.43 (2018): 11030-11035.; Wang, Dong, et al. ""Regulation of the synthesis and secretion of the iron chelator cyclodipeptide pulcherriminic acid in Bacillus licheniformis."" Applied and environmental microbiology 84.13 (2018): e00262-18.; Gore‐Lloyd, Deborah, et al. ""Snf2 controls pulcherriminic acid biosynthesis and antifungal activity of the biocontrol yeast Metschnikowia pulcherrima."" Molecular microbiology 112.1 (2019): 317-332.; Yuan, Siqi, et al. ""Research progress of the biosynthesis of natural bio-antibacterial agent pulcherriminic acid in Bacillus."" Molecules 25.23 (2020): 5611.","Krause, David J., et al. ""Functional and evolutionary characterization of a secondary metabolite gene cluster in budding yeasts."" Proceedings of the National Academy of Sciences 115.43 (2018): 11030-11035.; Gore‐Lloyd, Deborah, et al. ""Snf2 controls pulcherriminic acid biosynthesis and antifungal activity of the biocontrol yeast Metschnikowia pulcherrima."" Molecular microbiology 112.1 (2019): 317-332.; Yuan, Siqi, et al. ""Research progress of the biosynthesis of natural bio-antibacterial agent pulcherriminic acid in Bacillus."" Molecules 25.23 (2020): 5611.",,,,,12,20,2,4,0,0.6,6,3,0,Yanzhao Wu; Jiqi Shao; Ruolin He,14,2,1,-1.701,5.850787413
40,Neoaspergillic acid,,2,1,0,0,0,0,0,0,0,0,0,0,0,0,0,2,Hydroxamate,Hybrid NRPS/NIS,CC(C)Cc1ncc(CC(C)C)n(O)c1=O,"4Me-2p-Oxime, 2Im-4Me-PA",2,1,0,C12H20N2O2,224.299916,Aspergillus sp. FSY-01; Aspergillus sp. FSY-02,0,1,0,0,0,0,0,0,0,0,1,0,0,0,0,0,Ascomycota,Ile derivatives; Leu derivatives,,,,,,,,"Zhu, Feng, et al. ""Biosynthesis, characterization and biological evalutation of Fe (III) and Cu (II) complexes of neoaspergillic acid, a hydroxamate siderophore produced by co-cultures of two marine-derived mangrove epiphytic fungi."" Natural Product Communications 6.8 (2011): 1934578X1100600824.; Lebar, M. D., et al. ""The aspergillic acid biosynthetic gene cluster predicts neoaspergillic acid production in Aspergillus section Circumdati."" World mycotoxin journal 12.3 (2019): 213-222.","Lebar, Matthew D., et al. ""Identification and functional analysis of the aspergillic acid gene cluster in Aspergillus flavus."" Fungal genetics and biology 116 (2018): 14-23.",,,,,12,20,2,2,0,0.6,6,6,0,Shaohua Gu; Ruolin He,14,1,1,-2.77,6.203684875
41,Aspergillic acid,,2,1,0,0,0,0,0,0,0,0,0,0,0,0,0,2,Hydroxamate,Hybrid NRPS/NIS,CCC(C)c1cnc(CC(C)C)c(=O)n1O,"X0, 2Im-4Me-PA",2,0.5,1,C12H20N2O2,224.299916,Aspergillus flavus; Aspergillus sclerotiorum,0,1,0,0,0,0,0,0,0,0,1,0,0,0,0,0,Ascomycota,Ile derivatives; Leu derivatives,,,,,,,,"Micetich, R. G., and James C. MacDonald. ""Biosynthesis of neoaspergillic and neohydroxyaspergillic acids."" Journal of Biological Chemistry 240.4 (1965): 1692-1695.","Lebar, Matthew D., et al. ""Identification and functional analysis of the aspergillic acid gene cluster in Aspergillus flavus."" Fungal genetics and biology 116 (2018): 14-23.",,,,,12,20,2,2,0,0.6,6,6,0,Shaohua Gu; Ruolin He,14,1,2,-2.777,6.203684875
832,Militarinone A,,1,1,0,0,0,0,0,0,0,0,0,0,0,0,0,2,Hydroxamate,Hybrid NRPS/PKS,CC[C@@H](C)C[C@@H](C)/C=C(C)/C=C/C=C/C(=O)c1c(O)c(C2(O)CCC(O)CC2)cn(O)c1=O,X0,1,0,1,C26H37NO6,459.57619,Paecilomyces militaris RCEF 0095,0,1,0,0,0,0,0,0,0,0,1,0,0,0,0,0,Ascomycota,N-hydroxypyridone,,,,,,,,"Schmidt, Karen, et al. ""Militarinone A, a neurotrophic pyridone alkaloid from paecilomyces m ilitaris."" Organic Letters 4.2 (2002): 197-199.; Chen, Bo, et al. ""Inductive production of the iron-chelating 2-pyridones benefits the producing fungus to compete for diverse niches."" Mbio 12.6 (2021): e03279-21.","Chen, Bo, et al. ""Inductive production of the iron-chelating 2-pyridones benefits the producing fungus to compete for diverse niches."" Mbio 12.6 (2021): e03279-21.",,,,,26,37,1,6,0,0.702702703,26,4.333333333,0,Ruolin He,27,1,1,-5.003,4.558501743
812,Fumosorinone,,1,1,0,0,0,0,0,0,0,0,0,0,0,0,0,2,Hydroxamate,Hybrid NRPS/PKS,CC[C@@H](C)C[C@@H](C)/C=C(C)/C=C/C=C/C=C(\C)C(=O)c1c(O)c(-c2ccc(O)cc2)cn(O)c1=O,X0,1,0,1,C29H35NO5,477.593123,Cordyceps fumosorosea,0,1,0,0,0,0,0,0,0,0,1,0,0,0,0,0,Ascomycota,N-hydroxypyridone,,,,,,,,"Liu, Linxia, et al. ""Structure and biosynthesis of fumosorinone, a new protein tyrosine phosphatase 1B inhibitor firstly isolated from the entomogenous fungus Isaria fumosorosea."" Fungal Genetics and Biology 81 (2015): 191-200.; Chen, Bo, et al. ""Inductive production of the iron-chelating 2-pyridones benefits the producing fungus to compete for diverse niches."" Mbio 12.6 (2021): e03279-21.","Chen, Bo, et al. ""Inductive production of the iron-chelating 2-pyridones benefits the producing fungus to compete for diverse niches."" Mbio 12.6 (2021): e03279-21.",,,,,29,35,1,5,0,0.828571429,29,5.8,0,Ruolin He,27,1,2,-7.082,4.485856051
804,Farinosone B,,1,1,0,0,0,0,0,0,0,0,0,0,0,0,0,2,Hydroxamate,Hybrid NRPS/PKS,CCC(C)/C=C(C)/C=C/C=C/C=C/C(=O)c1c(O)c(-c2ccc(O)cc2)cn(O)c1=O,X0,1,0,1,C25H27NO5,421.486635,Cordyceps farinosa RCEF 0101,0,1,0,0,0,0,0,0,0,0,1,0,0,0,0,0,Ascomycota,N-hydroxypyridone,,,,,,,,"Cheng, Yongxian, et al. ""Farinosones A-C, neurotrophic alkaloidal metabolites from the entomogenous deuteromycete paecilomyces f arinosus."" Journal of Natural Products 67.11 (2004): 1854-1858.; Chen, Bo, et al. ""Inductive production of the iron-chelating 2-pyridones benefits the producing fungus to compete for diverse niches."" Mbio 12.6 (2021): e03279-21.","Chen, Bo, et al. ""Inductive production of the iron-chelating 2-pyridones benefits the producing fungus to compete for diverse niches."" Mbio 12.6 (2021): e03279-21.",,,,,25,27,1,5,0,0.925925926,25,5,0,Ruolin He,27,1,3,-6.05,4.727032991
748,Bassianin,,1,1,0,0,0,0,0,0,0,0,0,0,0,0,0,2,Hydroxamate,Hybrid NRPS/PKS,CCC(C)/C=C(C)/C=C/C=C/C(=O)c1c(O)c(-c2ccc(O)cc2)cn(O)c1=O,X0,1,0,1,C23H25NO5,395.449273,Beauveria bassiana,0,1,0,0,0,0,0,0,0,0,1,0,0,0,0,0,Ascomycota,N-hydroxypyridone,,,,,,,,"Mcinnes, A. Gavin, et al. ""Tenellin and bassianin, metabolites of beauveria species. Structure elucidation with 15 N-and doubly 13 C-enriched compounds using 13 C nuclear magnetic resonance spectroscopy."" Journal of the Chemical Society, Chemical Communications 8 (1974): 281-282.; Fisch, Katja M., et al. ""Rational domain swaps decipher programming in fungal highly reducing polyketide synthases and resurrect an extinct metabolite."" Journal of the American Chemical Society 133.41 (2011): 16635-16641.; Chen, Bo, et al. ""Inductive production of the iron-chelating 2-pyridones benefits the producing fungus to compete for diverse niches."" Mbio 12.6 (2021): e03279-21.","Fisch, Katja M., et al. ""Rational domain swaps decipher programming in fungal highly reducing polyketide synthases and resurrect an extinct metabolite."" Journal of the American Chemical Society 133.41 (2011): 16635-16641.; Chen, Bo, et al. ""Inductive production of the iron-chelating 2-pyridones benefits the producing fungus to compete for diverse niches."" Mbio 12.6 (2021): e03279-21.",,,,,23,25,1,5,0,0.92,23,4.6,0,Ruolin He,27,1,4,-5.509,4.855924111
912,Tenellin,,1,1,0,0,0,0,0,0,0,0,0,0,0,0,0,2,Hydroxamate,Hybrid NRPS/PKS,CC[C@@H](C)/C=C(C)/C=C/C(=O)c1c(O)c(-c2ccc(O)cc2)cn(O)c1=O,X0,1,0,1,C21H23NO5,369.411911,Beauveria bassiana BCC2660,0,1,0,0,0,0,0,0,0,0,1,0,0,0,0,0,Ascomycota,2-pyridone,,,,,,,,"Mcinnes, A. Gavin, et al. ""Tenellin and bassianin, metabolites of beauveria species. Structure elucidation with 15 N-and doubly 13 C-enriched compounds using 13 C nuclear magnetic resonance spectroscopy."" Journal of the Chemical Society, Chemical Communications 8 (1974): 281-282.; Jirakkakul, Jiraporn, et al. ""Tenellin acts as an iron chelator to prevent iron-generated reactive oxygen species toxicity in the entomopathogenic fungus Beauveria bassiana."" FEMS microbiology letters 362.2 (2015): 1-8.; Chen, Bo, et al. ""Inductive production of the iron-chelating 2-pyridones benefits the producing fungus to compete for diverse niches."" Mbio 12.6 (2021): e03279-21.","Jirakkakul, Jiraporn, et al. ""Tenellin acts as an iron chelator to prevent iron-generated reactive oxygen species toxicity in the entomopathogenic fungus Beauveria bassiana."" FEMS microbiology letters 362.2 (2015): 1-8.; Chen, Bo, et al. ""Inductive production of the iron-chelating 2-pyridones benefits the producing fungus to compete for diverse niches."" Mbio 12.6 (2021): e03279-21.",,,,,21,23,1,5,0,0.913043478,21,4.2,0,Yanzhao Wu; Jiqi Shao; Ruolin He,27,1,5,-4.955,4.998171541
780,Desmethylbassianin,,1,1,0,0,0,0,0,0,0,0,0,0,0,0,0,2,Hydroxamate,Hybrid NRPS/PKS,CCC(C)/C=C/C=C/C=C/C(=O)c1c(O)c(-c2ccc(O)cc2)cn(O)c1=O,X0,1,0,1,C22H23NO5,381.422651,Beauveria bassiania 992.05,0,1,0,0,0,0,0,0,0,0,1,0,0,0,0,0,Ascomycota,N-hydroxypyridone,,,,,,,,"Heneghan, Mary N., et al. ""The programming role of trans-acting enoyl reductases during the biosynthesis of highly reduced fungal polyketides."" Chemical Science 2.5 (2011): 972-979.; Chen, Bo, et al. ""Inductive production of the iron-chelating 2-pyridones benefits the producing fungus to compete for diverse niches."" Mbio 12.6 (2021): e03279-21.","Heneghan, Mary N., et al. ""The programming role of trans-acting enoyl reductases during the biosynthesis of highly reduced fungal polyketides."" Chemical Science 2.5 (2011): 972-979.; Chen, Bo, et al. ""Inductive production of the iron-chelating 2-pyridones benefits the producing fungus to compete for diverse niches."" Mbio 12.6 (2021): e03279-21.",,,,,22,23,1,5,0,0.956521739,22,4.4,0,Ruolin He,27,1,6,-5.196,4.930748768
809,Foxicin A,,1,0,0,0,0,0,1,0,0,0,0,0,0,0,0,2,Alpha-Hydroxycarboxylate,PKS,CC(=O)NC1=C(O)C(=O)C=C(NC(=O)/C(C)=C/[C@@H](C)C=C(C)C)C1=O,"1-(Ac-NH2)-2OH-5-NH2-benzoquinone, X0",2,0.56,1,C18H22N2O5,346.378453,Streptomyces diastatochromogenes Tü6028,1,0,0,0,1,0,0,0,0,0,0,0,0,0,0,0,Actinomycetota,,,Unknown,,,,,,"Greule, Anja, et al. ""Wide distribution of foxicin biosynthetic gene clusters in Streptomyces strains–An unusual secondary metabolite with various properties."" Frontiers in microbiology 8 (2017): 221.","Greule, Anja, et al. ""Wide distribution of foxicin biosynthetic gene clusters in Streptomyces strains–An unusual secondary metabolite with various properties."" Frontiers in microbiology 8 (2017): 221.",,,,,18,22,2,5,0,0.818181818,9,3.6,0,Yanzhao Wu; Jiqi Shao; Ruolin He,33,1,1,-3.34,5.137142441
42,Harzianic acid,,1,0,0,0,0,0,1,0,0,0,0,0,0,0,0,2,Alpha-Hydroxycarboxylate,Hybrid NRPS/PKS,CCC/C=C/C=C/C(O)=C1\C(=O)[C@H](C[C@@](O)(C(=O)O)C(C)C)N(C)C1=O,X0,1,0,1,C19H27NO6,365.4216,Trichoderma harzianum M10,0,1,0,0,0,0,0,0,0,0,1,0,0,0,0,0,Ascomycota,,,4-hydroxy-4-isopropyl glutamate,,,,,,"Vinale, Francesco, et al. ""Harzianic acid: a novel siderophore from Trichoderma harzianum."" FEMS microbiology letters 347.2 (2013): 123-129.; Xie, Linan, et al. ""Harzianic acid from Trichoderma afroharzianum is a natural product inhibitor of acetohydroxyacid synthase."" Journal of the American Chemical Society 143.25 (2021): 9575-9584.","Xie, Linan, et al. ""Harzianic acid from Trichoderma afroharzianum is a natural product inhibitor of acetohydroxyacid synthase."" Journal of the American Chemical Society 143.25 (2021): 9575-9584.",,,,,19,27,1,6,0,0.703703704,19,3.166666667,0,Ruolin He,20,1,1,-2.447,5.021302751
43,Glomuferrin,Bis-imidorhizoferrin,3,0,0,0,2,0,0,0,0,0,0,0,0,0,0,2,Carboxylate,Putative NIS,O=C(O)CC1(O)CC(=O)N(CCCCN2C(=O)CC(O)(CC(=O)O)C2=O)C1=O,"Put, CitA, CitA",3,1,0,C16H20N2O10,400.338116,Claroideoglomus etunicatum; Funneliformis mosseae; Glomus sp.,0,1,0,0,0,0,0,0,0,0,0,0,1,0,0,0,Mucoromycota,,,,,,,,,"Winkelmann, Günther. ""A search for glomuferrin: A potential siderophore of arbuscular mycorrhizal fungi of the genus Glomus."" Biometals 30 (2017): 559-564.",,,,,,16,20,2,10,0,0.8,8,1.6,0,Ruolin He,21,1,1,-1.481,4.830771024
36,"2-N-hydroxy-3, 4-dihydroisoquinol-2-one",,1,1,0,0,0,0,0,0,0,0,0,0,0,0,0,2,Hydroxamate,Putative NIS,O=C1c2ccccc2CCN1O,X0,1,0,1,C9H9NO2,163.173642,Streptomyces griseus 2002-104,1,0,0,0,1,0,0,0,0,0,0,0,0,0,0,0,Actinomycetota,Unknown,,,,,,,,"Tutov, Anna, et al. ""Concise synthesis of 2-N-hydroxy-3, 4-dihydroisoquinol-2-one: A bacterial siderophore and human 5-lipooxygenase inhibitor."" Tetrahedron Letters 59.15 (2018): 1511-1512.",,,,,,9,9,1,2,0,1,9,4.5,0,Ruolin He,16,1,1,-1.588,7.152084939
37,"2,3,4,5-Tetrahydro-3,5-dihydroxy-6H-1,5-benzoxazocin-6-one",,1,1,0,0,0,0,0,0,0,0,0,0,0,0,0,2,Hydroxamate,Putative NIS,O=C1c2ccccc2OCC(O)CN1O,"SA, X0",2,0.6,1,C10H11NO4,209.199074,Unidentified marine-derived bacterium,1,0,0,0,0,0,0,0,0,0,0,0,0,0,0,0,Unknown,Unknown,,,,,,,,"You, Mei‐Xian, Hui‐Ping Zhang, and Chang‐Qi Hu. ""Isolation and characterization of three siderophores from marine bacteria."" Chinese Journal of Chemistry 26.7 (2008): 1332-1334.",,,,,,10,11,1,4,0,0.909090909,10,2.5,0,Ruolin He,17,1,1,-1.478,6.398079604
60,Tetracycline,,2,0,0,1,0,0,0,0,0,0,0,0,0,0,0,1,Phenolate,PKS,CN(C)[C@@H]1C(O)=C(C(N)=O)C(=O)[C@@]2(O)C(O)=C3C(=O)c4c(O)cccc4[C@@](C)(O)[C@H]3C[C@@H]12,X0,1,0,1,C22H24N2O8,444.43551,Streptomyces rimosus; Kitasatospora aureofaciens,1,0,0,0,1,0,0,0,0,0,0,0,0,0,0,0,Actinomycetota,,,,,,,,,"Grenier, Daniel, Marie-Pierre Huot, and Denis Mayrand. ""Iron-chelating activity of tetracyclines and its impact on the susceptibility of Actinobacillus actinomycetemcomitans to these antibiotics."" Antimicrobial agents and chemotherapy 44.3 (2000): 763-766.; Pickens, Lauren B., and Yi Tang. ""Decoding and engineering tetracycline biosynthesis."" Metabolic engineering 11.2 (2009): 69-75.",,,,,,22,24,2,8,0,0.916666667,11,2.75,0,Ruolin He,23,1,1,-2.621,4.622910446
767,Cordypyridone B,,1,1,0,0,0,0,0,0,0,0,0,0,0,0,0,2,Hydroxamate,Hybrid NRPS/PKS,C=C[C@]1(C)C[C@H](C)C[C@H](C)[C@H]1c1c(O)ccn(O)c1=O,X0,1,0,1,C16H23NO3,277.359401,Pleurocordyceps nipponica BCC 1389,0,1,0,0,0,0,0,0,0,0,1,0,0,0,0,0,Ascomycota,N-hydroxypyridone,,,,,,,,"Isaka, Masahiko, et al. ""Structures of cordypyridones A-D, antimalarial N-hydroxy-and N-methoxy-2-pyridones from the insect pathogenic fungus Cordyceps n ipponica."" The Journal of organic chemistry 66.14 (2001): 4803-4808.; Teng, Yanbo, et al. ""An amidation/cyclization approach to the synthesis of N-hydroxyquinolinones and their biological evaluation as potential anti-plasmodial, anti-bacterial, and iron (II)-chelating agents."" Bioorganic & Medicinal Chemistry Letters 25.3 (2015): 607-610.",,,,,,16,23,1,3,0,0.695652174,16,5.333333333,0,Ruolin He,18,2,1,-3.704,5.65296588
38,Pyridoxatin,,3,1,0,0,0,0,0,0,0,0,0,0,0,0,0,2,Hydroxamate,Hybrid NRPS/PKS,C=C[C@H]1C[C@@H](C)C[C@@H](C)[C@@H]1c1c(O)ccn(O)c1=O,X0,1,0,1,C15H21NO3,263.332779,Acremonium sp.; Tolypocladium sp. CMB-MF028; Tolypocladium geodes MF458,0,1,0,0,0,0,0,0,0,0,1,0,0,0,0,0,Ascomycota,N-hydroxypyridone,,,,,,,,"Teshima, Yoshihiro, et al. ""Isolation and structural elucidation of pyridoxatin, a free radical scavenger of microbial origin."" The Journal of antibiotics 44.6 (1991): 685-687.; Shang, Zhuo, et al. ""New PKS-NRPS tetramic acids and pyridinone from an Australian marine-derived fungus, Chaunopycnis sp."" Organic & Biomolecular Chemistry 13.28 (2015): 7795-7802.; Kebede, Bethlehem, et al. ""Establishing the secondary metabolite profile of the marine fungus: Tolypocladium geodes sp. MF458 and subsequent optimisation of bioactive secondary metabolite production."" Marine drugs 15.4 (2017): 84.",,,,,,15,21,1,3,0,0.714285714,15,5,0,Shaohua Gu; Ruolin He,18,1,1,-3.39,5.782060039
814,Hexadehydro-astechrome,Hexadehydroastechrome,1,1,0,0,0,0,0,0,0,0,0,0,0,0,0,2,Hydroxamate,NRPS,C=C(C)/C=C/c1cccc2c(Cc3c(OC)nc(C)c(=O)n3O)c[nH]c12,X0,1,0,1,C20H21N3O3,351.399885,Aspergillus fumigatus Af293,0,1,0,0,0,0,0,0,0,0,1,0,0,0,0,0,Ascomycota,Unknown,,,,,,,,"Yin, Wen-Bing, et al. ""A nonribosomal peptide synthetase-derived iron (III) complex from the pathogenic fungus Aspergillus fumigatus."" Journal of the American Chemical Society 135.6 (2013): 2064-2067.","Yin, Wen-Bing, et al. ""A nonribosomal peptide synthetase-derived iron (III) complex from the pathogenic fungus Aspergillus fumigatus."" Journal of the American Chemical Society 135.6 (2013): 2064-2067.",,,,,20,21,3,3,0,0.952380952,6.666666667,6.666666667,0,Yanzhao Wu; Jiqi Shao; Ruolin He,28,1,1,-5.248,5.105684559
742,Astepyrazinoxide,,1,1,0,0,0,0,0,0,0,0,0,0,0,0,0,2,Hydroxamate,Putative NRPS,COc1nc(C)c(=O)n(O)c1Cc1c[nH]c2c(CC=C(C)C)cccc12,X0,1,0,1,C20H23N3O3,353.415767,Aspergillus terreus BCC51799,0,1,0,0,0,0,0,0,0,0,1,0,0,0,0,0,Ascomycota,Unknown,,,,,,,,"Bunbamrung, Nantiya, et al. ""Antimicrobial, antimalarial and anticholinesterase substances from the marine-derived fungus Aspergillus terreus BCC51799."" Tetrahedron 76.41 (2020): 131496.",,,,,,20,23,3,3,0,0.869565217,6.666666667,6.666666667,0,Ruolin He,28,1,2,-5.235,5.093244726
39,Cepabactin,,1,1,0,0,0,0,0,0,0,0,0,0,0,0,0,2,Hydroxamate,Hybrid NRPS/PKS,COc1ccc(=O)n(O)c1C,X0,1,0,1,C7H9NO3,155.151567,Burkholderia cepacia,1,0,0,0,0,0,0,1,0,0,0,0,0,0,0,0,Pseudomonadota,N-hydroxypyridone,,,,,,,,"Meyer, Jean-Marie, Dany Hohnadel, and Flix Hall. ""Cepabactin from Pseudomonas cepacia, a new type of siderophore."" Microbiology 135.6 (1989): 1479-1487.; Segonds, C., and G. Chabanon. ""Burkholderia cepacia: dangers of a phytopathogen organism for patients with cystic fibrosis."" Annales de Biologie Clinique. Vol. 59. No. 3. (2001).",,,,,,7,9,1,3,0,0.777777778,7,2.333333333,0,Shaohua Gu; Ruolin He,19,1,1,-1.281,7.317595616
44,Untitled siderophore 1,,1,0,0,0,2,0,0,0,0,0,0,0,0,0,0,2,Carboxylate,Other,NC(=O)c1cc(Oc2cc(C(N)=O)cc(C(=O)O)c2)cc(C(=O)O)c1,"3Car-5OH-Bz, 3Car-Bz",2,1,0,C16H12N2O7,344.276373,Fusarium oxysporum,0,1,0,0,0,0,0,0,0,0,1,0,0,0,0,0,Ascomycota,,,,,,,,,"Wijesundera, R. L. C., A. S. Amarasekera, and D. N. D. Yapa. ""Production of a siderophore by the fungus Fusarium oxysporum."" (1995).; Ibrahim, Sabrin RM, et al. ""Bright side of Fusarium oxysporum: secondary metabolites bioactivities and industrial relevance in biotechnology and nanotechnology."" Journal of Fungi 7.11 (2021): 943.",,,,,,16,12,2,7,0,1.333333333,8,2.285714286,0,Ruolin He,12,1,1,-3.894,5.150515461
45,"3,5-dihydroxybenzoic acid",,1,0,0,2,0,0,0,0,0,0,0,0,0,0,0,2,Phenolate,Other,O=C(O)c1cc(O)cc(O)c1,X0,1,0,1,C7H6O4,154.120446,Azospirillum lipoferum,1,0,0,0,0,0,0,1,0,0,0,0,0,0,0,0,Pseudomonadota,,,,,,,,,"Saxena, Babita, Mayuranki Modi, and V. V. Modi. ""Isolation and characterization of siderophores from Azospirillum lipoferum D-2."" Microbiology 132.8 (1986): 2219-2224.; Shah, Samir, Vaidehi Karkhanis, and Anjana Desai. ""Isolation and characterization of siderophore, with antimicrobial activity, from Azospirillum lipoferum M."" Current Microbiology 25 (1992): 347-351.",,,,,,7,6,0,4,0,1.166666667,0,1.75,0,Shaohua Gu; Ruolin He,11,1,1,-1.544,7.339824507
46,Gentisic acid,"2,5-dihydroxybenzoic acid",3,0,0,2,1,0,0,0,0,0,0,0,0,0,0,3,Carboxylate/Phenolate,Other,O=C(O)c1cc(O)ccc1O,Gea,1,1,0,C7H6O4,154.120446,Mus musculus; Danio rerio; Homo sapiens,0,0,0,1,0,0,0,0,0,0,0,0,0,0,0,1,Chordata,,,,,,,,,"Devireddy, Laxminarayana R., et al. ""A mammalian siderophore synthesized by an enzyme with a bacterial homolog involved in enterobactin production."" Cell 141.6 (2010): 1006-1017.; Shvartsman, Maya, and Z. Ioav Cabantchik. ""Intracellular iron trafficking: role of cytosolic ligands."" Biometals 25 (2012): 711-723.",,,,,,7,6,0,4,0,1.166666667,0,1.75,0,Ruolin He,11,1,2,-1.499,7.339824507
47,Protocatechuic acid,"3,4-dihydroxybenzoic acid",4,0,1,0,1,0,0,0,0,0,0,0,0,0,0,3,Carboxylate/Catecholate,Other,O=C(O)c1ccc(O)c(O)c1,PCA,1,1,0,C7H6O4,154.120446,Bacillus anthracis; Bacillus cereus; Bacillus thuringiensis; Magnetospirillum magneticum,1,0,0,0,0,0,0.75,0.25,0,0,0,0,0,0,0,0,Bacillota/Pseudomonadota,,PCA,,,,,,,"Calugay, Ronie J., et al. ""Catechol siderophore excretion by magnetotactic bacterium Magnetospirillum magneticum AMB-1."" Journal of bioscience and bioengineering 101.5 (2006): 445-447.; Wilson, Melissa K., et al. ""Siderophores of Bacillus anthracis, Bacillus cereus, and Bacillus thuringiensis."" Biochemical and biophysical research communications 348.1 (2006): 320-325.; Williams, Kimtrele M., et al. ""Production of protocatechuic acid in Bacillus thuringiensis ATCC33679."" International Journal of Molecular Sciences 13.3 (2012): 3765-3772.",,,,,,7,6,0,4,0,1.166666667,0,1.75,0,Shaohua Gu; Ruolin He,12,2,1,-1.505,7.339824507
48,Ferroverdin F,,1,0,0,0,0,0,0,0,0,0,0,0,0,1,0,2,2-Nitrosophenol,Other,O=Nc1cc(C(=O)O)ccc1O,4OH-3No-Bz,1,1,0,C7H5NO4,167.119208,Streptomyces lunaelactis,1,0,0,0,1,0,0,0,0,0,0,0,0,0,0,0,Actinomycetota,,,,,,,,"DHAP, Asp","Martinet, Loïc, et al. ""Structure of New Ferroverdins Recruiting Unconventional Ferrous Iron Chelating Agents."" Biomolecules 12.6 (2022): 752.","Martinet, Loïc, et al. ""A single biosynthetic gene cluster is responsible for the production of bagremycin antibiotics and ferroverdin iron chelators."" MBio 10.4 (2019): e01230-19.",,,,,7,5,1,4,0,1.4,7,1.75,0,Ruolin He,7,1,1,-2.024,7.075187501
51,Ferroverdin E,,1,0,0,0,0,0,0,0,0,0,0,0,0,1,0,2,2-Nitrosophenol,Other,O=Nc1cc(C(=O)Oc2ccc(C(=O)O)cc2)ccc1O,"pOH-Bz, 4OH-3No-Bz",2,1,0,C14H9NO6,287.224962,Streptomyces lunaelactis,1,0,0,0,1,0,0,0,0,0,0,0,0,0,0,0,Actinomycetota,,,,,,,,"DHAP, Asp","Martinet, Loïc, et al. ""Structure of New Ferroverdins Recruiting Unconventional Ferrous Iron Chelating Agents."" Biomolecules 12.6 (2022): 752.","Martinet, Loïc, et al. ""A single biosynthetic gene cluster is responsible for the production of bagremycin antibiotics and ferroverdin iron chelators."" MBio 10.4 (2019): e01230-19.",,,,,14,9,1,6,0,1.555555556,14,2.333333333,0,Ruolin He,7,1,4,-4.187,5.567931576
50,Ferroverdin H,,1,0,0,0,0,0,0,0,0,0,0,0,0,1,0,2,2-Nitrosophenol,Other,O=Nc1cc(C(=O)Oc2ccc(CC(=O)O)cc2)ccc1O,"4OH-PhAc, 4OH-3No-Bz",2,1,0,C15H11NO6,301.251584,Streptomyces lunaelactis,1,0,0,0,1,0,0,0,0,0,0,0,0,0,0,0,Actinomycetota,,,,,,,,"DHAP, Asp","Martinet, Loïc, et al. ""Structure of New Ferroverdins Recruiting Unconventional Ferrous Iron Chelating Agents."" Biomolecules 12.6 (2022): 752.","Martinet, Loïc, et al. ""A single biosynthetic gene cluster is responsible for the production of bagremycin antibiotics and ferroverdin iron chelators."" MBio 10.4 (2019): e01230-19.",,,,,15,11,1,6,0,1.363636364,15,2.5,0,Ruolin He,7,1,3,-4.021,5.454344389
49,Ferroverdin G,,1,0,0,0,0,0,0,0,0,0,0,0,0,1,0,2,2-Nitrosophenol,Other,O=Nc1cc(C(=O)Oc2ccc(CCC(=O)O)cc2)ccc1O,"3-(4OHPh)-2-Dha, 4OH-3No-Bz",2,1,0,C16H13NO6,315.278206,Streptomyces lunaelactis,1,0,0,0,1,0,0,0,0,0,0,0,0,0,0,0,Actinomycetota,,,,,,,,"DHAP, Asp","Martinet, Loïc, et al. ""Structure of New Ferroverdins Recruiting Unconventional Ferrous Iron Chelating Agents."" Biomolecules 12.6 (2022): 752.","Martinet, Loïc, et al. ""A single biosynthetic gene cluster is responsible for the production of bagremycin antibiotics and ferroverdin iron chelators."" MBio 10.4 (2019): e01230-19.",,,,,16,13,1,6,0,1.230769231,16,2.666666667,0,Ruolin He,7,1,2,-4.088,5.348461063
52,Ferroverdin C,,1,0,0,0,0,0,0,0,0,0,0,0,0,1,0,2,2-Nitrosophenol,Other,O=Nc1cc(C(=O)Oc2ccc(/C=C/C(=O)O)cc2)ccc1O,"3-(4-OHPh)Dha, 4OH-3No-Bz",2,1,0,C16H11NO6,313.262324,Streptomyces lunaelactis,1,0,0,0,1,0,0,0,0,0,0,0,0,0,0,0,Actinomycetota,,,,,,,,"DHAP, Asp","Martinet, Loïc, et al. ""A single biosynthetic gene cluster is responsible for the production of bagremycin antibiotics and ferroverdin iron chelators."" MBio 10.4 (2019): e01230-19.","Martinet, Loïc, et al. ""A single biosynthetic gene cluster is responsible for the production of bagremycin antibiotics and ferroverdin iron chelators."" MBio 10.4 (2019): e01230-19.",,,,,16,11,1,6,0,1.454545455,16,2.666666667,0,Ruolin He,7,1,5,-4.266,5.363237863
53,Ferroverdin A,,1,0,0,0,0,0,0,0,0,0,0,0,0,1,0,2,2-Nitrosophenol,Other,C=Cc1ccc(OC(=O)c2ccc(O)c(N=O)c2)cc1,"4-ViPhol, 4OH-3No-Bz",2,1,0,C15H11NO4,269.252774,Streptomyces lunaelactis,1,0,0,0,1,0,0,0,0,0,0,0,0,0,0,0,Actinomycetota,,,,,,,,"DHAP, Asp","Martinet, Loïc, et al. ""A single biosynthetic gene cluster is responsible for the production of bagremycin antibiotics and ferroverdin iron chelators."" MBio 10.4 (2019): e01230-19.","Martinet, Loïc, et al. ""A single biosynthetic gene cluster is responsible for the production of bagremycin antibiotics and ferroverdin iron chelators."" MBio 10.4 (2019): e01230-19.",,,,,15,11,1,4,0,1.363636364,15,3.75,0,Ruolin He,7,1,6,-4.65,5.72633569
54,Ferroverdin D,,1,0,0,0,0,0,0,0,0,0,0,0,0,1,0,2,2-Nitrosophenol,Other,O=Cc1ccc(OC(=O)c2ccc(O)c(N=O)c2)cc1,"4OHBz-ald, 4OH-3No-Bz",2,1,0,C14H9NO5,271.225557,Streptomyces lunaelactis,1,0,0,0,1,0,0,0,0,0,0,0,0,0,0,0,Actinomycetota,,,,,,,,"DHAP, Asp","Martinet, Loïc, et al. ""Structure of New Ferroverdins Recruiting Unconventional Ferrous Iron Chelating Agents."" Biomolecules 12.6 (2022): 752.","Martinet, Loïc, et al. ""A single biosynthetic gene cluster is responsible for the production of bagremycin antibiotics and ferroverdin iron chelators."" MBio 10.4 (2019): e01230-19.",,,,,14,9,1,5,0,1.555555556,14,2.8,0,Ruolin He,7,1,7,-4.279,5.708175974
55,Ferroverdin B,,1,0,0,0,0,0,0,0,0,0,0,0,0,1,0,2,2-Nitrosophenol,Other,O=Nc1cc(C(=O)Oc2ccc(/C=C/O)cc2)ccc1O,"X0, 4OH-3No-Bz",2,0.523809524,1,C15H11NO5,285.252179,Streptomyces lunaelactis,1,0,0,0,1,0,0,0,0,0,0,0,0,0,0,0,Actinomycetota,,,,,,,,"DHAP, Asp","Martinet, Loïc, et al. ""A single biosynthetic gene cluster is responsible for the production of bagremycin antibiotics and ferroverdin iron chelators."" MBio 10.4 (2019): e01230-19.","Martinet, Loïc, et al. ""A single biosynthetic gene cluster is responsible for the production of bagremycin antibiotics and ferroverdin iron chelators."" MBio 10.4 (2019): e01230-19.",,,,,15,11,1,5,0,1.363636364,15,3,0,Ruolin He,7,1,8,-3.687,5.584579736
56,"Pyridine-2,6-bis(thiocarboxylic acid)","2,6-Pyridinedicarbothioic acid; PDTC; Pyridine-2,6-bis(thiocarboxylate)",2,0,0,0,0,0,0,0,0,2,0,0,0,0,1,3,Alpha-Aminocarboxylate,NIS,OC(=S)c1cccc(C(O)=S)n1,X0,1,0,1,C7H5NO2S2,199.249998,Pseudomonas putida; Stutzerimonas stutzeri,1,0,0,0,0,0,0,1,0,0,0,0,0,0,0,0,Pseudomonadota,,,,,,,,,"Lewis, Thomas A., et al. ""Physiological and molecular genetic evaluation of the dechlorination agent, pyridine‐2, 6‐bis (monothiocarboxylic acid)(PDTC) as a secondary siderophore of Pseudomonas."" Environmental microbiology 6.2 (2004): 159-169.; Leach, Lynne H., James C. Morris, and Thomas A. Lewis. ""The role of the siderophore pyridine-2, 6-bis (thiocarboxylic acid)(PDTC) in zinc utilization by Pseudomonas putida DSM 3601."" BioMetals 20 (2007): 717-726.; Cornelis, Pierre. ""Iron uptake and metabolism in pseudomonads."" Applied microbiology and biotechnology 86 (2010): 1637-1645.",,,,,,7,5,1,2,2,1.4,7,3.5,3.5,Shaohua Gu; Ruolin He,13,1,1,-2.384,6.538253312
697,Pyonitrin A,,1,0,0,0,0,0,0,0,1,0,0,0,0,0,0,2,Hydroxyphenylthiazoline,NRPS,Oc1ccccc1-c1nc(-c2nc3c(Cl)cccc3c3cc[nH]c23)cs1,"X0, SA",2,0.307692308,1,C20H12ClN3OS,377.847306,Pseudomonas protegens,1,0,0,0,0,0,0,1,0,0,0,0,0,0,0,0,Pseudomonadota,,,,,SA+Cys,,,,"Kaplan, Anna R., Djamaladdin G. Musaev, and William M. Wuest. ""Pyochelin biosynthetic metabolites bind iron and promote growth in pseudomonads demonstrating siderophore-like activity."" ACS infectious diseases 7.3 (2021): 544-551.","Mevers, Emily, et al. ""Pyonitrins A–D: chimeric natural products produced by Pseudomonas protegens."" Journal of the American Chemical Society 141.43 (2019): 17098-17101.",,,,,20,12,3,1,1,1.666666667,6.666666667,20,20,Ruolin He,5,2,4,-7.154,4.950483202
700,Pyonitrin D,,1,0,0,0,0,0,0,0,1,0,0,0,0,0,0,2,Hydroxyphenylthiazoline,NRPS,Oc1ccccc1-c1nc(-c2nc3c(Cl)cccc3c3c(Cl)c[nH]c23)cs1,"X0, SA",2,0.296296296,1,C20H11Cl2N3OS,412.292265,Pseudomonas protegens,1,0,0,0,0,0,0,1,0,0,0,0,0,0,0,0,Pseudomonadota,,,,,SA+Cys,,,,"Kaplan, Anna R., Djamaladdin G. Musaev, and William M. Wuest. ""Pyochelin biosynthetic metabolites bind iron and promote growth in pseudomonads demonstrating siderophore-like activity."" ACS infectious diseases 7.3 (2021): 544-551.","Mevers, Emily, et al. ""Pyonitrins A–D: chimeric natural products produced by Pseudomonas protegens."" Journal of the American Chemical Society 141.43 (2019): 17098-17101.",,,,,20,112,3,1,1,0.178571429,6.666666667,20,20,Ruolin He,5,2,3,-7.678,4.77115601
698,Pyonitrin B,,1,0,0,0,0,0,0,0,1,0,0,0,0,0,0,2,Hydroxyphenylthiazoline,NRPS,Oc1ccccc1-c1nc(-c2nc3ccccc3c3c(Cl)c[nH]c23)cs1,"X0, SA",2,0.307692308,1,C20H12ClN3OS,377.847306,Pseudomonas protegens,1,0,0,0,0,0,0,1,0,0,0,0,0,0,0,0,Pseudomonadota,,,,,SA+Cys,,,,"Kaplan, Anna R., Djamaladdin G. Musaev, and William M. Wuest. ""Pyochelin biosynthetic metabolites bind iron and promote growth in pseudomonads demonstrating siderophore-like activity."" ACS infectious diseases 7.3 (2021): 544-551.","Mevers, Emily, et al. ""Pyonitrins A–D: chimeric natural products produced by Pseudomonas protegens."" Journal of the American Chemical Society 141.43 (2019): 17098-17101.",,,,,20,12,3,1,1,1.666666667,6.666666667,20,20,Ruolin He,5,2,2,-7.176,4.950483202
699,Pyonitrin C,,1,0,0,0,0,0,0,0,1,0,0,0,0,0,0,2,Hydroxyphenylthiazoline,NRPS,Oc1ccccc1-c1nc(-c2nc3ccccc3c3cc[nH]c23)cs1,"X0, SA",2,0.32,1,C20H13N3OS,343.402347,Pseudomonas protegens,1,0,0,0,0,0,0,1,0,0,0,0,0,0,0,0,Pseudomonadota,,,,,SA+Cys,,,,"Kaplan, Anna R., Djamaladdin G. Musaev, and William M. Wuest. ""Pyochelin biosynthetic metabolites bind iron and promote growth in pseudomonads demonstrating siderophore-like activity."" ACS infectious diseases 7.3 (2021): 544-551.","Mevers, Emily, et al. ""Pyonitrins A–D: chimeric natural products produced by Pseudomonas protegens."" Journal of the American Chemical Society 141.43 (2019): 17098-17101.",,,,,20,13,3,1,1,1.538461538,6.666666667,20,20,Ruolin He,5,2,1,-6.702,5.156111987
716,7-hydroxytropolone,,2,0,0,0,1,0,0,0,0,0,0,0,0,0,-1,2,Carboxylate,Other,O=c1ccccc(O)c1O,X0,1,0,1,C7H6O3,138.121041,Pseudomonas sp. Ps652; Pseudomonas donghuensis HYS,1,0,0,0,0,0,0,1,0,0,0,0,0,0,0,0,Pseudomonadota,,,,,,,,,"Chen, Min, Panning Wang, and Zhixiong Xie. ""A complex mechanism involving LysR and TetR/AcrR that regulates iron scavenger biosynthesis in Pseudomonas donghuensis HYS."" Journal of Bacteriology 200.13 (2018): 10-1128.; Moffat, Alaster D., et al. ""Understanding the biosynthesis, metabolic regulation, and anti-phytopathogen activity of 3, 7-dihydroxytropolone in Pseudomonas spp."" Mbio 15.10 (2024): e01022-24.","Moffat, Alaster D., et al. ""Understanding the biosynthesis, metabolic regulation, and anti-phytopathogen activity of 3, 7-dihydroxytropolone in Pseudomonas spp."" Mbio 15.10 (2024): e01022-24.",,,,,7,6,0,3,0,1.166666667,0,2.333333333,0,Yanzhao Wu; Jiqi Shao; Ruolin He,29,1,1,-1.447,7.716872378
715,"3,7-dihydroxytropolone",,1,0,0,0,1,0,0,0,0,0,0,0,0,0,-1,2,Carboxylate,Other,O=c1cccc(O)c(O)c1O,X0,1,0,1,C7H6O4,154.120446,Pseudomonas sp. Ps652,1,0,0,0,0,0,0,1,0,0,0,0,0,0,0,0,Pseudomonadota,,,,,,,,,"Moffat, Alaster D., et al. ""Understanding the biosynthesis, metabolic regulation, and anti-phytopathogen activity of 3, 7-dihydroxytropolone in Pseudomonas spp."" Mbio 15.10 (2024): e01022-24.","Moffat, Alaster D., et al. ""Understanding the biosynthesis, metabolic regulation, and anti-phytopathogen activity of 3, 7-dihydroxytropolone in Pseudomonas spp."" Mbio 15.10 (2024): e01022-24.",,,,,7,6,0,4,0,1.166666667,0,1.75,0,Yanzhao Wu; Jiqi Shao; Ruolin He,29,1,2,-1.735,7.339824507
67,"2,3-dihydroxybenzoic acid",,9,0,1,0,1,0,0,0,0,0,0,0,0,0,0,3,Carboxylate/Catecholate,Other,O=C(O)c1cccc(O)c1O,diOH-Bz,1,1,0,C7H6O4,154.120446,Azotobacter vinelandii; Azospirillum lipoferum; Bacillus cereus; Bacillus thuringiensis; Brucella abortus; Klebsiella oxytoca; Bacillus subtilis SL-44; Pseudomonas reinekei MT1; Acinetobacter baumannii DS002,1,0,0,0,0,0,0.333333333,0.666666667,0,0,0,0,0,0,0,0,Pseudomonadota/Bacillota,,diOH-Bz,,,,,,,"Korth, Heinz. ""Über das Vorkommen von 2, 3-Dihydroxybenzoesäure und ihrer Aminosäurederivate in Kulturmedien von Klebsiella oxytoca."" Archives of Microbiology 70.3 (1970): 297-302.; Saxena, Babita, Mayuranki Modi, and V. V. Modi. ""Isolation and characterization of siderophores from Azospirillum lipoferum D-2."" Microbiology 132.8 (1986): 2219-2224.; Lopez-Goñi, Ignacio, Ignacio Moriyon, and J. B. Neilands. ""Identification of 2, 3-dihydroxybenzoic acid as a Brucella abortus siderophore."" Infection and immunity 60.11 (1992): 4496-4503.; Shah, Samir, Vaidehi Karkhanis, and Anjana Desai. ""Isolation and characterization of siderophore, with antimicrobial activity, from Azospirillum lipoferum M."" Current Microbiology 25 (1992): 347-351.; Duhme, A-K., et al. ""The stability of the molybdenum-azotochelin complex and its effect on siderophore production in Azotobacter vinelandii."" JBIC Journal of Biological Inorganic Chemistry 3 (1998): 520-526.; Wilson, Melissa K., et al. ""Siderophores of Bacillus anthracis, Bacillus cereus, and Bacillus thuringiensis."" Biochemical and biophysical research communications 348.1 (2006): 320-325.; Marín, Macarena, Iris Plumeier, and Dietmar H. Pieper. ""Degradation of 2, 3-dihydroxybenzoate by a novel meta-cleavage pathway."" Journal of bacteriology 194.15 (2012): 3851-3860.; Yakkala, Harshita, et al. ""Comparative genome analysis reveals niche-specific genome expansion in Acinetobacter baumannii strains."" PLoS One 14.6 (2019): e0218204.; Xiang, Huichun, et al. ""Identification and characterization of siderophilic biocontrol strain SL-44 combined with whole genome."" Environmental Science and Pollution Research 30.22 (2023): 62104-62120.",,,,,,7,6,0,4,0,1.166666667,0,1.75,0,Shaohua Gu; Ruolin He,12,3,1,-1.47,7.339824507
68,Salicylic acid,2-hydroxybenzoic acid,2,0,0,1,1,0,0,0,0,0,0,0,0,0,0,2,Carboxylate/Phenolate,Other,O=C(O)c1ccccc1O,SA,1,1,0,C7H6O3,138.121041,Azospirillum lipoferum; Burkholderia cepacia,1,0,0,0,0,0,0,1,0,0,0,0,0,0,0,0,Pseudomonadota,,,,,,,,,"Saxena, Babita, Mayuranki Modi, and V. V. Modi. ""Isolation and characterization of siderophores from Azospirillum lipoferum D-2."" Microbiology 132.8 (1986): 2219-2224.; Shah, Samir, Vaidehi Karkhanis, and Anjana Desai. ""Isolation and characterization of siderophore, with antimicrobial activity, from Azospirillum lipoferum M."" Current Microbiology 25 (1992): 347-351.; Sokol, P. A., C. J. Lewis, and J. J. Dennis. ""Isolation of a novel siderophore from Pseudomonas cepacia."" Journal of medical microbiology 36.3 (1992): 184-189.; Segonds, C., and G. Chabanon. ""Burkholderia cepacia: les dangers d'un micro-organisme phytopathogène pour les patients atteints de mucoviscidose."" Annales de Biologie Clinique. Vol. 59. No. 3. (2001).; Tortora, María L., Juan C. Díaz-Ricci, and Raúl O. Pedraza. ""Azospirillum brasilense siderophores with antifungal activity against Colletotrichum acutatum."" Archives of microbiology 193 (2011): 275-286.",,,,,,7,6,0,3,0,1.166666667,0,2.333333333,0,Shaohua Gu; Ruolin He,11,2,1,-1.211,7.716872378
69,Madurastatin B1,,1,0,0,1,1,0,0,0,0,0,0,0,0,0,0,2,Carboxylate/Phenolate,NRPS,O=C(O)[C@H]1CN1C(=O)c1ccccc1O,"Azd-2COOH, SA",2,1,0,C10H9NO4,207.183192,Actinomadura madurae,1,0,0,0,1,0,0,0,0,0,0,0,0,0,0,0,Actinomycetota,,,,,,,,,"Harada, Ken-ichi, et al. ""Isolation and structural characterization of siderophores, madurastatins, produced by a pathogenic Actinomadura madurae."" The Journal of antibiotics 57.2 (2004): 125-135.",,,,,,10,9,1,4,0,1.111111111,10,2.5,0,Ruolin He,1,2,1,-1.68,6.425650813
191,Pseudomonine,,2,0,0,1,0,0,0,0,0,0,0,0,0,0,0,1,Phenolate,NRPS,CC1ON(CCc2cnc[nH]2)C(=O)C1NC(=O)c1ccccc1O,"HIA, aThr/Thr, SA",3,1,0,C16H18N4O4,330.33921,Pseudomonas entomophila; Pseudomonas fluorescens,1,0,0,0,0,0,0,1,0,0,0,0,0,0,0,0,Pseudomonadota,,,,,,,,,"Mercado-Blanco, Jesús, et al. ""Analysis of the pmsCEAB gene cluster involved in biosynthesis of salicylic acid and the siderophore pseudomonine in the biocontrol strain Pseudomonas fluorescens WCS374."" Journal of Bacteriology 183.6 (2001): 1909-1920.; Sattely, Elizabeth S., and Christopher T. Walsh. ""A latent oxazoline electrophile for N− O− C bond formation in pseudomonine biosynthesis."" Journal of the American Chemical Society 130.37 (2008): 12282-12284.; Sattely, Elizabeth S., and Christopher T. Walsh. ""A latent oxazoline electrophile for N− O− C bond formation in pseudomonine biosynthesis."" Journal of the American Chemical Society 130.37 (2008): 12282-12284.; Matthijs, Sandra, et al. ""Siderophore-mediated iron acquisition in the entomopathogenic bacterium Pseudomonas entomophila L48 and its close relative Pseudomonas putida KT2440."" Biometals 22 (2009): 951-964.; Cornelis, Pierre. ""Iron uptake and metabolism in pseudomonads."" Applied microbiology and biotechnology 86 (2010): 1637-1645.; Cornelis, Pierre. ""Iron uptake and metabolism in pseudomonads."" Applied microbiology and biotechnology 86 (2010): 1637-1645.","Mercado-Blanco, Jesús, et al. ""Analysis of the pmsCEAB gene cluster involved in biosynthesis of salicylic acid and the siderophore pseudomonine in the biocontrol strain Pseudomonas fluorescens WCS374."" Journal of Bacteriology 183.6 (2001): 1909-1920.",,,,,16,18,4,4,0,0.888888889,4,4,0,Shaohua Gu; Ruolin He,1,21,2,-2.921,5.24239029
192,Acinetobactin,Acinetobactin isoxazolidinone form,2,0,1,0,0,0,0,0,0,0,0,0,0,0,0,2,Catecholate,NRPS,C[C@@H]1ON(CCc2c[nH]cn2)C(=O)[C@H]1NC(=O)c1cccc(O)c1O,"aThr/Thr, diOH-Bz, HIA",3,1,0,C16H18N4O5,346.338615,Acinetobacter baumannii; Acinetobacter haemolyticus,1,0,0,0,0,0,0,1,0,0,0,0,0,0,0,0,Pseudomonadota,,diOH-Bz,,,,,,,"Fadeev, Evgeny A., Minkui Luo, and John T. Groves. ""Synthesis, structure, and molecular dynamics of gallium complexes of schizokinen and the amphiphilic siderophore acinetoferrin."" Journal of the American Chemical Society 126.38 (2004): 12065-12075.; Kim, Mingi, et al. ""Distinctive roles of two acinetobactin isomers in challenging host nutritional immunity."" MBio 12.5 (2021): 10-1128.","Balado, Miguel, et al. ""Two catechol siderophores, acinetobactin and amonabactin, are simultaneously produced by Aeromonas salmonicida subsp. salmonicida sharing part of the biosynthetic pathway."" ACS chemical biology 10.12 (2015): 2850-2860.",,,,,16,18,4,5,0,0.888888889,4,3.2,0,Shaohua Gu; Ruolin He,1,21,3,-2.826,5.137394749
868,Pseudomonin B,,1,0,0,1,0,0,0,0,0,0,0,0,0,0,0,1,Phenolate,Putative NRPS,C[C@@H](OC(=O)c1ccccc1O)[C@H](N)C(=O)NCCc1c[nH]cn1,"HIA, aThr/Thr, SA",3,1,0,C16H20N4O4,332.355092,Pseudomonas sp. UIAU-6B,1,0,0,0,0,0,0,1,0,0,0,0,0,0,0,0,Pseudomonadota,,,,,,,,,"Oluwabusola, Emmanuel T., et al. ""Isolation and characterization of new phenolic siderophores with antimicrobial properties from Pseudomonas sp. UIAU-6B."" Beilstein journal of organic chemistry 17.1 (2021): 2390-2398.","Oluwabusola, Emmanuel T., et al. ""Isolation and characterization of new phenolic siderophores with antimicrobial properties from Pseudomonas sp. UIAU-6B."" Beilstein journal of organic chemistry 17.1 (2021): 2390-2398.",,,,,16,20,4,4,0,0.8,4,4,0,Yanzhao Wu; Jiqi Shao; Ruolin He,1,46,1,-2.158,5.228744173
869,Pseudomonin C,,1,0,0,1,0,0,0,0,0,0,0,0,0,0,0,1,Phenolate,Putative NRPS,C[C@@H](OC(=O)c1ccccc1O)[C@H](N)C(=O)NCCc1ccccc1,"aThr/Thr, SA, Ph-etNH2",3,1,0,C19H22N2O4,342.389788,Pseudomonas sp. UIAU-6B,1,0,0,0,0,0,0,1,0,0,0,0,0,0,0,0,Pseudomonadota,,,,,,,,,"Oluwabusola, Emmanuel T., et al. ""Isolation and characterization of new phenolic siderophores with antimicrobial properties from Pseudomonas sp. UIAU-6B."" Beilstein journal of organic chemistry 17.1 (2021): 2390-2398.","Oluwabusola, Emmanuel T., et al. ""Isolation and characterization of new phenolic siderophores with antimicrobial properties from Pseudomonas sp. UIAU-6B."" Beilstein journal of organic chemistry 17.1 (2021): 2390-2398.",,,,,19,22,2,4,0,0.863636364,9.5,4.75,0,Yanzhao Wu; Jiqi Shao; Ruolin He,1,46,2,-2.927,5.162622368
867,Pseudomonin A,,1,0,0,1,0,0,0,0,0,0,0,0,0,0,0,1,Phenolate,Putative NRPS,C[C@@H](OC(=O)c1ccccc1O)[C@H](N)C(N)=O,"Thra, SA",2,1,0,C11H14N2O4,238.24034,Pseudomonas sp. UIAU-6B,1,0,0,0,0,0,0,1,0,0,0,0,0,0,0,0,Pseudomonadota,,,,,,,,,"Oluwabusola, Emmanuel T., et al. ""Isolation and characterization of new phenolic siderophores with antimicrobial properties from Pseudomonas sp. UIAU-6B."" Beilstein journal of organic chemistry 17.1 (2021): 2390-2398.","Oluwabusola, Emmanuel T., et al. ""Isolation and characterization of new phenolic siderophores with antimicrobial properties from Pseudomonas sp. UIAU-6B."" Beilstein journal of organic chemistry 17.1 (2021): 2390-2398.",,,,,11,14,2,4,0,0.785714286,5.5,2.75,0,Yanzhao Wu; Jiqi Shao; Ruolin He,1,46,3,-1.56,6.041109514
66,Hinduchelin B,,1,0,0,0,0,0,0,1,0,0,0,0,0,0,0,2,Hydroxyphenyloxazoline,Putative NRPS,COc1cccc(-c2nc(C(=O)NCCc3ccccc3O)c(C)o2)c1OC,"2NH2-3OHBut-2EnA, 2,3-diMeO-Bz, 2-(2-NH2-et)Phol",3,1,0,C21H22N2O5,382.410673,Streptoalloteichus hindustanus,1,0,0,0,1,0,0,0,0,0,0,0,0,0,0,0,Actinomycetota,,,,diOH-Bz+Thr,,,,,"He, Fei, et al. ""Hinduchelins A–D, noncytotoxic catechol derivatives from Streptoalloteichus hindustanus."" Journal of natural products 81.6 (2018): 1493-1496.",,,,,,21,22,2,5,0,0.954545455,10.5,4.2,0,Ruolin He,10,1,4,-4.719,4.92534407
65,Hinduchelin C,,1,0,0,0,0,0,0,1,0,0,0,0,0,0,0,2,Hydroxyphenyloxazoline,Putative NRPS,COc1cccc(-c2nc(C(=O)NCCc3ccccc3O)c(C)o2)c1O,"2-(2-NH2-et)Phol, 2NH2-3OHBut-2EnA, 2OH-3MeO-Bz",3,1,0,C20H20N2O5,368.384051,Streptoalloteichus hindustanus,1,0,0,0,1,0,0,0,0,0,0,0,0,0,0,0,Actinomycetota,,,,diOH-Bz+Thr,,,,,"He, Fei, et al. ""Hinduchelins A–D, noncytotoxic catechol derivatives from Streptoalloteichus hindustanus."" Journal of natural products 81.6 (2018): 1493-1496.",,,,,,20,20,2,5,0,1,10,4,0,Ruolin He,10,1,3,-4.469,5.004093964
64,Hinduchelin D,,1,0,0,0,0,0,0,1,0,0,0,0,0,0,0,2,Hydroxyphenyloxazoline,Putative NRPS,COc1cccc(-c2nc(C(=O)NCCc3ccccc3)c(C)o2)c1O,"2NH2-3OHBut-2EnA, 2OH-3MeO-Bz, Ph-etNH2",3,1,0,C20H20N2O4,352.384646,Streptoalloteichus hindustanus,1,0,0,0,1,0,0,0,0,0,0,0,0,0,0,0,Actinomycetota,,,,diOH-Bz+Thr,,,,,"He, Fei, et al. ""Hinduchelins A–D, noncytotoxic catechol derivatives from Streptoalloteichus hindustanus."" Journal of natural products 81.6 (2018): 1493-1496.",,,,,,20,20,2,4,0,1,10,5,0,Ruolin He,10,1,2,-4.637,5.099594343
63,Hinduchelin A,,1,0,0,0,0,0,0,1,0,0,0,0,0,0,0,2,Hydroxyphenyloxazoline,Putative NRPS,COc1cccc(-c2nc(C(=O)NC[C@@H](O)c3ccccc3)c(C)o2)c1OC,"2NH2-3OHBut-2EnA, 2,3-diMeO-Bz, 2NH2-Phol",3,1,0,C21H22N2O5,382.410673,Streptoalloteichus hindustanus,1,0,0,0,1,0,0,0,0,0,0,0,0,0,0,0,Actinomycetota,,,,diOH-Bz+Thr,,,,,"He, Fei, et al. ""Hinduchelins A–D, noncytotoxic catechol derivatives from Streptoalloteichus hindustanus."" Journal of natural products 81.6 (2018): 1493-1496.",,,,,,21,22,2,5,0,0.954545455,10.5,4.2,0,Ruolin He,10,1,1,-3.718,4.92534407
62,Quinolobactin,,1,0,0,1,0,0,0,0,0,1,0,0,0,0,0,3,Alpha-Aminocarboxylate/Phenolate,NIS,COc1cc(C(=O)O)nc2c(O)cccc12,X0,1,0,1,C11H9NO4,219.193932,Pseudomonas fluorescens ATCC 17400,1,0,0,0,0,0,0,1,0,0,0,0,0,0,0,0,Pseudomonadota,,,,,,,,,"Mossialos, Dimitris, et al. ""Quinolobactin, a new siderophore of Pseudomonas fluorescens ATCC 17400, the production of which is repressed by the cognate pyoverdine."" Applied and environmental Microbiology 66.2 (2000): 487-492.",,,,,,11,9,1,4,0,1.222222222,11,2.75,0,Shaohua Gu; Ruolin He,15,1,2,-2.795,6.26712996
61,Thioquinolobactin,Thio-quinolobactin; (thio)quinolobactin,2,0,0,1,1,0,0,0,0,0,0,0,0,0,0,2,Carboxylate/Phenolate,NIS,COc1cc(C(=O)S)nc2c(O)cccc12,X0,1,0,1,C11H9NO3S,235.259327,Pseudomonas fluorescens ATCC 17400; Pseudomonas sp. DTU12.1,1,0,0,0,0,0,0,1,0,0,0,0,0,0,0,0,Pseudomonadota,,,,,,,,,"Godert, Amy M., et al. ""Biosynthesis of the thioquinolobactin siderophore: an interesting variation on sulfur transfer."" Journal of bacteriology 189.7 (2007): 2941-2944.; Matthijs, Sandra, et al. ""Thioquinolobactin, a Pseudomonas siderophore with antifungal and anti‐Pythium activity."" Environmental microbiology 9.2 (2007): 425-434.; Cornelis, Pierre. ""Iron uptake and metabolism in pseudomonads."" Applied microbiology and biotechnology 86 (2010): 1637-1645.; Sazinas, Pavelas, et al. ""A rare thioquinolobactin siderophore present in a bioactive Pseudomonas sp. DTU12. 1."" Genome Biology and Evolution 11.12 (2019): 3529-3533.","Godert, Amy M., et al. ""Biosynthesis of the thioquinolobactin siderophore: an interesting variation on sulfur transfer."" Journal of bacteriology 189.7 (2007): 2941-2944.",,,,,11,9,1,3,1,1.222222222,11,3.666666667,11,Shaohua Gu; Ruolin He,15,1,1,-3.348,6.074641222
57,Proferrorosamine A,,1,0,0,0,1,0,0,0,0,0,0,0,0,0,0,1,Carboxylate,PKS,O=C(O)C1CCC(c2ccccn2)=N1,X0,1,0,1,C10H10N2O2,190.199026,Erwinia rhapontici,1,0,0,0,0,0,0,1,0,0,0,0,0,0,0,0,Pseudomonadota,,,,,,,,,"Born, Yannick, et al. ""Fe2+ chelator proferrorosamine A: a gene cluster of Erwinia rhapontici P45 involved in its synthesis and its impact on growth of Erwinia amylovora CFBP1430."" Microbiology 162.2 (2016): 236-245.",,,,,,10,10,2,2,0,1,5,5,0,Ruolin He,22,2,1,-1.546,6.675380461
892,Siderochelin D,,2,0,1,0,0,0,0,0,0,0,0,0,0,0,0,2,Catecholate,PKS,C[C@@]1(O)CC(C(=O)O)N=C1c1ncccc1O,X0,1,0,1,C11H12N2O4,236.224458,Amycolatopsis sp. WAC04611; Nocardia sp. ATCC 31531,1,0,0,0,1,0,0,0,0,0,0,0,0,0,0,0,Actinomycetota,,Unknown,,,,,,,"Qian, Yao, et al. ""Analysis of siderochelin biosynthesis reveals that a type II polyketide synthase catalyses diketide formation."" Nature Synthesis (2024): 1-14.; Schaenzer, Adam J., et al. ""Identification and characterization of the siderochelin biosynthetic gene cluster via coculture."" Mbio 15.10 (2024): e01871-24.","Vining, Leo C., et al. ""The biosynthesis of caerulomycins in Streptomyces caeruleus. Isolation of a new caerulomycin and incorporation of picolinic acid and glycerol into caerulomycin A."" Canadian journal of chemistry 66.1 (1988): 191-194.; Qian, Yao, et al. ""Analysis of siderochelin biosynthesis reveals that a type II polyketide synthase catalyses diketide formation."" Nature Synthesis (2024): 1-14.; Schaenzer, Adam J., et al. ""Identification and characterization of the siderochelin biosynthetic gene cluster via coculture."" Mbio 15.10 (2024): e01871-24.",,,,,11,12,2,4,0,0.916666667,5.5,2.75,0,Ruolin He,22,1,2,-1.627,6.063714723
890,Siderochelin B,,2,0,1,0,0,0,0,0,0,0,0,0,0,0,0,2,Catecholate,PKS,C[C@]1(O)CC(C(N)=O)N=C1c1ncccc1O,X0,1,0,1,C11H13N3O3,235.239697,Amycolatopsis sp. WAC04611; Nocardia sp. ATCC 31531,1,0,0,0,1,0,0,0,0,0,0,0,0,0,0,0,Actinomycetota,,Unknown,,,,,,,"Qian, Yao, et al. ""Analysis of siderochelin biosynthesis reveals that a type II polyketide synthase catalyses diketide formation."" Nature Synthesis (2024): 1-14.; Schaenzer, Adam J., et al. ""Identification and characterization of the siderochelin biosynthetic gene cluster via coculture."" Mbio 15.10 (2024): e01871-24.","Vining, Leo C., et al. ""The biosynthesis of caerulomycins in Streptomyces caeruleus. Isolation of a new caerulomycin and incorporation of picolinic acid and glycerol into caerulomycin A."" Canadian journal of chemistry 66.1 (1988): 191-194.; Qian, Yao, et al. ""Analysis of siderochelin biosynthesis reveals that a type II polyketide synthase catalyses diketide formation."" Nature Synthesis (2024): 1-14.; Schaenzer, Adam J., et al. ""Identification and characterization of the siderochelin biosynthetic gene cluster via coculture."" Mbio 15.10 (2024): e01871-24.",,,,,11,13,3,3,0,0.846153846,3.666666667,3.666666667,0,Ruolin He,22,1,3,-1.624,6.074864164
59,Siderochelin A,,2,0,0,1,0,0,0,0,0,0,0,0,0,0,0,1,Phenolate,PKS,C[C@@]1(O)CC(C(N)=O)N=C1c1ncccc1O,X0,1,0,1,C11H13N3O3,235.239697,Nocardia sp. ATCC 31531; Amycolatopsis sp. WAC04611,1,0,0,0,1,0,0,0,0,0,0,0,0,0,0,0,Actinomycetota,,,,,,,,,"Liu, W., Fisher, S., Wells, J. S., Ricca, C. S., Principe, P. A., Trejo, W. H., Bonner, D. P., Gougoutos, J. Z., Poeplitz, B., Sykes, R. B. (1981) J. Antibiot. 34, 791-799; Schaenzer, Adam J., et al. ""Identification and characterization of the siderochelin biosynthetic gene cluster via coculture."" Mbio 15.10 (2024): e01871-24.","Vining, Leo C., et al. ""The biosynthesis of caerulomycins in Streptomyces caeruleus. Isolation of a new caerulomycin and incorporation of picolinic acid and glycerol into caerulomycin A."" Canadian journal of chemistry 66.1 (1988): 191-194.; Qian, Yao, et al. ""Analysis of siderochelin biosynthesis reveals that a type II polyketide synthase catalyses diketide formation."" Nature Synthesis (2024): 1-14.; Schaenzer, Adam J., et al. ""Identification and characterization of the siderochelin biosynthetic gene cluster via coculture."" Mbio 15.10 (2024): e01871-24.",,,,,11,13,3,3,0,0.846153846,3.666666667,3.666666667,0,Shaohua Gu; Ruolin He,22,1,1,-1.624,6.074864164
891,Siderochelin C,,1,0,1,0,0,0,0,0,0,0,0,0,0,0,0,2,Catecholate,PKS,CC[C@@]1(O)C[C@@H](C(N)=O)N=C1c1ncccc1O,X0,1,0,1,C12H15N3O3,249.266319,Actinomycetes sp. 69-209B-89,1,0,0,0,1,0,0,0,0,0,0,0,0,0,0,0,Actinomycetota,,Unknown,,,,,,,"MITSCHER, LESTER A., et al. ""Isolation and structural determination of siderochelin C, a fermentation product of an unusual Actinomycetes sp."" The Journal of Antibiotics 37.10 (1984): 1260-1263.","Vining, Leo C., et al. ""The biosynthesis of caerulomycins in Streptomyces caeruleus. Isolation of a new caerulomycin and incorporation of picolinic acid and glycerol into caerulomycin A."" Canadian journal of chemistry 66.1 (1988): 191-194.; Qian, Yao, et al. ""Analysis of siderochelin biosynthesis reveals that a type II polyketide synthase catalyses diketide formation."" Nature Synthesis (2024): 1-14.; Schaenzer, Adam J., et al. ""Identification and characterization of the siderochelin biosynthetic gene cluster via coculture."" Mbio 15.10 (2024): e01871-24.",,,,,12,15,3,3,0,0.8,4,4,0,Ruolin He,22,3,1,-1.773,5.922415213
58,Ferrithiocin,Desferrithiocin,1,0,0,0,0,0,0,0,1,1,0,0,0,0,1,3,Alpha-Aminocarboxylate/Hydroxyphenylthiazoline,Putative NRPS,CC1(C(=O)O)CSC(c2ncccc2O)=N1,"aMe-Cys, Hpa",2,1,0,C10H10N2O3S,238.263231,Streptomyces antibioticus,1,0,0,0,1,0,0,0,0,0,0,0,0,0,0,0,Actinomycetota,,,,,Unknown,,,,"Anderegg, G., and M. Räber. ""Metal complex formation of a new siderophore desferrithiocin and of three related ligands."" Journal of the Chemical Society, Chemical Communications 17 (1990): 1194-1196.; Kicic, Anthony, Anita CG Chua, and Erica Baker. ""Desferrithiocin is a more potent antineoplastic agent than desferrioxamine."" British journal of pharmacology 135.6 (2002): 1393-1402.",,,,,,10,10,2,3,1,1,5,3.333333333,10,Shaohua Gu; Ruolin He,1,1,1,-2.168,6.040854493
694,Pulicatin H,,1,0,0,0,0,0,0,0,1,0,0,0,0,0,0,2,Hydroxyphenylthiazoline,Putative NRPS,CC(=O)C[C@@H](O)c1csc(-c2ccccc2O)n1,"X0, SA",2,0.444444444,1,C13H13NO3S,263.312571,Pantoea agglomerans,1,0,0,0,0,0,0,1,0,0,0,0,0,0,0,0,Pseudomonadota,,,,,SA+Cys,,,,"Thissera, Bathini, et al. ""Induction of cryptic antifungal pulicatin derivatives from Pantoea agglomerans by microbial co-culture."" Biomolecules 10.2 (2020): 268.",,,,,,13,13,1,3,1,1,13,4.333333333,13,Ruolin He,5,1,1,-2.547,5.782253495
695,Pulicatin I,,1,0,0,0,0,0,0,0,1,0,0,0,0,0,0,2,Hydroxyphenylthiazoline,Putative NRPS,CC(=O)/C=C\c1csc(-c2ccccc2O)n1,"X0, SA",2,0.470588235,1,C13H11NO2S,245.297284,Pantoea agglomerans,1,0,0,0,0,0,0,1,0,0,0,0,0,0,0,0,Pseudomonadota,,,,,SA+Cys,,,,"Thissera, Bathini, et al. ""Induction of cryptic antifungal pulicatin derivatives from Pantoea agglomerans by microbial co-culture."" Biomolecules 10.2 (2020): 268.",,,,,,13,11,1,2,1,1.181818182,13,6.5,13,Ruolin He,5,1,2,-3.466,5.964208631
691,Pulicatin E,,1,0,0,0,0,0,0,0,1,0,0,0,0,0,0,2,Hydroxyphenylthiazoline,Putative NRPS,Cc1sc(-c2ccccc2O)nc1C(N)=O,"X0, SA",2,0.5,1,C11H10N2O2S,234.274566,Streptomyces sp. CP32,1,0,0,0,1,0,0,0,0,0,0,0,0,0,0,0,Actinomycetota,,,,,SA+bMe-Cys,,,,"Lin, Zhenjian, et al. ""Pulicatins A− E, neuroactive thiazoline metabolites from cone snail-associated bacteria."" Journal of natural products 73.11 (2010): 1922-1926.",,,,,,11,10,2,2,1,1.1,5.5,5.5,11,Ruolin He,5,1,4,-2.972,6.085860329
692,Pulicatin F,,1,0,0,0,0,0,0,0,1,0,0,0,0,0,0,2,Hydroxyphenylthiazoline,Putative NRPS,NC(=O)c1csc(-c2ccccc2O)n1,"X0, SA",2,0.533333333,1,C10H8N2O2S,220.247944,Streptomyces sp. CP32,1,0,0,0,1,0,0,0,0,0,0,0,0,0,0,0,Actinomycetota,,,,,SA+Cys,,,,"Lin, Zhenjian, et al. ""Pulicatins A− E, neuroactive thiazoline metabolites from cone snail-associated bacteria."" Journal of natural products 73.11 (2010): 1922-1926.",,,,,,10,8,2,2,1,1.25,5,5,10,Ruolin He,5,1,3,-2.976,6.253850154
652,Aeruginol,,1,0,0,0,0,0,0,0,1,0,0,0,0,0,0,2,Hydroxyphenylthiazoline,NRPS,OCc1csc(-c2ccccc2O)n1,"X0, SA",2,0.571428571,1,C10H9NO2S,207.249182,Pseudomonas fluorescens G308,1,0,0,0,0,0,0,1,0,0,0,0,0,0,0,0,Pseudomonadota,,,,,SA+Cys,,,,"Kaplan, Anna R., Djamaladdin G. Musaev, and William M. Wuest. ""Pyochelin biosynthetic metabolites bind iron and promote growth in pseudomonads demonstrating siderophore-like activity."" ACS infectious diseases 7.3 (2021): 544-551.","Ye, Lumeng, et al. ""Structure revision of N-mercapto-4-formylcarbostyril produced by Pseudomonas fluorescens G308 to 2-(2-hydroxyphenyl) thiazole-4-carbaldehyde [aeruginaldehyde]."" Natural product communications 9.6 (2014): 1934578X1400900615.",,,,,10,9,1,2,1,1.111111111,10,5,10,Ruolin He,5,1,7,-2.151,6.424741803
650,Aeruginaldehyde,,1,0,0,0,0,0,0,0,1,0,0,0,0,0,0,2,Hydroxyphenylthiazoline,NRPS,O=Cc1csc(-c2ccccc2O)n1,"X0, SA",2,0.571428571,1,C10H7NO2S,205.2333,Pseudomonas fluorescens G308,1,0,0,0,0,0,0,1,0,0,0,0,0,0,0,0,Pseudomonadota,,,,,SA+Cys,,,,"Kaplan, Anna R., Djamaladdin G. Musaev, and William M. Wuest. ""Pyochelin biosynthetic metabolites bind iron and promote growth in pseudomonads demonstrating siderophore-like activity."" ACS infectious diseases 7.3 (2021): 544-551.","Ye, Lumeng, et al. ""Structure revision of N-mercapto-4-formylcarbostyril produced by Pseudomonas fluorescens G308 to 2-(2-hydroxyphenyl) thiazole-4-carbaldehyde [aeruginaldehyde]."" Natural product communications 9.6 (2014): 1934578X1400900615.",,,,,10,7,1,2,1,1.428571429,10,5,10,Ruolin He,5,1,8,-2.864,6.452711224
690,Pulicatin D,,1,0,0,0,0,0,0,0,1,0,0,0,0,0,0,2,Hydroxyphenylthiazoline,Putative NRPS,Cc1sc(-c2ccccc2O)nc1C=O,"X0, SA",2,0.533333333,1,C11H9NO2S,219.259922,Streptomyces sp. CP32,1,0,0,0,1,0,0,0,0,0,0,0,0,0,0,0,Actinomycetota,,,,,SA+bMe-Cys,,,,"Lin, Zhenjian, et al. ""Pulicatins A− E, neuroactive thiazoline metabolites from cone snail-associated bacteria."" Journal of natural products 73.11 (2010): 1922-1926.",,,,,,11,9,1,2,1,1.222222222,11,5.5,11,Ruolin He,5,1,5,-3.093,6.266295684
689,Pulicatin C,,1,0,0,0,0,0,0,0,1,0,0,0,0,0,0,2,Hydroxyphenylthiazoline,Putative NRPS,Cc1sc(-c2ccccc2O)nc1CO,"X0, SA",2,0.533333333,1,C11H11NO2S,221.275804,Streptomyces sp. CP32,1,0,0,0,1,0,0,0,0,0,0,0,0,0,0,0,Actinomycetota,,,,,SA+bMe-Cys,,,,"Lin, Zhenjian, et al. ""Pulicatins A− E, neuroactive thiazoline metabolites from cone snail-associated bacteria."" Journal of natural products 73.11 (2010): 1922-1926.",,,,,,11,11,1,2,1,1,11,5.5,11,Ruolin He,5,1,6,-2.352,6.240992621
687,Pulicatin A,,2,0,0,0,0,0,0,0,1,0,0,0,0,0,0,2,Hydroxyphenylthiazoline,NRPS,C[C@@H]1SC(c2ccccc2O)=N[C@@H]1CO,"X0, SA",2,0.533333333,1,C11H13NO2S,223.291686,Streptomyces sp. CP32; Streptomyces venezuelae,1,0,0,0,1,0,0,0,0,0,0,0,0,0,0,0,Actinomycetota,,,,,SA+bMe-Cys,,,,"Lin, Zhenjian, et al. ""Pulicatins A− E, neuroactive thiazoline metabolites from cone snail-associated bacteria."" Journal of natural products 73.11 (2010): 1922-1926.","Inahashi, Yuki, et al. ""Watasemycin biosynthesis in Streptomyces venezuelae: thiazoline C-methylation by a type B radical-SAM methylase homologue."" Chemical Science 8.4 (2017): 2823-2831.",,,,,11,13,1,2,1,0.846153846,11,5.5,11,Ruolin He,1,38,1,-1.86,6.216037757
688,Pulicatin B,,2,0,0,0,0,0,0,0,1,0,0,0,0,0,0,2,Hydroxyphenylthiazoline,NRPS,C[C@@H]1SC(c2ccccc2O)=N[C@H]1CO,"X0, SA",2,0.533333333,1,C11H13NO2S,223.291686,Streptomyces sp. CP32; Streptomyces venezuelae,1,0,0,0,1,0,0,0,0,0,0,0,0,0,0,0,Actinomycetota,,,,,SA+bMe-Cys,,,,"Lin, Zhenjian, et al. ""Pulicatins A− E, neuroactive thiazoline metabolites from cone snail-associated bacteria."" Journal of natural products 73.11 (2010): 1922-1926.; Inahashi, Yuki, et al. ""Watasemycin biosynthesis in Streptomyces venezuelae: thiazoline C-methylation by a type B radical-SAM methylase homologue."" Chemical Science 8.4 (2017): 2823-2831.","Inahashi, Yuki, et al. ""Watasemycin biosynthesis in Streptomyces venezuelae: thiazoline C-methylation by a type B radical-SAM methylase homologue."" Chemical Science 8.4 (2017): 2823-2831.",,,,,11,13,1,2,1,0.846153846,11,5.5,11,Ruolin He,1,38,2,-1.86,6.216037757
651,Aerugine,,3,0,0,0,0,0,0,0,1,0,0,0,0,0,0,2,Hydroxyphenylthiazoline,NRPS,OC[C@@H]1CSC(c2ccccc2O)=N1,"Reduced-Cys, SA",2,1,0,C10H11NO2S,209.265064,Pseudomonas fluorescens MM-B16; Streptomyces fradiae SU-1; Streptomyces venezuelae,1,0,0,0,0.666666667,0,0,0.333333333,0,0,0,0,0,0,0,0,Pseudomonadota/Actinomycetota,,,,,SA+Cys,,,,"Lee, Jung Yeop, Surk Sik Moon, and Byung Kook Hwang. ""Isolation and antifungal and antioomycete activities of aerugine produced by Pseudomonas fluorescens strain MM-B16."" Applied and environmental microbiology 69.4 (2003): 2023-2031.; Inahashi, Yuki, et al. ""Watasemycin biosynthesis in Streptomyces venezuelae: thiazoline C-methylation by a type B radical-SAM methylase homologue."" Chemical Science 8.4 (2017): 2823-2831.; Kaplan, Anna R., Djamaladdin G. Musaev, and William M. Wuest. ""Pyochelin biosynthetic metabolites bind iron and promote growth in pseudomonads demonstrating siderophore-like activity."" ACS infectious diseases 7.3 (2021): 544-551.","Inahashi, Yuki, et al. ""Watasemycin biosynthesis in Streptomyces venezuelae: thiazoline C-methylation by a type B radical-SAM methylase homologue."" Chemical Science 8.4 (2017): 2823-2831.",,,,,10,11,1,2,1,0.909090909,10,5,10,Ruolin He,1,38,3,-1.683,6.397183905
86,Escherichelin,HPTzTn-COOH; HPTT-COOH,1,0,0,0,0,0,0,0,1,1,0,0,0,0,0,4,Alpha-Aminocarboxylate/Hydroxyphenylthiazoline,NRPS,O=C(O)[C@@H]1CSC(C2CSC(c3ccccc3O)=N2)=N1,"Cys, SA, Cys",3,1,0,C13H12N2O3S2,308.376133,"Escherichia coli (uropathogenic Escherichia coli, UPEC)",1,0,0,0,0,0,0,1,0,0,0,0,0,0,0,0,Pseudomonadota,,,,,SA+Cys,,,,"Ohlemacher, Shannon I., et al. ""Enterobacteria secrete an inhibitor of Pseudomonas virulence during clinical bacteriuria."" The Journal of clinical investigation 127.11 (2017): 4018-4030.; Xu, Guang, Hao Guo, and Haitao Lv. ""Metabolomics assay identified a novel virulence-associated siderophore encoded by the high-pathogenicity island in uropathogenic Escherichia coli."" Journal of proteome research 18.5 (2019): 2331-2336.","Shi, Yi-Ming, et al. ""Cleavage off-loading and post-assembly-line conversions yield products with unusual termini during biosynthesis."" ACS Chemical Biology 17.8 (2022): 2221-2228.; Ohlemacher, Shannon I., et al. ""Enterobacteria secrete an inhibitor of Pseudomonas virulence during clinical bacteriuria."" The Journal of clinical investigation 127.11 (2017): 4018-4030.",,,,,13,12,2,3,2,1.083333333,6.5,4.333333333,6.5,Ruolin He,1,8,1,-3.293,5.399656262
670,Dihydroaeruginoic acid,Dihydroaeruginoate,3,0,0,0,1,0,0,0,1,0,0,0,0,0,0,3,Carboxylate/Hydroxyphenylthiazoline,NRPS,O=C(O)[C@@H]1CSC(c2ccccc2O)=N1,"Cys, SA",2,1,0,C10H9NO3S,223.248587,Pseudomonas fluorescens G308; Pseudomonas aeruginosa ATCC 15692; Pseudomonas sp. Ag1,1,0,0,0,0,0,0,1,0,0,0,0,0,0,0,0,Pseudomonadota,,,,,SA+Cys,,,,"Reimmann, Cornelia, et al. ""Essential PchG-dependent reduction in pyochelin biosynthesis of Pseudomonas aeruginosa."" Journal of bacteriology 183.3 (2001): 813-820.; Ganley, Jack G., et al. ""A systematic analysis of mosquito-microbiome biosynthetic gene clusters reveals antimalarial siderophores that reduce mosquito reproduction capacity."" Cell Chemical Biology 27.7 (2020): 817-826.; Kaplan, Anna R., Djamaladdin G. Musaev, and William M. Wuest. ""Pyochelin biosynthetic metabolites bind iron and promote growth in pseudomonads demonstrating siderophore-like activity."" ACS infectious diseases 7.3 (2021): 544-551.","Ye, Lumeng, et al. ""Structure revision of N-mercapto-4-formylcarbostyril produced by Pseudomonas fluorescens G308 to 2-(2-hydroxyphenyl) thiazole-4-carbaldehyde [aeruginaldehyde]."" Natural product communications 9.6 (2014): 1934578X1400900615.",,,,,10,9,1,3,1,1.111111111,10,3.333333333,10,Ruolin He,1,8,3,-2.29,6.216567698
87,Aeruginoic acid,,2,0,0,0,0,0,0,0,1,1,0,0,0,0,1,3,Alpha-Aminocarboxylate/Hydroxyphenylthiazoline,NRPS,O=C(O)[C@H]1CSC(c2ccccc2O)=N1,"Cys, SA",2,1,0,C10H9NO3S,223.248587,Pseudomonas aeruginosa; Pseudomonas fluorescens G308,1,0,0,0,0,0,0,1,0,0,0,0,0,0,0,0,Pseudomonadota,,,,,SA+Cys,,,,"Ratledge, Colin, and Lynn G. Dover. ""Iron metabolism in pathogenic bacteria."" Annual reviews in microbiology 54.1 (2000): 881-941.; Mudhulkar, Raju, et al. ""Visualizing Zn2+ in living whole organism artemia by a natural fluorimetric intermediate siderophore."" ChemistrySelect 2.22 (2017): 6407-6412.; Kaplan, Anna R., Djamaladdin G. Musaev, and William M. Wuest. ""Pyochelin biosynthetic metabolites bind iron and promote growth in pseudomonads demonstrating siderophore-like activity."" ACS infectious diseases 7.3 (2021): 544-551.","Shi, Yi-Ming, et al. ""Cleavage off-loading and post-assembly-line conversions yield products with unusual termini during biosynthesis."" ACS Chemical Biology 17.8 (2022): 2221-2228.; Ohlemacher, Shannon I., et al. ""Enterobacteria secrete an inhibitor of Pseudomonas virulence during clinical bacteriuria."" The Journal of clinical investigation 127.11 (2017): 4018-4030.",,,,,10,9,1,3,1,1.111111111,10,3.333333333,10,Shaohua Gu; Ruolin He,1,8,2,-2.29,6.216567698
693,Pulicatin G,,1,0,0,0,0,0,0,0,1,0,0,0,0,0,0,2,Hydroxyphenylthiazoline,Putative NRPS,NC(=O)C1CSC(c2ccccc2O)=N1,"NH2-Cys, SA",2,1,0,C10H10N2O2S,222.263826,Streptomyces sp. CP32,1,0,0,0,1,0,0,0,0,0,0,0,0,0,0,0,Actinomycetota,,,,,SA+Cys,,,,"Lin, Zhenjian, et al. ""Pulicatins A− E, neuroactive thiazoline metabolites from cone snail-associated bacteria."" Journal of natural products 73.11 (2010): 1922-1926.",,,,,,10,10,2,2,1,1,5,5,10,Ruolin He,1,8,4,-2.299,6.228718761
704,Streptochelin A,,1,0,0,0,0,0,0,1,0,0,0,0,0,0,0,2,Hydroxyphenyloxazoline,Hybrid NRPS/NIS,NC(=O)[C@H]1CSC(c2coc(-c3ccccc3O)n2)=N1,"aFo-Gly, SA, NH2-Cys",3,1,0,C13H11N3O3S,289.310095,Streptomyces diastaticus NBU2966,1,0,0,0,1,0,0,0,0,0,0,0,0,0,0,0,Actinomycetota,,,,SA+Ser,,,,,"Liu, Yang, et al. ""Feature-based molecular networking-guided discovery of siderophores from a marine mesophotic zone Axinellida sponge-associated actinomycete Streptomyces diastaticus NBU2966."" Phytochemistry 196 (2022): 113078.",,,,,,13,11,3,3,1,1.181818182,4.333333333,4.333333333,13,Ruolin He,1,8,5,-3.317,5.550521907
85,Prepiscibactin,Pre-piscibactin,1,0,0,0,0,0,0,0,1,0,0,0,0,0,0,2,Hydroxyphenylthiazoline,Hybrid NRPS/PKS,O=C1C[C@H](O)[C@@H]2CSC([C@H]3CSC(c4ccccc4O)=N3)N12,"Cys, SA, X0",3,0.590909091,1,C15H16N2O3S2,336.429377,Xenorhabdus szentirmaii DSM 16338,1,0,0,0,0,0,0,1,0,0,0,0,0,0,0,0,Pseudomonadota,,,,,SA+Cys,,,,"Shi, Yi-Ming, et al. ""Cleavage off-loading and post-assembly-line conversions yield products with unusual termini during biosynthesis."" ACS Chemical Biology 17.8 (2022): 2221-2228.; Shi, Yi-Ming, et al. ""Global analysis of biosynthetic gene clusters reveals conserved and unique natural products in entomopathogenic nematode-symbiotic bacteria."" Nature Chemistry 14.6 (2022): 701-712.","Shi, Yi-Ming, et al. ""Cleavage off-loading and post-assembly-line conversions yield products with unusual termini during biosynthesis."" ACS Chemical Biology 17.8 (2022): 2221-2228.; Ohlemacher, Shannon I., et al. ""Enterobacteria secrete an inhibitor of Pseudomonas virulence during clinical bacteriuria."" The Journal of clinical investigation 127.11 (2017): 4018-4030.; Ahmadi, Mahmoud Kamal, et al. ""Total biosynthesis and diverse applications of the nonribosomal peptide-polyketide siderophore yersiniabactin."" Applied and environmental microbiology 81.16 (2015): 5290-5298.",,,,,15,16,2,3,2,0.9375,7.5,5,7.5,Ruolin He,1,7,3,-3.026,5.20154025
84,Ulbactin G,,1,0,0,0,0,0,0,0,1,0,0,0,0,0,0,2,Hydroxyphenylthiazoline,Hybrid NRPS/PKS,CN1[C@@H]2SC[C@H]1C(=O)N1[C@@H]2CS[C@H]1[C@H]1CSC(c2ccccc2O)=N1,"2-NH2-Pr-1-Thiol, Cys, SA, NMe-Cys",4,1,0,C17H19N3O2S3,393.546778,Brevibacillus sp.,1,0,0,0,0,0,1,0,0,0,0,0,0,0,0,0,Bacillota,,,,,SA+Cys,,,,"Igarashi, Yasuhiro, et al. ""Ulbactins F and G, polycyclic thiazoline derivatives with tumor cell migration inhibitory activity from Brevibacillus sp."" Organic letters 18.7 (2016): 1658-1661.; Shapiro, Justin A., et al. ""Biologically Inspired Total Synthesis of Ulbactin F, an Iron-Binding Natural Product."" Organic letters 20.18 (2018): 5922-5926.","Shapiro, Justin A., et al. ""Biologically Inspired Total Synthesis of Ulbactin F, an Iron-Binding Natural Product."" Organic letters 20.18 (2018): 5922-5926.",,,,,17,19,3,2,3,0.894736842,5.666666667,8.5,5.666666667,Ruolin He,1,7,2,-3.672,4.865838511
83,Ulbactin F,,1,0,0,0,0,0,0,0,1,0,0,0,0,0,0,2,Hydroxyphenylthiazoline,Hybrid NRPS/PKS,CN1[C@@H]2SC[C@H]1C(=O)N1[C@@H]2CS[C@@H]1[C@H]1CSC(c2ccccc2O)=N1,"2-NH2-Pr-1-Thiol, NMe-Cys, Cys, SA",4,1,0,C17H19N3O2S3,393.546778,Brevibacillus sp.,1,0,0,0,0,0,1,0,0,0,0,0,0,0,0,0,Bacillota,,,,,SA+Cys,,,,"Igarashi, Yasuhiro, et al. ""Ulbactins F and G, polycyclic thiazoline derivatives with tumor cell migration inhibitory activity from Brevibacillus sp."" Organic letters 18.7 (2016): 1658-1661.; Shapiro, Justin A., et al. ""Biologically Inspired Total Synthesis of Ulbactin F, an Iron-Binding Natural Product."" Organic letters 20.18 (2018): 5922-5926.","Shapiro, Justin A., et al. ""Biologically Inspired Total Synthesis of Ulbactin F, an Iron-Binding Natural Product."" Organic letters 20.18 (2018): 5922-5926.",,,,,17,19,3,2,3,0.894736842,5.666666667,8.5,5.666666667,Ruolin He,1,7,1,-3.672,4.865838511
90,Enantio-pyochelin,Ent-pyochelin; Pyochelin II,1,0,0,0,0,0,0,0,1,1,0,0,0,0,0,4,Alpha-Aminocarboxylate/Hydroxyphenylthiazoline,NRPS,CN1[C@@H](C(=O)O)CS[C@H]1[C@@H]1CSC(c2ccccc2O)=N1,"NMe-Cys, Cys, SA",3,1,0,C14H16N2O3S2,324.418637,Pseudomonas fluorescens,1,0,0,0,0,0,0,1,0,0,0,0,0,0,0,0,Pseudomonadota,,,,,SA+Cys,,,,"Youard, Zeb A., et al. ""Pseudomonas fluorescens CHA0 produces enantio-pyochelin, the optical antipode of the Pseudomonas aeruginosa siderophore pyochelin."" Journal of Biological Chemistry 282.49 (2007): 35546-35553.; Honsa, Erin Sarah, and Anthony William Maresso. ""Mechanisms of iron import in anthrax."" Biometals 24 (2011): 533-545.","Shi, Yi-Ming, et al. ""Cleavage off-loading and post-assembly-line conversions yield products with unusual termini during biosynthesis."" ACS Chemical Biology 17.8 (2022): 2221-2228.; Ohlemacher, Shannon I., et al. ""Enterobacteria secrete an inhibitor of Pseudomonas virulence during clinical bacteriuria."" The Journal of clinical investigation 127.11 (2017): 4018-4030.",,,,,14,16,2,3,2,0.875,7,4.666666667,7,Shaohua Gu; Ruolin He,1,7,4,-2.792,5.283202943
91,Pyochelin,Pyochelin I,6,0,0,0,0,0,0,0,1,1,0,0,0,0,0,4,Alpha-Aminocarboxylate/Hydroxyphenylthiazoline,NRPS,CN1C([C@H]2CSC(c3ccccc3O)=N2)SC[C@H]1C(=O)O,"Cys, SA, NMe-Cys",3,1,0,C14H16N2O3S2,324.418637,Burkholderia cepacia; Pseudomonas aeruginosa; Pseudomonas fluorescens; Streptomyces scabies; Pseudomonas sp. Ag1; Burkholderia seminalis R456,1,0,0,0,0.166666667,0,0,0.833333333,0,0,0,0,0,0,0,0,Pseudomonadota/Actinomycetota,,,,,SA+Cys,,,,"Sokol, PAMELA A. ""Production and utilization of pyochelin by clinical isolates of Pseudomonas cepacia."" Journal of clinical microbiology 23.3 (1986): 560-562.; Britigan, Bradley E., George T. Rasmussen, and Charles D. Cox. ""Augmentation of oxidant injury to human pulmonary epithelial cells by the Pseudomonas aeruginosa siderophore pyochelin."" Infection and immunity 65.3 (1997): 1071-1076.; Kilz, S., et al. ""A fast screening method for the identification of siderophores from fluorescent Pseudomonas spp. by liquid chromatography/electrospray mass spectrometry."" Journal of Mass Spectrometry 34.4 (1999): 281-290.; Segonds, C., and G. Chabanon. ""Burkholderia cepacia: les dangers d'un micro-organisme phytopathogène pour les patients atteints de mucoviscidose."" Annales de Biologie Clinique. Vol. 59. No. 3. (2001).; Audenaert, Kris, et al. ""Induction of systemic resistance to Botrytis cinerea in tomato by Pseudomonas aeruginosa 7NSK2: role of salicylic acid, pyochelin, and pyocyanin."" Molecular Plant-Microbe Interactions 15.11 (2002): 1147-1156.; Sun, Guo-Xin, Wen-Qiang Zhou, and Jian-Jiang Zhong. ""Organotin decomposition by pyochelin, secreted by Pseudomonas aeruginosa even in an iron-sufficient environment."" Applied and environmental microbiology 72.9 (2006): 6411-6413.; Youard, Zeb A., et al. ""Pseudomonas fluorescens CHA0 produces enantio-pyochelin, the optical antipode of the Pseudomonas aeruginosa siderophore pyochelin."" Journal of Biological Chemistry 282.49 (2007): 35546-35553.; Hoegy, Francoise, et al. ""Stereospecificity of the siderophore pyochelin outer membrane transporters in fluorescent pseudomonads."" Journal of biological chemistry 284.22 (2009): 14949-14957.; Bertrand, Samuel, et al. ""N*-methyl coprogen B, a potential marker of the airway colonization by Scedosporium apiospermum in patients with cystic fibrosis."" Sabouraudia 48.Supplement_1 (2010): S98-S107.; Cornelis, Pierre. ""Iron uptake and metabolism in pseudomonads."" Applied microbiology and biotechnology 86 (2010): 1637-1645.; Cornelis, Pierre. ""Iron uptake and metabolism in pseudomonads."" Applied microbiology and biotechnology 86 (2010): 1637-1645.; Hider, Robert C., and Xiaole Kong. ""Chemistry and biology of siderophores."" Natural product reports 27.5 (2010): 637-657.; Naik, Milind Mohan, and Santosh Kumar Dubey. ""Lead-enhanced siderophore production and alteration in cell morphology in a Pb-resistant Pseudomonas aeruginosa strain 4EA."" Current microbiology 62 (2011): 409-414.; Seipke, Ryan F., et al. ""The plant pathogen Streptomyces scabies 87-22 has a functional pyochelin biosynthetic pathway that is regulated by TetR-and AfsR-family proteins."" Microbiology 157.9 (2011): 2681-2693.; Youard, Zeb A., Nicolas Wenner, and Cornelia Reimmann. ""Iron acquisition with the natural siderophore enantiomers pyochelin and enantio-pyochelin in Pseudomonas species."" Biometals 24 (2011): 513-522.; Brandel, Jérémy, et al. ""Pyochelin, a siderophore of Pseudomonas aeruginosa: physicochemical characterization of the iron (III), copper (II) and zinc (II) complexes."" Dalton transactions 41.9 (2012): 2820-2834.; Lee, Jin-Hyung, et al. ""7-fluoroindole as an antivirulence compound against Pseudomonas aeruginosa."" FEMS microbiology letters 329.1 (2012): 36-44.; Ganley, Jack G., et al. ""A systematic analysis of mosquito-microbiome biosynthetic gene clusters reveals antimalarial siderophores that reduce mosquito reproduction capacity."" Cell Chemical Biology 27.7 (2020): 817-826.; Wang, Xiaoxuan, et al. ""A novel NRPS cluster, acquired by horizontal gene transfer from algae, regulates siderophore iron metabolism in Burkholderia seminalis R456."" International Journal of Biological Macromolecules 182 (2021): 838-848.","Shi, Yi-Ming, et al. ""Cleavage off-loading and post-assembly-line conversions yield products with unusual termini during biosynthesis."" ACS Chemical Biology 17.8 (2022): 2221-2228.; Ohlemacher, Shannon I., et al. ""Enterobacteria secrete an inhibitor of Pseudomonas virulence during clinical bacteriuria."" The Journal of clinical investigation 127.11 (2017): 4018-4030.",,,,,14,16,2,3,2,0.875,7,4.666666667,7,Shaohua Gu; Ruolin He,1,7,5,-2.792,5.283202943
88,Watasemycin A,,3,0,0,0,1,0,0,0,1,0,0,0,0,0,0,3,Carboxylate/Hydroxyphenylthiazoline,NRPS,C[C@@H]1SC(c2ccccc2O)=N[C@H]1[C@@H]1SC[C@](C)(C(=O)O)N1C,"X0, SA, N-diMe-Cys",3,0.739130435,1,C16H20N2O3S2,352.471881,Streptomyces sp. TP-A0597; Streptomyces venezuelae; Streptomyces venezuelae,1,0,0,0,1,0,0,0,0,0,0,0,0,0,0,0,Actinomycetota,,,,,SA+N-diMe-Cys,,,,"Sasaki, Tomomitsu, et al. ""Watasemycins A and B, new antibiotics produced by Streptomyces sp. TP-A0597."" The Journal of Antibiotics 55.3 (2002): 249-255.; Inahashi, Yuki, et al. ""Watasemycin biosynthesis in Streptomyces venezuelae: thiazoline C-methylation by a type B radical-SAM methylase homologue."" Chemical Science 8.4 (2017): 2823-2831.","Inahashi, Yuki, et al. ""Watasemycin biosynthesis in Streptomyces venezuelae: thiazoline C-methylation by a type B radical-SAM methylase homologue."" Chemical Science 8.4 (2017): 2823-2831.",,,,,16,20,2,3,2,0.8,8,5.333333333,8,Ruolin He,1,9,1,-3.133,5.099056073
89,Watasemycin B,,2,0,0,0,1,0,0,0,1,0,0,0,0,0,0,3,Carboxylate/Hydroxyphenylthiazoline,NRPS,C[C@@H]1SC(c2ccccc2O)=N[C@H]1[C@H]1SC[C@](C)(C(=O)O)N1C,"X0, SA, N-diMe-Cys",3,0.739130435,1,C16H20N2O3S2,352.471881,Streptomyces sp. TP-A0597; Streptomyces venezuelae,1,0,0,0,1,0,0,0,0,0,0,0,0,0,0,0,Actinomycetota,,,,,SA+N-diMe-Cys,,,,"Sasaki, Tomomitsu, et al. ""Watasemycins A and B, new antibiotics produced by Streptomyces sp. TP-A0597."" The Journal of Antibiotics 55.3 (2002): 249-255.","Inahashi, Yuki, et al. ""Watasemycin biosynthesis in Streptomyces venezuelae: thiazoline C-methylation by a type B radical-SAM methylase homologue."" Chemical Science 8.4 (2017): 2823-2831.",,,,,16,20,2,3,2,0.8,8,5.333333333,8,Ruolin He,1,9,2,-3.133,5.099056073
92,Thiazostatin A,,2,0,0,0,0,0,0,0,1,1,0,0,0,0,0,4,Alpha-Aminocarboxylate/Hydroxyphenylthiazoline,NRPS,CN1[C@@H]([C@@H]2CSC(c3ccccc3O)=N2)SC[C@]1(C)C(=O)O,"N-diMe-Cys, Cys, SA",3,1,0,C15H18N2O3S2,338.445259,Streptomyces torulosus; Streptomyces venezuelae,1,0,0,0,1,0,0,0,0,0,0,0,0,0,0,0,Actinomycetota,,,,,SA+Cys,,,,"Shindo, Kazutoshi, et al. ""Thiazostatin A and thiazostatin B, new antioxidants produced by Streptomyces tolurosus."" The Journal of antibiotics 42.10 (1989): 1526-1529.; Inahashi, Yuki, et al. ""Watasemycin biosynthesis in Streptomyces venezuelae: thiazoline C-methylation by a type B radical-SAM methylase homologue."" Chemical Science 8.4 (2017): 2823-2831.","Shi, Yi-Ming, et al. ""Cleavage off-loading and post-assembly-line conversions yield products with unusual termini during biosynthesis."" ACS Chemical Biology 17.8 (2022): 2221-2228.; Ohlemacher, Shannon I., et al. ""Enterobacteria secrete an inhibitor of Pseudomonas virulence during clinical bacteriuria."" The Journal of clinical investigation 127.11 (2017): 4018-4030.",,,,,15,18,2,3,2,0.833333333,7.5,5,7.5,Ruolin He,1,10,3,-2.975,5.188262585
919,Thiazostatin B,,2,0,0,0,0,0,0,0,1,1,0,0,0,0,0,4,Alpha-Aminocarboxylate/Hydroxyphenylthiazoline,NRPS,CN1[C@H]([C@@H]2CSC(c3ccccc3O)=N2)SC[C@]1(C)C(=O)O,"N-diMe-Cys, Cys, SA",3,1,0,C15H18N2O3S2,338.445259,Streptomyces venezuelae; Streptomyces torulosus,1,0,0,0,1,0,0,0,0,0,0,0,0,0,0,0,Actinomycetota,,,,,SA+Cys,,,,"Shindo, Kazutoshi, et al. ""Thiazostatin A and thiazostatin B, new antioxidants produced by Streptomyces tolurosus."" The Journal of antibiotics 42.10 (1989): 1526-1529.; Inahashi, Yuki, et al. ""Watasemycin biosynthesis in Streptomyces venezuelae: thiazoline C-methylation by a type B radical-SAM methylase homologue."" Chemical Science 8.4 (2017): 2823-2831.","Shi, Yi-Ming, et al. ""Cleavage off-loading and post-assembly-line conversions yield products with unusual termini during biosynthesis."" ACS Chemical Biology 17.8 (2022): 2221-2228.; Ohlemacher, Shannon I., et al. ""Enterobacteria secrete an inhibitor of Pseudomonas virulence during clinical bacteriuria."" The Journal of clinical investigation 127.11 (2017): 4018-4030.",,,,,15,18,2,3,2,0.833333333,7.5,5,7.5,Ruolin He,1,10,1,-2.975,5.188262585
678,Methyl thiazostatin B,,1,0,0,0,0,0,0,0,1,0,0,0,0,0,0,2,Hydroxyphenylthiazoline,Putative NRPS,COC(=O)[C@@]1(C)CS[C@@H]([C@@H]2CSC(c3ccccc3O)=N2)N1C,"X0, Cys, SA",3,0.565217391,1,C16H20N2O3S2,352.471881,Streptomyces diastaticus NBU2966,1,0,0,0,1,0,0,0,0,0,0,0,0,0,0,0,Actinomycetota,,,,,SA+Cys,,,,"Liu, Yang, et al. ""Feature-based molecular networking-guided discovery of siderophores from a marine mesophotic zone Axinellida sponge-associated actinomycete Streptomyces diastaticus NBU2966."" Phytochemistry 196 (2022): 113078.",,,,,,16,20,2,3,2,0.8,8,5.333333333,8,Ruolin He,1,10,12,-3.386,5.099056073
706,Thiazostatin C,,1,0,0,0,0,0,0,0,1,0,0,0,0,0,0,2,Hydroxyphenylthiazoline,Putative NRPS,CN1[C@H]([C@@H]2CSC(c3ccccc3O)=N2)SC[C@]1(C)C(N)=O,"Cys, SA, X0",3,0.590909091,1,C15H19N3O2S2,337.460498,Streptomyces diastaticus NBU2966,1,0,0,0,1,0,0,0,0,0,0,0,0,0,0,0,Actinomycetota,,,,,SA+Cys,,,,"Liu, Yang, et al. ""Feature-based molecular networking-guided discovery of siderophores from a marine mesophotic zone Axinellida sponge-associated actinomycete Streptomyces diastaticus NBU2966."" Phytochemistry 196 (2022): 113078.",,,,,,15,19,3,2,2,0.789473684,5,7.5,7.5,Ruolin He,1,10,13,-2.942,5.194733853
93,Isopyochelin,,1,0,0,0,1,0,0,0,1,0,0,0,0,0,0,3,Carboxylate/Hydroxyphenylthiazoline,NRPS,C[C@]1(C(=O)O)CSC([C@@H]2CSC(c3ccccc3O)=N2)N1,"aMe-Cys, Cys, SA",3,1,0,C14H16N2O3S2,324.418637,Streptomyces venezuelae,1,0,0,0,1,0,0,0,0,0,0,0,0,0,0,0,Actinomycetota,,,,,SA+Cys,,,,"Inahashi, Yuki, et al. ""Watasemycin biosynthesis in Streptomyces venezuelae: thiazoline C-methylation by a type B radical-SAM methylase homologue."" Chemical Science 8.4 (2017): 2823-2831.","Inahashi, Yuki, et al. ""Watasemycin biosynthesis in Streptomyces venezuelae: thiazoline C-methylation by a type B radical-SAM methylase homologue."" Chemical Science 8.4 (2017): 2823-2831.",,,,,14,16,2,3,2,0.875,7,4.666666667,7,Ruolin He,1,10,4,-2.812,5.283202943
100,Photoxenobactin C,,1,0,0,0,0,0,0,0,1,0,0,0,0,0,0,2,Hydroxyphenylthiazoline,Hybrid NRPS/PKS,C[C@@]1(NC(=O)C[C@H](O)[C@@H]2CSC([C@H]3CSC(c4ccccc4O)=N3)N2)CSSC1=O,"X0, X1, Cys, SA",4,0.433333333,2,C19H23N3O4S4,485.663632,Xenorhabdus szentirmaii DSM 16338,1,0,0,0,0,0,0,1,0,0,0,0,0,0,0,0,Pseudomonadota,,,,,SA+Cys,,,,"Shi, Yi-Ming, et al. ""Cleavage off-loading and post-assembly-line conversions yield products with unusual termini during biosynthesis."" ACS Chemical Biology 17.8 (2022): 2221-2228.; Shi, Yi-Ming, et al. ""Global analysis of biosynthetic gene clusters reveals conserved and unique natural products in entomopathogenic nematode-symbiotic bacteria."" Nature Chemistry 14.6 (2022): 701-712.","Shi, Yi-Ming, et al. ""Cleavage off-loading and post-assembly-line conversions yield products with unusual termini during biosynthesis."" ACS Chemical Biology 17.8 (2022): 2221-2228.; Ohlemacher, Shannon I., et al. ""Enterobacteria secrete an inhibitor of Pseudomonas virulence during clinical bacteriuria."" The Journal of clinical investigation 127.11 (2017): 4018-4030.; Ahmadi, Mahmoud Kamal, et al. ""Total biosynthesis and diverse applications of the nonribosomal peptide-polyketide siderophore yersiniabactin."" Applied and environmental microbiology 81.16 (2015): 5290-5298.",,,,,19,23,3,4,4,0.826086957,6.333333333,4.75,4.75,Ruolin He,1,10,11,-3.46,4.454623329
99,Photoxenobactin B,,1,0,0,0,0,0,0,0,1,0,0,0,0,0,0,2,Hydroxyphenylthiazoline,Hybrid NRPS/PKS,NC(=O)C[C@H](O)[C@@H]1CSC([C@H]2CSC(c3ccccc3O)=N2)N1,"Cys, SA, X0",3,0.565217391,1,C15H19N3O3S2,353.459903,Xenorhabdus szentirmaii DSM 16338,1,0,0,0,0,0,0,1,0,0,0,0,0,0,0,0,Pseudomonadota,,,,,SA+Cys,,,,"Shi, Yi-Ming, et al. ""Cleavage off-loading and post-assembly-line conversions yield products with unusual termini during biosynthesis."" ACS Chemical Biology 17.8 (2022): 2221-2228.; Shi, Yi-Ming, et al. ""Global analysis of biosynthetic gene clusters reveals conserved and unique natural products in entomopathogenic nematode-symbiotic bacteria."" Nature Chemistry 14.6 (2022): 701-712.","Shi, Yi-Ming, et al. ""Cleavage off-loading and post-assembly-line conversions yield products with unusual termini during biosynthesis."" ACS Chemical Biology 17.8 (2022): 2221-2228.; Ohlemacher, Shannon I., et al. ""Enterobacteria secrete an inhibitor of Pseudomonas virulence during clinical bacteriuria."" The Journal of clinical investigation 127.11 (2017): 4018-4030.; Ahmadi, Mahmoud Kamal, et al. ""Total biosynthesis and diverse applications of the nonribosomal peptide-polyketide siderophore yersiniabactin."" Applied and environmental microbiology 81.16 (2015): 5290-5298.",,,,,15,19,3,3,2,0.789473684,5,5,7.5,Ruolin He,1,10,10,-2.287,5.092973558
98,Photoxenobactin A,,1,0,0,0,0,0,0,0,1,0,0,0,0,0,0,2,Hydroxyphenylthiazoline,Hybrid NRPS/PKS,O=C(S)C[C@H](O)[C@@H]1CSC([C@H]2CSC(c3ccccc3O)=N2)N1,"X0, Cys, SA",3,0.565217391,1,C15H18N2O3S3,370.510059,Xenorhabdus szentirmaii DSM 16338,1,0,0,0,0,0,0,1,0,0,0,0,0,0,0,0,Pseudomonadota,,,,,SA+Cys,,,,"Shi, Yi-Ming, et al. ""Cleavage off-loading and post-assembly-line conversions yield products with unusual termini during biosynthesis."" ACS Chemical Biology 17.8 (2022): 2221-2228.; Shi, Yi-Ming, et al. ""Global analysis of biosynthetic gene clusters reveals conserved and unique natural products in entomopathogenic nematode-symbiotic bacteria."" Nature Chemistry 14.6 (2022): 701-712.","Shi, Yi-Ming, et al. ""Cleavage off-loading and post-assembly-line conversions yield products with unusual termini during biosynthesis."" ACS Chemical Biology 17.8 (2022): 2221-2228.; Ohlemacher, Shannon I., et al. ""Enterobacteria secrete an inhibitor of Pseudomonas virulence during clinical bacteriuria."" The Journal of clinical investigation 127.11 (2017): 4018-4030.; Ahmadi, Mahmoud Kamal, et al. ""Total biosynthesis and diverse applications of the nonribosomal peptide-polyketide siderophore yersiniabactin."" Applied and environmental microbiology 81.16 (2015): 5290-5298.",,,,,15,18,2,3,3,0.833333333,7.5,5,5,Ruolin He,1,10,9,-2.769,4.99187135
97,Photoxenobactin E,,1,0,0,0,0,0,0,0,1,0,0,0,0,0,0,2,Hydroxyphenylthiazoline,Hybrid NRPS/PKS,C[C@]1(C(=O)S)CSC(C[C@H](O)[C@@H]2CSC([C@H]3CSC(c4ccccc4O)=N3)N2)=N1,"Cys, SA, X0, X1",4,0.448275862,2,C19H23N3O3S4,469.664227,Xenorhabdus szentirmaii DSM 16338,1,0,0,0,0,0,0,1,0,0,0,0,0,0,0,0,Pseudomonadota,,,,,SA+Cys,,,,"Shi, Yi-Ming, et al. ""Cleavage off-loading and post-assembly-line conversions yield products with unusual termini during biosynthesis."" ACS Chemical Biology 17.8 (2022): 2221-2228.; Shi, Yi-Ming, et al. ""Global analysis of biosynthetic gene clusters reveals conserved and unique natural products in entomopathogenic nematode-symbiotic bacteria."" Nature Chemistry 14.6 (2022): 701-712.","Shi, Yi-Ming, et al. ""Cleavage off-loading and post-assembly-line conversions yield products with unusual termini during biosynthesis."" ACS Chemical Biology 17.8 (2022): 2221-2228.; Ohlemacher, Shannon I., et al. ""Enterobacteria secrete an inhibitor of Pseudomonas virulence during clinical bacteriuria."" The Journal of clinical investigation 127.11 (2017): 4018-4030.; Ahmadi, Mahmoud Kamal, et al. ""Total biosynthesis and diverse applications of the nonribosomal peptide-polyketide siderophore yersiniabactin."" Applied and environmental microbiology 81.16 (2015): 5290-5298.",,,,,19,23,3,3,4,0.826086957,6.333333333,6.333333333,4.75,Ruolin He,1,10,8,-3.731,4.517314789
96,Photoxenobactin D,,1,0,0,0,0,0,0,0,1,0,0,0,0,0,0,2,Hydroxyphenylthiazoline,Hybrid NRPS/PKS,C[C@]1(C(N)=O)CSC(C[C@H](O)[C@@H]2CSC([C@H]3CSC(c4ccccc4O)=N3)N2)=N1,"2NH2-2Me-3S-ppamide, X0, Cys, SA",4,0.724137931,1,C19H24N4O3S3,452.614071,Xenorhabdus szentirmaii DSM 16338,1,0,0,0,0,0,0,1,0,0,0,0,0,0,0,0,Pseudomonadota,,,,,SA+Cys,,,,"Shi, Yi-Ming, et al. ""Cleavage off-loading and post-assembly-line conversions yield products with unusual termini during biosynthesis."" ACS Chemical Biology 17.8 (2022): 2221-2228.; Shi, Yi-Ming, et al. ""Global analysis of biosynthetic gene clusters reveals conserved and unique natural products in entomopathogenic nematode-symbiotic bacteria."" Nature Chemistry 14.6 (2022): 701-712.","Shi, Yi-Ming, et al. ""Cleavage off-loading and post-assembly-line conversions yield products with unusual termini during biosynthesis."" ACS Chemical Biology 17.8 (2022): 2221-2228.; Ohlemacher, Shannon I., et al. ""Enterobacteria secrete an inhibitor of Pseudomonas virulence during clinical bacteriuria."" The Journal of clinical investigation 127.11 (2017): 4018-4030.; Ahmadi, Mahmoud Kamal, et al. ""Total biosynthesis and diverse applications of the nonribosomal peptide-polyketide siderophore yersiniabactin."" Applied and environmental microbiology 81.16 (2015): 5290-5298.",,,,,19,24,4,3,3,0.791666667,4.75,6.333333333,6.333333333,Ruolin He,1,10,7,-3.217,4.58771997
95,Piscibactin,,2,0,0,0,0,0,0,0,1,1,0,0,0,0,0,4,Alpha-Aminocarboxylate/Hydroxyphenylthiazoline,Hybrid NRPS/PKS,C[C@]1(C(=O)O)CSC(C[C@H](O)[C@@H]2CSC([C@H]3CSC(c4ccccc4O)=N3)N2)=N1,"aMe-Cys, X0, Cys, SA",4,0.724137931,1,C19H23N3O4S3,453.598832,Photobacterium damselae subsp. piscicida; Xenorhabdus szentirmaii DSM 16338,1,0,0,0,0,0,0,1,0,0,0,0,0,0,0,0,Pseudomonadota,,,,,SA+Cys,,,,"Souto, Alba, et al. ""Structure and biosynthetic assembly of piscibactin, a siderophore from Photobacterium damselae subsp. piscicida, predicted from genome analysis."" European Journal of Organic Chemistry 2012.29 (2012): 5693-5700.; Souto, Alba, et al. ""Structure and biosynthetic assembly of piscibactin, a siderophore from Photobacterium damselae subsp. piscicida, predicted from genome analysis."" European Journal of Organic Chemistry 2012.29 (2012): 5693-5700.","Shi, Yi-Ming, et al. ""Cleavage off-loading and post-assembly-line conversions yield products with unusual termini during biosynthesis."" ACS Chemical Biology 17.8 (2022): 2221-2228.",,,,,19,23,3,4,3,0.826086957,6.333333333,4.75,6.333333333,Ruolin He,1,10,6,-3.24,4.58354666
94,Yersiniabactin,,20,0,0,0,0,0,0,0,1,1,0,0,0,0,0,4,Alpha-Aminocarboxylate/Hydroxyphenylthiazoline,Hybrid NRPS/PKS,CC(C)(C1=N[C@@](C)(C(=O)O)CS1)[C@H](O)[C@@H]1CSC([C@H]2CSC(c3ccccc3O)=N2)N1,"aMe-Cys, X0, Cys, SA",4,0.677419355,1,C21H27N3O4S3,481.652076,Pseudomonas syringae pv. tomato str. DC3000; Salmonella enterica; Yersinia enterocolitica; Yersinia pestis; Escherichia coli 83972; Escherichia coli UTI89; Escherichia coli ASB1; Escherichia coli ASB2; Escherichia coli ASB3; Escherichia coli ASB5; Escherichia coli acute1; Escherichia coli acute2; Escherichia coli acute3; Escherichia coli acute4; Escherichia coli rUTI2; Escherichia coli rUTI3; Escherichia coli rUTI4; Escherichia coli rUTI5; Escherichia coli pyelo4; Escherichia coli S88,1,0,0,0,0,0,0,1,0,0,0,0,0,0,0,0,Pseudomonadota,,,,,SA+Cys,,,,"Perry, Robert D., et al. ""Yersiniabactin from Yersinia pestis: biochemical characterization of the siderophore and its role in iron transport and regulation."" Microbiology 145.5 (1999): 1181-1190.; Ratledge, Colin, and Lynn G. Dover. ""Iron metabolism in pathogenic bacteria."" Annual reviews in microbiology 54.1 (2000): 881-941.; Pfeifer, Blaine A., et al. ""Biosynthesis of yersiniabactin, a complex polyketide-nonribosomal peptide, using Escherichia coli as a heterologous host."" Applied and environmental microbiology 69.11 (2003): 6698-6702.; Bultreys, Alain, Isabelle Gheysen, and Edmond de Hoffmann. ""Yersiniabactin production by Pseudomonas syringae and Escherichia coli, and description of a second yersiniabactin locus evolutionary group."" Applied and Environmental Microbiology 72.6 (2006): 3814-3825.; Jones, Alexander M., Steven E. Lindow, and Mary C. Wildermuth. ""Salicylic acid, yersiniabactin, and pyoverdin production by the model phytopathogen Pseudomonas syringae pv. tomato DC3000: synthesis, regulation, and impact on tomato and Arabidopsis host plants."" Journal of bacteriology 189.19 (2007): 6773-6786.; Petermann, Shana R., Julie S. Sherwood, and Catherine M. Logue. ""The Yersinia high pathogenicity island is present in Salmonella enterica Subspecies I isolated from turkeys."" Microbial pathogenesis 45.2 (2008): 110-114.; Henderson, Jeffrey P., et al. ""Quantitative metabolomics reveals an epigenetic blueprint for iron acquisition in uropathogenic Escherichia coli."" PLoS pathogens 5.2 (2009): e1000305.; Cornelis, Pierre. ""Iron uptake and metabolism in pseudomonads."" Applied microbiology and biotechnology 86 (2010): 1637-1645.; Fetherston, Jacqueline D., et al. ""The yersiniabactin transport system is critical for the pathogenesis of bubonic and pneumonic plague."" Infection and immunity 78.5 (2010): 2045-2052.; Sebbane, Florent, et al. ""Role of the Yersinia pestis yersiniabactin iron acquisition system in the incidence of flea-borne plague."" PloS one 5.12 (2010): e14379.; Watts, Rebecca E., et al. ""Contribution of siderophore systems to growth and urinary tract colonization of asymptomatic bacteriuria Escherichia coli."" Infection and immunity 80.1 (2012): 333-344.; Genuini, Mathieu, et al. ""ShiF acts as an auxiliary factor of aerobactin secretion in meningitis Escherichia coli strain S88."" BMC microbiology 19 (2019): 1-8.","Shi, Yi-Ming, et al. ""Cleavage off-loading and post-assembly-line conversions yield products with unusual termini during biosynthesis."" ACS Chemical Biology 17.8 (2022): 2221-2228.; Ohlemacher, Shannon I., et al. ""Enterobacteria secrete an inhibitor of Pseudomonas virulence during clinical bacteriuria."" The Journal of clinical investigation 127.11 (2017): 4018-4030.; Ahmadi, Mahmoud Kamal, et al. ""Total biosynthesis and diverse applications of the nonribosomal peptide-polyketide siderophore yersiniabactin."" Applied and environmental microbiology 81.16 (2015): 5290-5298.",,,,,21,27,3,4,3,0.777777778,7,5.25,7,Shaohua Gu; Ruolin He,1,10,5,-3.577,4.470050699
921,Thiazostatin E,,1,0,0,1,0,0,0,0,1,1,0,0,0,0,0,5,Alpha-Aminocarboxylate/Hydroxyphenylthiazoline/Phenolate,Putative NRPS,CN1[C@H]([C@@H]2CSC(c3cc(O)ccc3O)=N2)SC[C@]1(C)C(=O)O,"N-diMe-Cys, Cys, Gea",3,1,0,C15H18N2O4S2,354.444664,Actinoplanes sp. SE50/110,1,0,0,0,1,0,0,0,0,0,0,0,0,0,0,0,Actinomycetota,,,,,Gea+Cys,,,,"Schlüter, Laura, et al. ""Discovery of thiazostatin D/E using UPLC-HR-MS2-based metabolomics and σ-factor engineering of Actinoplanes sp. SE50/110."" Frontiers in Bioengineering and Biotechnology 12 (2024): 1497138.",,,,,,15,18,2,4,2,0.833333333,7.5,3.75,7.5,Ruolin He,1,10,2,-3.013,5.08693645
920,Thiazostatin D,,1,0,0,1,0,0,0,0,1,1,0,0,0,0,0,5,Alpha-Aminocarboxylate/Hydroxyphenylthiazoline/Phenolate,Putative NRPS,CN1[C@@H]([C@@H]2CSC(c3cc(O)ccc3O)=N2)SC[C@]1(C)C(=O)O,"N-diMe-Cys, Cys, Gea",3,1,0,C15H18N2O4S2,354.444664,Actinoplanes sp. SE50/110,1,0,0,0,1,0,0,0,0,0,0,0,0,0,0,0,Actinomycetota,,,,,Gea+Cys,,,,"Schlüter, Laura, et al. ""Discovery of thiazostatin D/E using UPLC-HR-MS2-based metabolomics and σ-factor engineering of Actinoplanes sp. SE50/110."" Frontiers in Bioengineering and Biotechnology 12 (2024): 1497138.",,,,,,15,18,2,4,2,0.833333333,7.5,3.75,7.5,Ruolin He,1,10,14,-3.013,5.08693645
895,Spinactin C,,1,0,0,0,0,0,0,1,0,0,0,0,0,0,0,2,Hydroxyphenyloxazoline,NRPS,CN(C)c1ccc(O)c(C2=N[C@H](CN3C(=O)[C@H]4CS[C@@H]([C@H]3CS(C)=O)N4C)CO2)c1,"NMe-Cys, N-diMe-5NH2-SA, Serol, S-Oxidized-S-Me-Reduced-Cys",4,1,0,C20H28N4O4S2,452.59118,Saccharopolyspora spinosa NRRL 18395,1,0,0,0,1,0,0,0,0,0,0,0,0,0,0,0,Actinomycetota,,,,N-diMe-5NH2-SA+Serol,,,,,"Ma, Zhengning, et al. ""Deciphering the δ-Lactam Formation and lron-Reducing Activity of Spinactins from Saccharopolyspora spinosa."" Organic Letters (2025).","Ma, Zhengning, et al. ""Deciphering the δ-Lactam Formation and lron-Reducing Activity of Spinactins from Saccharopolyspora spinosa."" Organic Letters (2025).",,,,,20,28,4,4,2,0.714285714,5,5,10,Ruolin He,1,47,1,-3.3,4.58781714
893,Spinactin A,,1,0,0,0,0,0,0,1,0,0,0,0,0,0,0,2,Hydroxyphenyloxazoline,NRPS,CSC[C@@H]1[C@@H]2SC[C@H](C(=O)N1C[C@@H]1COC(c3cc(N(C)C)ccc3O)=N1)N2C,"NMe-Cys, N-diMe-5NH2-SA, Serol, Reduced-S-Me-Cys",4,1,0,C20H28N4O3S2,436.591775,Saccharopolyspora spinosa NRRL 18395,1,0,0,0,1,0,0,0,0,0,0,0,0,0,0,0,Actinomycetota,,,,N-diMe-5NH2-SA+Serol,,,,,"Ma, Zhengning, et al. ""Deciphering the δ-Lactam Formation and lron-Reducing Activity of Spinactins from Saccharopolyspora spinosa."" Organic Letters (2025).","Ma, Zhengning, et al. ""Deciphering the δ-Lactam Formation and lron-Reducing Activity of Spinactins from Saccharopolyspora spinosa."" Organic Letters (2025).",,,,,20,28,4,3,2,0.714285714,5,6.666666667,10,Ruolin He,1,47,2,-3.17,4.657579059
894,Spinactin B,,1,0,0,0,0,0,0,1,0,0,0,0,0,0,0,2,Hydroxyphenyloxazoline,NRPS,CNc1ccc(O)c(C2=N[C@H](CN3C(=O)[C@H]4CS[C@@H]([C@H]3CSC)N4C)CO2)c1,"NMe-Cys, N-Me-5NH2-SA, Serol, Reduced-S-Me-Cys",4,1,0,C19H26N4O3S2,422.565153,Saccharopolyspora spinosa NRRL 18395,1,0,0,0,1,0,0,0,0,0,0,0,0,0,0,0,Actinomycetota,,,,N-diMe-5NH2-SA+Serol,,,,,"Ma, Zhengning, et al. ""Deciphering the δ-Lactam Formation and lron-Reducing Activity of Spinactins from Saccharopolyspora spinosa."" Organic Letters (2025).","Ma, Zhengning, et al. ""Deciphering the δ-Lactam Formation and lron-Reducing Activity of Spinactins from Saccharopolyspora spinosa."" Organic Letters (2025).",,,,,19,26,4,3,2,0.730769231,4.75,6.333333333,9.5,Ruolin He,1,47,3,-3.369,4.721951421
82,Sorangibactin A,Sorangibactin A1; Sorangibactin A2,1,0,0,0,0,0,0,1,0,0,0,0,0,0,0,2,Hydroxyphenyloxazoline,NRPS,CN1C(c2coc(-c3ccccc3O)n2)SCC1C1SCC(C(=O)NC2CCSC2=O)N1C,"aFo-Gly, SA, NMe-Cys, NMe-Cys, DL-HcyTL",5,1,0,C22H26N4O4S3,506.661578,Pendulispora rubella,1,0,0,0,0,0,0,0,0,1,0,0,0,0,0,0,Myxococcota,,,,SA+Ser,,,,,"Gao, Yunsheng, et al. ""Genome-Guided Discovery of the Myxobacterial Thiolactone-Containing Sorangibactins."" ACS Chemical Biology (2023).","Gao, Yunsheng, et al. ""Genome-Guided Discovery of the Myxobacterial Thiolactone-Containing Sorangibactins."" ACS Chemical Biology (2023).",,,,,22,26,4,4,3,0.846153846,5.5,5.5,7.333333333,Ruolin He,1,40,1,-3.972,4.376856402
101,Mupirochelin,,9,0,0,0,1,0,0,1,0,0,0,0,0,0,0,3,Carboxylate/Hydroxyphenyloxazoline,NRPS,CC1OC(c2ccccc2O)=NC1C1NC(C2SCC(C3=NC(C)(C(=O)O)CS3)N2C)CS1,"Cys, aThr/Thr, NMe-Cys, SA, aMe-Cys",5,1,0,C22H28N4O4S3,508.67746,Pseudomonas sp. NCIMB 10586; Pseudomonas azotoformans LMG 23662; Pseudomonas canadensis LMG 28499; Pseudomonas libanensis LMG 21606; Pseudomonas simiae DSM 18861; Pseudomonas synxantha DSM 18928; Pseudomonas thivervalensis LMG 21626; Pseudomonas sp. W2Jun17; Pseudomonas sp. W2Aug9,1,0,0,0,0,0,0,1,0,0,0,0,0,0,0,0,Pseudomonadota,,,,SA+Thr,,,,,"Grosse, Camille, et al. ""Two new siderophores produced by Pseudomonas sp. NCIMB 10586: The anti-oomycete non-ribosomal peptide synthetase-dependent mupirochelin and the NRPS-independent triabactin."" Frontiers in microbiology 14 (2023).","Grosse, Camille, et al. ""Two new siderophores produced by Pseudomonas sp. NCIMB 10586: The anti-oomycete non-ribosomal peptide synthetase-dependent mupirochelin and the NRPS-independent triabactin."" Frontiers in microbiology 14 (2023).",,,,,22,28,4,4,3,0.785714286,5.5,5.5,7.333333333,Ruolin He,1,11,1,-3.819,4.369642442
79,Tetroazolemycin B,,1,0,0,0,0,0,0,2,0,0,0,0,0,0,0,4,Hydroxyphenyloxazoline,Hybrid NRPS/NIS,CN1[C@@H](CN2C(=O)[C@H]3CSSC[C@@H]2C(=O)N3C[C@H]2CS[C@@H]([C@@H]3COC(c4ccccc4O)=N3)N2C)CS[C@@H]1[C@@H]1COC(c2ccccc2O)=N1,"bis-2MeNH2-3Sp-diTh-diAzc-dedi, Ser, Ser, SA, SA",5,1,0,C34H40N6O6S4,756.978648,Streptomyces olivaceus FXJ8.012,1,0,0,0,1,0,0,0,0,0,0,0,0,0,0,0,Actinomycetota,,,,SA+Ser,,,,,"Liu, Ning, et al. ""Tetroazolemycins A and B, two new oxazole-thiazole siderophores from deep-sea Streptomyces olivaceus FXJ8. 012."" Marine Drugs 11.5 (2013): 1524-1533.",,,,,,34,40,6,6,4,0.85,5.666666667,5.666666667,8.5,Ruolin He,1,6,2,-5.034,3.712716797
78,Tetroazolemycin A,,1,0,0,0,0,0,0,2,0,0,0,0,0,0,0,4,Hydroxyphenyloxazoline,Hybrid NRPS/NIS,CN1[C@@H](CN2C(=O)[C@H]3CSSC[C@@H]2C(=O)N3C[C@H]2CS[C@@H]([C@@H]3COC(c4ccccc4O)=N3)N2C)CS[C@H]1[C@@H]1COC(c2ccccc2O)=N1,"bis-2MeNH2-3Sp-diTh-diAzc-dedi, Ser, Ser, SA, SA",5,1,0,C34H40N6O6S4,756.978648,Streptomyces olivaceus FXJ8.012,1,0,0,0,1,0,0,0,0,0,0,0,0,0,0,0,Actinomycetota,,,,SA+Ser,,,,,"Liu, Ning, et al. ""Tetroazolemycins A and B, two new oxazole-thiazole siderophores from deep-sea Streptomyces olivaceus FXJ8. 012."" Marine Drugs 11.5 (2013): 1524-1533.",,,,,,34,40,6,6,4,0.85,5.666666667,5.666666667,8.5,Ruolin He,1,6,1,-5.034,3.712716797
81,Spoxazomicin A,,1,0,0,0,0,0,0,1,0,0,0,0,0,0,0,2,Hydroxyphenyloxazoline,Hybrid NRPS/NIS,CC(=O)NC[C@H]1CS[C@@H]([C@@H]2COC(c3ccccc3O)=N2)N1C,"Ser, SA, 2-MeNH2-3Sp-Aca",3,1,0,C16H21N3O3S,335.421725,Streptosporangium oxazolinicum K07-0460T,1,0,0,0,1,0,0,0,0,0,0,0,0,0,0,0,Actinomycetota,,,,SA+Ser,,,,,"Inahashi, Yuki, et al. ""Spoxazomicins A–C, novel antitrypanosomal alkaloids produced by an endophytic actinomycete, Streptosporangium oxazolinicum K07-0460T."" The Journal of antibiotics 64.4 (2011): 303-307.",,,,,,16,21,3,3,1,0.761904762,5.333333333,5.333333333,16,Ruolin He,1,6,4,-2.44,5.208222079
80,Spoxazomicin B,,1,0,0,0,0,0,0,1,0,0,0,0,0,0,0,2,Hydroxyphenyloxazoline,Hybrid NRPS/NIS,CC(=O)NC[C@H]1CS[C@H]([C@@H]2COC(c3ccccc3O)=N2)N1C,"Ser, SA, 2-MeNH2-3Sp-Aca",3,1,0,C16H21N3O3S,335.421725,Streptosporangium oxazolinicum K07-0460T,1,0,0,0,1,0,0,0,0,0,0,0,0,0,0,0,Actinomycetota,,,,SA+Ser,,,,,"Inahashi, Yuki, et al. ""Spoxazomicins A–C, novel antitrypanosomal alkaloids produced by an endophytic actinomycete, Streptosporangium oxazolinicum K07-0460T."" The Journal of antibiotics 64.4 (2011): 303-307.",,,,,,16,21,3,3,1,0.761904762,5.333333333,5.333333333,16,Ruolin He,1,6,3,-2.44,5.208222079
696,Pulicatin J,,1,0,0,0,0,0,0,0,1,0,0,0,0,0,0,2,Hydroxyphenylthiazoline,Hybrid NRPS/NIS,CC(C(N)=O)C(=O)OCC1CSC(c2ccccc2O)=N1,"Reduced-Cys, Me-MA, SA",3,1,0,C14H16N2O4S,308.353242,Streptomyces diastaticus NBU2966,1,0,0,0,1,0,0,0,0,0,0,0,0,0,0,0,Actinomycetota,,,,,SA+Cys,,,,"Liu, Yang, et al. ""Feature-based molecular networking-guided discovery of siderophores from a marine mesophotic zone Axinellida sponge-associated actinomycete Streptomyces diastaticus NBU2966."" Phytochemistry 196 (2022): 113078.",,,,,,14,16,2,4,1,0.875,7,3.5,14,Ruolin He,1,37,1,-2.953,5.399828919
703,Spoxazomicin E,,1,0,0,0,0,0,0,1,0,0,0,0,0,0,0,2,Hydroxyphenyloxazoline,Hybrid NRPS/NIS,CC(C(N)=O)C(=O)OCC1COC(c2ccccc2O)=N1,"Serol, SA, Me-MA",3,1,0,C14H16N2O5,292.287847,Streptomyces diastaticus NBU2966,1,0,0,0,1,0,0,0,0,0,0,0,0,0,0,0,Actinomycetota,,,,SA+Ser,,,,,"Liu, Yang, et al. ""Feature-based molecular networking-guided discovery of siderophores from a marine mesophotic zone Axinellida sponge-associated actinomycete Streptomyces diastaticus NBU2966."" Phytochemistry 196 (2022): 113078.",,,,,,14,16,2,5,0,0.875,7,2.8,0,Ruolin He,1,37,2,-2.442,5.525985077
677,"Methyl 2-(2-hydroxyphenyl)-4,5-dihydrooxazole-4-carboxylate",,1,0,0,0,0,0,0,1,0,0,0,0,0,0,0,2,Hydroxyphenyloxazoline,Putative NRPS,COC(=O)C1COC(c2ccccc2O)=N1,"OMe-Ser, SA",2,1,0,C11H11NO4,221.209814,Actinomadura sp. MJ502-77F8,1,0,0,0,1,0,0,0,0,0,0,0,0,0,0,0,Actinomycetota,,,,SA+Ser,,,,,"Sasaki, Toru, et al. ""Discovery of Methyl-2-(2'-hydroxyphenyl)-2-oxazoline-4-carboxylate as a Secondary Metabolite from Actinomadura sp."" The Journal of antibiotics 50.10 (1997): 881-883.; Moraski, Garrett C., et al. ""Structure–activity relationship of new anti-tuberculosis agents derived from oxazoline and oxazole benzyl esters."" European journal of medicinal chemistry 45.5 (2010): 1703-1716.",,,,,,11,11,1,4,0,1,11,2.75,0,Ruolin He,1,5,3,-2.142,6.241815361
76,Spoxazomicin D,,1,0,0,0,0,0,0,1,0,0,0,0,0,0,0,2,Hydroxyphenyloxazoline,Putative NRPS,NC(=O)C1COC(c2ccccc2O)=N1,"Ser-NH2, SA",2,1,0,C10H10N2O3,206.198431,Streptomyces sp. RM-14-6,1,0,0,0,1,0,0,0,0,0,0,0,0,0,0,0,Actinomycetota,,,,SA+Ser,,,,,"Shaaban, Khaled A., et al. ""Spoxazomicin D and oxachelin C, potent neuroprotective carboxamides from the Appalachian coal fire-associated isolate Streptomyces sp. RM-14-6."" Journal of natural products 80.1 (2017): 2-11.",,,,,,10,10,2,3,0,1,5,3.333333333,0,Ruolin He,1,5,1,-1.927,6.439268486
77,Spoxazomicin C,,1,0,0,0,0,0,0,1,0,0,0,0,0,0,0,2,Hydroxyphenyloxazoline,Hybrid NRPS/NIS,OCC1COC(c2ccccc2O)=N1,"Serol, SA",2,1,0,C10H11NO3,193.199669,Streptosporangium oxazolinicum K07-0460T,1,0,0,0,1,0,0,0,0,0,0,0,0,0,0,0,Actinomycetota,,,,SA+Ser,,,,,"Inahashi, Yuki, et al. ""Spoxazomicins A–C, novel antitrypanosomal alkaloids produced by an endophytic actinomycete, Streptosporangium oxazolinicum K07-0460T."" The Journal of antibiotics 64.4 (2011): 303-307.",,,,,,10,11,1,3,0,0.909090909,10,3.333333333,0,Ruolin He,1,5,2,-1.3,6.628833607
75,Coelibactin,,1,0,0,0,1,0,0,1,0,0,0,0,0,0,0,3,Carboxylate/Hydroxyphenyloxazoline,NRPS,CC1OC(c2ccccc2O)=NC1C1=NCC(C2=NC(C(=O)O)CS2)S1,"aThr/Thr, SA, Cys, ICys",4,1,0,C17H17N3O4S2,391.464906,Streptomyces coelicolor A3(2),1,0,0,0,1,0,0,0,0,0,0,0,0,0,0,0,Actinomycetota,,,,SA+Thr,,,,,"Lim, Young-Ran, et al. ""Crystal structure of cytochrome P450 CYP105N1 from Streptomyces coelicolor, an oxidase in the coelibactin siderophore biosynthetic pathway."" Archives of biochemistry and biophysics 528.2 (2012): 111-117.","Bentley, Stephen D., et al. ""Complete genome sequence of the model actinomycete Streptomyces coelicolor A3 (2)."" nature 417.6885 (2002): 141-147.",,,,,17,17,3,4,2,1,5.666666667,4.25,8.5,Ruolin He,1,4,4,-4.025,4.876770169
74,Vulnibactin 2,,1,0,0,0,1,0,0,1,0,0,0,0,0,0,0,3,Carboxylate/Hydroxyphenyloxazoline,NRPS,CC1OC(c2ccccc2O)=NC1C(=O)O,"aThr/Thr, SA",2,1,0,C11H11NO4,221.209814,Vibrio vulnificus,1,0,0,0,0,0,0,1,0,0,0,0,0,0,0,0,Pseudomonadota,,,,SA+Thr,,,,,"Okujo, Noriyuki, et al. ""Structure of vulnibactin, a new polyamine-containing siderophore from Vibrio vulnificus."" Biometals 7 (1994): 109-116.; Okujo, Noriyuki, et al. ""Involvement of vulnibactin and exocellular protease in utilization of transferrin-and lactoferrin-bound iron by Vibrio vulnificus."" Microbiology and immunology 40.8 (1996): 595-598.; Ratledge, Colin, and Lynn G. Dover. ""Iron metabolism in pathogenic bacteria."" Annual reviews in microbiology 54.1 (2000): 881-941.","Tan, Wenzhi, et al. ""Molecular characterization of vulnibactin biosynthesis in Vibrio vulnificus indicates the existence of an alternative siderophore."" Frontiers in Microbiology 5 (2014): 1.",,,,,11,11,1,4,0,1,11,2.75,0,Ruolin He,1,4,3,-2.05,6.241815361
865,Pseudomobactin A,,1,0,0,0,0,0,0,1,0,0,0,0,0,0,0,2,Hydroxyphenyloxazoline,Putative NRPS,C[C@H]1OC(c2ccccc2O)=N[C@@H]1C(N)=O,"Thra, SA",2,1,0,C11H12N2O3,220.225053,Pseudomonas sp. UIAU-6B,1,0,0,0,0,0,0,1,0,0,0,0,0,0,0,0,Pseudomonadota,,,,SA+Thr,,,,,"Oluwabusola, Emmanuel T., et al. ""Isolation and characterization of new phenolic siderophores with antimicrobial properties from Pseudomonas sp. UIAU-6B."" Beilstein journal of organic chemistry 17.1 (2021): 2390-2398.","Oluwabusola, Emmanuel T., et al. ""Isolation and characterization of new phenolic siderophores with antimicrobial properties from Pseudomonas sp. UIAU-6B."" Beilstein journal of organic chemistry 17.1 (2021): 2390-2398.",,,,,11,12,2,3,0,0.916666667,5.5,3.666666667,0,Yanzhao Wu; Jiqi Shao; Ruolin He,1,4,5,-2.042,6.254137537
866,Pseudomobactin B,,1,0,0,0,0,0,0,1,0,0,0,0,0,0,0,2,Hydroxyphenyloxazoline,Putative NRPS,C[C@H]1OC(c2ccccc2O)=N[C@@H]1C(=O)NCCc1ccccc1,"Ph-etNH2, aThr/Thr, SA",3,1,0,C19H20N2O3,324.374501,Pseudomonas sp. UIAU-6B,1,0,0,0,0,0,0,1,0,0,0,0,0,0,0,0,Pseudomonadota,,,,SA+Thr,,,,,"Oluwabusola, Emmanuel T., et al. ""Isolation and characterization of new phenolic siderophores with antimicrobial properties from Pseudomonas sp. UIAU-6B."" Beilstein journal of organic chemistry 17.1 (2021): 2390-2398.","Oluwabusola, Emmanuel T., et al. ""Isolation and characterization of new phenolic siderophores with antimicrobial properties from Pseudomonas sp. UIAU-6B."" Beilstein journal of organic chemistry 17.1 (2021): 2390-2398.",,,,,19,20,2,3,0,0.95,9.5,6.333333333,0,Yanzhao Wu; Jiqi Shao; Ruolin He,1,4,6,-3.902,5.283511389
73,Untitled siderophore 3,"(5R)-N-(2-(1H-imidazol-4-yl)ethyl)-2-(2-hydroxyphenyl)-5-methyl-4,5-dihydrooxazole-4-carboxamide",1,0,0,0,0,0,0,1,0,0,0,0,0,0,0,2,Hydroxyphenyloxazoline,Putative NRPS,C[C@H]1OC(c2ccccc2O)=NC1C(=O)NCCc1c[nH]cn1,"aThr/Thr, SA, HIA",3,1,0,C16H18N4O3,314.339805,Pseudomonas fluorescens 4.9.3,1,0,0,0,0,0,0,1,0,0,0,0,0,0,0,0,Pseudomonadota,,,,SA+Thr,,,,,"Özkaya, F., Erdal Bedir, and E. Esin Hameş. ""A New Siderophore from Sponge Associated Pseudomonas fluorescens 4.9. 3."" Records of Natural Products 9.4 (2015).",,,,,,16,18,4,3,0,0.888888889,4,5.333333333,0,Ruolin He,1,4,2,-2.705,5.355321972
72,Pre-pseudomonine,,1,1,0,0,0,0,0,1,0,0,0,0,0,0,0,4,Hydroxamate/Hydroxyphenyloxazoline,Putative NRPS,C[C@H]1OC(c2ccccc2O)=NC1C(=O)N(O)CCc1c[nH]cn1,"aThr/Thr, SA, NOH-Hia",3,1,0,C16H18N4O4,330.33921,Pseudomonas fluorescens 4.9.3,1,0,0,0,0,0,0,1,0,0,0,0,0,0,0,0,Pseudomonadota,His derivatives,,,SA+Thr,,,,,"Özkaya, F., Erdal Bedir, and E. Esin Hameş. ""A New Siderophore from Sponge Associated Pseudomonas fluorescens 4.9. 3."" Records of Natural Products 9.4 (2015).",,,,,,16,18,4,4,0,0.888888889,4,4,0,Ruolin He,1,4,1,-2.608,5.24239029
71,Preacinetobactin,Acinetobactin oxazoline form; Pre-acinetobactin,2,1,1,0,0,0,0,1,0,0,0,0,0,0,1,5,Catecholate/Hydroxamate/Hydroxyphenyloxazoline,NRPS,C[C@H]1OC(c2cccc(O)c2O)=N[C@H]1C(=O)N(O)CCc1cnc[nH]1,"aThr/Thr, diOH-Bz, NOH-Hia",3,1,0,C16H18N4O5,346.338615,Acinetobacter baumannii; Acinetobacter haemolyticus,1,0,0,0,0,0,0,1,0,0,0,0,0,0,0,0,Pseudomonadota,His derivatives,diOH-Bz,,diOH-Bz+Thr,,,,,"Fadeev, Evgeny A., Minkui Luo, and John T. Groves. ""Synthesis, structure, and molecular dynamics of gallium complexes of schizokinen and the amphiphilic siderophore acinetoferrin."" Journal of the American Chemical Society 126.38 (2004): 12065-12075.; Zimbler, Daniel L., et al. ""Iron acquisition functions expressed by the human pathogen Acinetobacter baumannii."" Biometals 22 (2009): 23-32.; Drake, Eric J., et al. ""Biochemical and structural characterization of bisubstrate inhibitors of BasE, the self-standing nonribosomal peptide synthetase adenylate-forming enzyme of acinetobactin synthesis."" Biochemistry 49.43 (2010): 9292-9305.; Nwugo, Chika C., et al. ""Deciphering the iron response in Acinetobacter baumannii: a proteomics approach."" Journal of proteomics 74.1 (2011): 44-58.","Balado, Miguel, et al. ""Two catechol siderophores, acinetobactin and amonabactin, are simultaneously produced by Aeromonas salmonicida subsp. salmonicida sharing part of the biosynthetic pathway."" ACS chemical biology 10.12 (2015): 2850-2860.",,,,,16,18,4,5,0,0.888888889,4,3.2,0,Ruolin He,1,3,2,-2.846,5.137394749
70,Anguibactin,,3,1,0,0,0,0,0,0,1,0,0,0,0,0,0,4,Hydroxamate/Hydroxyphenylthiazoline,NRPS,O=C(C1CSC(c2cccc(O)c2O)=N1)N(O)CCc1cnc[nH]1,"Cys, diOH-Bz, NOH-Hia",3,1,0,C15H16N4O4S,348.377388,Vibrio anguillarum; Vibrio cholerae; Vibrio campbellii DS40M4,1,0,0,0,0,0,0,1,0,0,0,0,0,0,0,0,Pseudomonadota,His derivatives,,,,diOH-Bz+Cys,,,,"Actis, LUIS A., et al. ""Characterization of anguibactin, a novel siderophore from Vibrio anguillarum 775 (pJM1)."" Journal of bacteriology 167.1 (1986): 57-65.; Jalal, M. A. F., et al. ""Structure of anguibactin, a unique plasmid-related bacterial siderophore from the fish pathogen Vibrio anguillarum."" Journal of the american chemical society 111.1 (1989): 292-296.; Haygood, Margo G., Pamela D. Holt, and Alison Butler. ""Aerobactin production by a planktonic marine Vibrio sp."" Limnology and Oceanography 38.5 (1993): 1091-1097.; Ratledge, Colin, and Lynn G. Dover. ""Iron metabolism in pathogenic bacteria."" Annual reviews in microbiology 54.1 (2000): 881-941.; De Carvalho, Carla CCR, and Pedro Fernandes. ""Production of metabolites as bacterial responses to the marine environment."" Marine drugs 8.3 (2010): 705-727.; Sandy, Moriah, et al. ""Vanchrobactin and anguibactin siderophores produced by Vibrio sp. DS40M4."" Journal of natural products 73.6 (2010): 1038-1043.","Naka, Hiroaki, Luis A. Actis, and Jorge H. Crosa. ""The anguibactin biosynthesis and transport genes are encoded in the chromosome of V ibrio harveyi: a possible evolutionary origin for the p JM 1 plasmid–encoded system of V ibrio anguillarum?."" Microbiologyopen 2.1 (2013): 182-194.",,,,,15,16,4,4,1,0.9375,3.75,3.75,15,Shaohua Gu; Ruolin He,1,3,1,-3.069,5.124538146
104,Agrochelin,,1,0,0,0,0,0,0,0,1,0,0,0,0,0,0,2,Hydroxyphenylthiazoline,Hybrid NRPS/PKS,CCCCCc1cccc(O)c1C1=N[C@@H]([C@@H]2SC[C@@H]([C@@H](O)C(C)(C)C(=O)O)N2C)CS1,"X0, Cys, 6p-SA",3,0.580645161,1,C23H34N2O4S2,466.65764,Agrobacterium sp.,1,0,0,0,0,0,0,1,0,0,0,0,0,0,0,0,Pseudomonadota,,,,,6p-SA+Cys,,,,"Cañedo, Librada M., et al. ""Agrochelin, a new cytotoxic alkaloid from the marine bacteria Agrobacterium sp."" Tetrahedron letters 40.37 (1999): 6841-6844.","Diettrich, Jan, Hirokazu Kage, and Markus Nett. ""Genomics-inspired discovery of massiliachelin, an agrochelin epimer from Massilia sp. NR 4-1."" Beilstein journal of organic chemistry 15.1 (2019): 1298-1303.",,,,,23,34,2,4,2,0.676470588,11.5,5.75,11.5,Ruolin He,1,12,3,-3.925,4.529451195
103,Massiliachelin,,1,0,0,0,0,0,0,0,1,0,0,0,0,0,0,2,Hydroxyphenylthiazoline,Hybrid NRPS/PKS,CCCCCc1cccc(O)c1C1=N[C@@H]([C@H]2SC[C@@H]([C@@H](O)C(C)(C)C(=O)O)N2C)CS1,"X0, Cys, 6p-SA",3,0.580645161,1,C23H34N2O4S2,466.65764,Massilia sp. NR 4-1,1,0,0,0,0,0,0,1,0,0,0,0,0,0,0,0,Pseudomonadota,,,,,6p-SA+Cys,,,,"Diettrich, Jan, Hirokazu Kage, and Markus Nett. ""Genomics-inspired discovery of massiliachelin, an agrochelin epimer from Massilia sp. NR 4-1."" Beilstein journal of organic chemistry 15.1 (2019): 1298-1303.","Diettrich, Jan, Hirokazu Kage, and Markus Nett. ""Genomics-inspired discovery of massiliachelin, an agrochelin epimer from Massilia sp. NR 4-1."" Beilstein journal of organic chemistry 15.1 (2019): 1298-1303.",,,,,23,34,2,4,2,0.676470588,11.5,5.75,11.5,Ruolin He,1,12,2,-3.925,4.529451195
102,Micacocidin,,1,0,0,0,1,0,0,0,1,0,0,0,0,0,0,3,Carboxylate/Hydroxyphenylthiazoline,Hybrid NRPS/PKS,CCCCCc1cccc(O)c1C1=N[C@@H]([C@H]2SC[C@@H]([C@H](O)C(C)(C)C3=N[C@@](C)(C(=O)O)CS3)N2C)CS1,"aMe-Cys, X0, Cys, 6p-SA",4,0.702702703,1,C27H39N3O4S3,565.811808,Pseudomonas sp. No. 57-250.,1,0,0,0,0,0,0,1,0,0,0,0,0,0,0,0,Pseudomonadota,,,,,6p-SA+Cys,,,,"Kobayashi, Shinobu, et al. ""Micacocidin A, B and C, novel antimycoplasma agents from Pseudomonas sp. II. Structure elucidation."" The Journal of antibiotics 51.3 (1998): 328-332.","Kage, Hirokazu, et al. ""An iterative type I polyketide synthase initiates the biosynthesis of the antimycoplasma agent micacocidin."" Chemistry & Biology 20.6 (2013): 764-771.",,,,,27,39,3,4,3,0.692307692,9,6.75,9,Shaohua Gu; Ruolin He,1,12,1,-4.893,4.181328021
817,Leptochelin B,,1,0,0,0,1,0,0,1,0,2,0,0,0,0,1,6,Alpha-Aminocarboxylate/Carboxylate/Hydroxyphenyloxazoline,Hybrid NRPS/PKS,C[C@H](NC(=O)[C@H](Cc1ccc(Br)cc1)NC(=O)[C@H]1COC(c2cccc(Cl)c2O)=N1)[C@H](O)[C@](C)(N)C1=N[C@H]([C@@H]2O[C@]2(C)C2=N[C@](C)(C(=O)O)CS2)CS1,"aMe-Cys, X0, Ser, 3Cl-SA, X1, Br-Phe",6,0.660377358,2,C35H40BrClN6O8S2,852.214998,Leptothoe sp. ISB3NOV94-8A,1,0,0,0,0,1,0,0,0,0,0,0,0,0,0,0,Cyanobacteriota,,,,3Cl-SA+Ser,,,,,"Avalon, Nicole E., et al. ""Leptochelins A–C, Cytotoxic Metallophores Produced by Geographically Dispersed Leptothoe Strains of Marine Cyanobacteria."" Journal of the American Chemical Society 146.27 (2024): 18626-18638.","Avalon, Nicole E., et al. ""Leptochelins A–C, Cytotoxic Metallophores Produced by Geographically Dispersed Leptothoe Strains of Marine Cyanobacteria."" Journal of the American Chemical Society 146.27 (2024): 18626-18638.",,,,,35,40,6,8,2,0.875,5.833333333,4.375,17.5,Ruolin He,1,42,1,-4.774,3.539576969
816,Leptochelin A,,1,0,0,0,1,0,0,1,0,2,0,0,0,0,1,6,Alpha-Aminocarboxylate/Carboxylate/Hydroxyphenyloxazoline,Hybrid NRPS/PKS,C[C@H](NC(=O)[C@H](Cc1ccc(Br)cc1)NC(=O)[C@H]1COC(c2cccc(Br)c2O)=N1)[C@H](O)[C@](C)(N)C1=N[C@H]([C@@H]2O[C@]2(C)C2=N[C@](C)(C(=O)O)CS2)CS1,"X0, X1, Br-Phe, aMe-Cys, Ser, 3Br-SA",6,0.660377358,2,C35H40Br2N6O8S2,896.665598,Leptothoe sp. ISB3NOV94-8A,1,0,0,0,0,1,0,0,0,0,0,0,0,0,0,0,Cyanobacteriota,,,,3Br-SA+Ser,,,,,"Avalon, Nicole E., et al. ""Leptochelins A–C, Cytotoxic Metallophores Produced by Geographically Dispersed Leptothoe Strains of Marine Cyanobacteria."" Journal of the American Chemical Society 146.27 (2024): 18626-18638.","Avalon, Nicole E., et al. ""Leptochelins A–C, Cytotoxic Metallophores Produced by Geographically Dispersed Leptothoe Strains of Marine Cyanobacteria."" Journal of the American Chemical Society 146.27 (2024): 18626-18638.",,,,,35,402,6,8,2,0.087064677,5.833333333,4.375,17.5,Ruolin He,1,42,2,-4.759,3.46816306
818,Leptochelin C,,1,0,0,0,1,0,0,1,0,2,0,0,0,0,1,6,Alpha-Aminocarboxylate/Carboxylate/Hydroxyphenyloxazoline,Hybrid NRPS/PKS,C[C@H](NC(=O)[C@H](Cc1ccc(Br)cc1)NC(=O)[C@H]1COC(c2cccc(Br)c2O)=N1)[C@H](O)[C@](C)(N)C1=N[C@H]([C@@H]2O[C@]2(C)C2=N[C@H](C(=O)O)CS2)CS1,"X0, Br-Phe, Ser, 3Br-SA, Cys, X1",6,0.653846154,2,C34H38Br2N6O8S2,882.638976,Leptothoe sp. ISB3NOV94-8A,1,0,0,0,0,1,0,0,0,0,0,0,0,0,0,0,Cyanobacteriota,,,,3Br-SA+Ser,,,,,"Avalon, Nicole E., et al. ""Leptochelins A–C, Cytotoxic Metallophores Produced by Geographically Dispersed Leptothoe Strains of Marine Cyanobacteria."" Journal of the American Chemical Society 146.27 (2024): 18626-18638.","Avalon, Nicole E., et al. ""Leptochelins A–C, Cytotoxic Metallophores Produced by Geographically Dispersed Leptothoe Strains of Marine Cyanobacteria."" Journal of the American Chemical Society 146.27 (2024): 18626-18638.",,,,,34,382,6,8,2,0.089005236,5.666666667,4.25,17,Ruolin He,1,42,3,-4.617,3.490129147
896,Spinactin D,,1,0,0,0,0,0,0,1,0,0,0,0,0,0,0,2,Hydroxyphenyloxazoline,NRPS,CSCC1C2SCC(C(=O)N1CC(N)COC(=O)c1cc(N(C)C)ccc1O)N2C,"NMe-Cys, N-diMe-5NH2-SA, Serol, Reduced-S-Me-Cys",4,1,0,C20H30N4O4S2,454.607062,Saccharopolyspora spinosa NRRL 18395,1,0,0,0,1,0,0,0,0,0,0,0,0,0,0,0,Actinomycetota,,,,N-diMe-5NH2-SA+Serol,,,,,"Ma, Zhengning, et al. ""Deciphering the δ-Lactam Formation and lron-Reducing Activity of Spinactins from Saccharopolyspora spinosa."" Organic Letters (2025).","Ma, Zhengning, et al. ""Deciphering the δ-Lactam Formation and lron-Reducing Activity of Spinactins from Saccharopolyspora spinosa."" Organic Letters (2025).",,,,,20,30,4,4,2,0.666666667,5,5,10,Ruolin He,1,48,1,-2.561,4.57928785
897,Spinactin E,,1,0,0,0,0,0,0,1,0,0,0,0,0,0,0,2,Hydroxyphenyloxazoline,NRPS,CSCC1C2SCC(C(=O)N1CC(CO)NC(=O)c1cc(N(C)C)ccc1O)N2C,"NMe-Cys, N-diMe-5NH2-SA, Serol, Reduced-S-Me-Cys",4,1,0,C20H30N4O4S2,454.607062,Saccharopolyspora spinosa NRRL 18395,1,0,0,0,1,0,0,0,0,0,0,0,0,0,0,0,Actinomycetota,,,,N-diMe-5NH2-SA+Serol,,,,,"Ma, Zhengning, et al. ""Deciphering the δ-Lactam Formation and lron-Reducing Activity of Spinactins from Saccharopolyspora spinosa."" Organic Letters (2025).","Ma, Zhengning, et al. ""Deciphering the δ-Lactam Formation and lron-Reducing Activity of Spinactins from Saccharopolyspora spinosa."" Organic Letters (2025).",,,,,20,30,4,4,2,0.666666667,5,5,10,Ruolin He,1,48,2,-2.29,4.57928785
142,Harundomycin A,,1,0,2,1,1,0,0,0,0,0,0,0,0,0,0,6,Carboxylate/Catecholate/Phenolate,Hybrid NRPS/NIS,C[C@@]12C[C@]34C=CC(=O)[C@](C)(CCC(=O)Nc5c(O)ccc(C(=O)SCC(NC(=O)c6cccc(O)c6O)C(=O)OC[C@H](NC(=O)c6cccc(O)c6O)C(=O)O)c5O)[C@H]3[C@@H](C[C@H]1C4)O2,"Cys, 3NH2-PCA, Ser, diOH-Bz, SCHEMBL15478486, diOH-Bz",6,1,0,C44H45N3O16S,903.905294,Streptomyces hygroscopicus HOK021,1,0,0,0,1,0,0,0,0,0,0,0,0,0,0,0,Actinomycetota,,diOH-Bz,,,,,,,"Asamizu, Shumpei, et al. ""Comparative metabolomics reveals a bifunctional antibacterial conjugate from combined-culture of Streptomyces hygroscopicus HOK021 and Tsukamurella pulmonis TP-B0596."" ACS Chemical Biology 17.9 (2022): 2664-2672.","Asamizu, Shumpei, et al. ""Comparative metabolomics reveals a bifunctional antibacterial conjugate from combined-culture of Streptomyces hygroscopicus HOK021 and Tsukamurella pulmonis TP-B0596."" ACS Chemical Biology 17.9 (2022): 2664-2672.",,,,,44,45,3,16,1,0.977777778,14.66666667,2.75,44,Ruolin He,25,1,1,-6.283,3.45702098
133,Pistillarin,,1,0,2,0,0,0,0,0,0,0,0,0,0,0,0,4,Catecholate,NIS,O=C(NCCCCNCCCNC(=O)c1ccc(O)c(O)c1)c1ccc(O)c(O)c1,"Spd, PCA, PCA",3,1,0,C21H27N3O6,417.456486,Penicillium bilaiae,0,1,0,0,0,0,0,0,0,0,1,0,0,0,0,0,Ascomycota,,PCA,,,,,,,"Briskot, Gernot, Kambiz Taraz, and Herbert Budzikiewicz. ""Bacterial constituents, XXXVII. Pyoverdin‐type Siderophores from Pseudomonas aeruginosa."" Liebigs Annalen Der Chemie 1989.4 (1989): 375-384.; Capon, Robert J., et al. ""Citromycetins and bilains A–C: new aromatic polyketides and diketopiperazines from Australian marine-derived and terrestrial Penicillium spp."" Journal of Natural Products 70.11 (2007): 1746-1752.; Hider, Robert C., and Xiaole Kong. ""Chemistry and biology of siderophores."" Natural product reports 27.5 (2010): 637-657.",,,,,,21,27,3,6,0,0.777777778,7,3.5,0,Shaohua Gu; Ruolin He,9,1,5,-2.841,4.746194666
132,Petrobactin disulfonate,,1,0,2,0,0,0,0,0,0,0,0,1,0,0,0,6,Alpha-Hydroxycarboxylate/Catecholate,NIS,O=C(CC(O)(CC(=O)NCCCCNCCCNC(=O)c1ccc(O)c(O)c1S(=O)(=O)O)C(=O)O)NCCCCNCCCNC(=O)c1ccc(O)c(O)c1S(=O)(=O)O,"Spd, 2S-PCA, Spd, CitA, 2S-PCA",5,1,0,C34H50N6O17S2,878.921913,Marinobacter nauticus ATCC 49840,1,0,0,0,0,0,0,1,0,0,0,0,0,0,0,0,Pseudomonadota,,2S-PCA,CitA,,,,,,"Homann, Vanessa V., et al. ""Siderophores of Marinobacter aquaeolei: petrobactin and its sulfonated derivatives."" Biometals 22 (2009): 565-571.","Lee, Jung Yeop, et al. ""Biosynthetic Analysis of the Petrobactin Siderophore Pathway from Bacillusanthracis."" Journal of bacteriology 189.5 (2007): 1698-1710.",,,,,34,50,6,17,2,0.68,5.666666667,2,17,Shaohua Gu; Ruolin He,9,1,4,-2.007,3.496035887
131,Petrobactin sulfate,,1,0,2,0,0,0,0,0,0,0,0,1,0,0,0,6,Alpha-Hydroxycarboxylate/Catecholate,NIS,O=C(CC(O)(CC(=O)NCCCCNCCCNC(=O)c1ccc(O)c(O)c1S(=O)(=O)O)C(=O)O)NCCCCNCCCNC(=O)c1ccc(O)c(O)c1,"Spd, PCA, Spd, CitA, 2S-PCA",5,1,0,C34H50N6O14S,798.858898,Marinobacter nauticus ATCC 49840,1,0,0,0,0,0,0,1,0,0,0,0,0,0,0,0,Pseudomonadota,,2S-PCA; PCA,CitA,,,,,,"Hickford, Sarah JH, et al. ""Petrobactin Sulfonate, a New Siderophore Produced by the Marine Bacterium Marinobacter h ydrocarbonoclasticus."" Journal of natural products 67.11 (2004): 1897-1899.","Lee, Jung Yeop, et al. ""Biosynthetic Analysis of the Petrobactin Siderophore Pathway from Bacillusanthracis."" Journal of bacteriology 189.5 (2007): 1698-1710.",,,,,34,50,6,14,1,0.68,5.666666667,2.428571429,34,Shaohua Gu; Ruolin He,9,1,3,-2.101,3.632854352
130,Roseobactin,,1,0,2,0,0,0,0,0,0,0,0,1,0,0,0,6,Alpha-Hydroxycarboxylate/Catecholate,NIS,O=C(CC(O)(CC(=O)NCCCNCCCCNC(=O)c1ccc(O)c(O)c1)C(=O)O)NCCCNCCCCNC(=O)c1ccc(O)c(O)c1,"Spd, CitA, Spd, PCA, PCA",5,1,0,C34H50N6O11,718.795883,Phaeobacter inhibens 2.10,1,0,0,0,0,0,0,1,0,0,0,0,0,0,0,0,Pseudomonadota,,PCA,CitA,,,,,,"Wang, Rurun, et al. ""Algal p-coumaric acid induces oxidative stress and siderophore biosynthesis in the bacterial symbiont Phaeobacter inhibens."" Cell chemical biology 29.4 (2022): 670-67","Wang, Rurun, et al. ""Algal p-coumaric acid induces oxidative stress and siderophore biosynthesis in the bacterial symbiont Phaeobacter inhibens."" Cell chemical biology 29.4 (2022): 670-67",,,,,34,50,6,11,0,0.68,5.666666667,3.090909091,0,Ruolin He,9,1,2,-2.564,3.791398496
129,Petrobactin,,3,0,2,0,0,0,0,0,0,0,0,1,0,0,0,6,Alpha-Hydroxycarboxylate/Catecholate,NIS,O=C(CC(O)(CC(=O)NCCCCNCCCNC(=O)c1ccc(O)c(O)c1)C(=O)O)NCCCCNCCCNC(=O)c1ccc(O)c(O)c1,"Spd, PCA, CitA, Spd, PCA",5,1,0,C34H50N6O11,718.795883,Bacillus anthracis str. Ames; Bacillus cereus ATCC 14579; Marinobacter nauticus ATCC 49840,1,0,0,0,0,0,0.666666667,0.333333333,0,0,0,0,0,0,0,0,Bacillota/Pseudomonadota,,PCA,CitA,,,,,,"Hickford, Sarah JH, et al. ""Petrobactin Sulfonate, a New Siderophore Produced by the Marine Bacterium Marinobacter h ydrocarbonoclasticus."" Journal of natural products 67.11 (2004): 1897-1899.; Wilson, Melissa K., et al. ""Siderophores of Bacillus anthracis, Bacillus cereus, and Bacillus thuringiensis."" Biochemical and biophysical research communications 348.1 (2006): 320-325.; Sandy, Moriah, et al. ""Vanchrobactin and anguibactin siderophores produced by Vibrio sp. DS40M4."" Journal of natural products 73.6 (2010): 1038-1043.","Lee, Jung Yeop, et al. ""Biosynthetic Analysis of the Petrobactin Siderophore Pathway from Bacillusanthracis."" Journal of bacteriology 189.5 (2007): 1698-1710.",,,,,34,50,6,11,0,0.68,5.666666667,3.090909091,0,Shaohua Gu; Ruolin He,9,1,1,-2.564,3.791398496
875,Rhodopetrobactin A,,1,0,2,0,0,0,0,0,0,0,0,1,0,0,0,6,Alpha-Hydroxycarboxylate/Catecholate,NIS,CC(=O)N(CCCCNC(=O)CC(O)(CC(=O)NCCCCNCCCCNC(=O)c1ccc(O)c(O)c1)C(=O)O)CCCCNC(=O)c1ccc(O)c(O)c1,"Sym-HSpd, PCA, NAc-HSpd, CitA, PCA",5,1,0,C38H56N6O12,788.885894,Rhodopseudomonas palustris CGA009,1,0,0,0,0,0,0,1,0,0,0,0,0,0,0,0,Pseudomonadota,,PCA,CitA,,,,,,"Baars, Oliver, François MM Morel, and Xinning Zhang. ""The purple non‐sulfur bacterium Rhodopseudomonas palustris produces novel petrobactin‐related siderophores under aerobic and anaerobic conditions."" Environmental microbiology 20.5 (2018): 1667-1676.","Baars, Oliver, François MM Morel, and Xinning Zhang. ""The purple non‐sulfur bacterium Rhodopseudomonas palustris produces novel petrobactin‐related siderophores under aerobic and anaerobic conditions."" Environmental microbiology 20.5 (2018): 1667-1676.",,,,,38,56,6,12,0,0.678571429,6.333333333,3.166666667,0,Ruolin He,9,1,6,-2.959,3.651306471
876,Rhodopetrobactin B,,1,0,2,0,0,0,0,0,0,0,0,1,0,0,0,6,Alpha-Hydroxycarboxylate/Catecholate,NIS,CC(=O)N(CCCCNC(=O)CC(O)(CC(=O)NCCCCN(CCCCNC(=O)c1ccc(O)c(O)c1)C(C)=O)C(=O)O)CCCCNC(=O)c1ccc(O)c(O)c1,"NAc-HSpd, PCA, CitA, NAc-HSpd, PCA",5,1,0,C40H58N6O13,830.922661,Rhodopseudomonas palustris CGA009,1,0,0,0,0,0,0,1,0,0,0,0,0,0,0,0,Pseudomonadota,,PCA,CitA,,,,,,"Baars, Oliver, François MM Morel, and Xinning Zhang. ""The purple non‐sulfur bacterium Rhodopseudomonas palustris produces novel petrobactin‐related siderophores under aerobic and anaerobic conditions."" Environmental microbiology 20.5 (2018): 1667-1676.","Baars, Oliver, François MM Morel, and Xinning Zhang. ""The purple non‐sulfur bacterium Rhodopseudomonas palustris produces novel petrobactin‐related siderophores under aerobic and anaerobic conditions."" Environmental microbiology 20.5 (2018): 1667-1676.",,,,,40,58,6,13,0,0.689655172,6.666666667,3.076923077,0,Ruolin He,9,1,7,-3.183,3.575747058
831,Methylolanthanin,,1,0,0,2,0,0,0,0,0,0,0,1,0,0,0,4,Alpha-Hydroxycarboxylate/Phenolate,NIS,CC(=O)N(CCCCNC(=O)CC(O)(CC(=O)NCCCCN(CCCCNC(=O)c1ccc(O)cc1)C(C)=O)C(=O)O)CCCCNC(=O)c1ccc(O)cc1,"NAc-HSpd, CitA, pOH-Bz, NAc-HSpd, pOH-Bz",5,1,0,C40H58N6O11,798.923851,Methylobacterium extorquens AM1,1,0,0,0,0,0,0,1,0,0,0,0,0,0,0,0,Pseudomonadota,,,CitA,,,,,,"Zytnick, Alexa M., et al. ""Identification and characterization of a small-molecule metallophore involved in lanthanide metabolism."" Proceedings of the National Academy of Sciences 121.32 (2024): e2322096121.","Zytnick, Alexa M., et al. ""Identification and characterization of a small-molecule metallophore involved in lanthanide metabolism."" Proceedings of the National Academy of Sciences 121.32 (2024): e2322096121.",,,,,40,58,6,11,0,0.689655172,6.666666667,3.636363636,0,Ruolin He,9,1,8,-3.224,3.632735283
925,Vibrioferrin C,,1,0,0,0,0,1,1,0,0,0,0,1,0,0,0,6,Alpha-Hydroxycarboxylate/Carboxylate,NIS,O=C(O)C[C@@](O)(CC(=O)OCCNC(=O)CCCN1C(=O)CCC1(O)C(=O)O)C(=O)O,"DhPA, CitA, 1-Acol-2-oxo-Put",3,1,0,C17H24N2O12,448.37943,Azotobacter vinelandii,1,0,0,0,0,0,0,1,0,0,0,0,0,0,0,0,Pseudomonadota,,,CitA,,,,,,"Baars, Oliver, et al. ""The siderophore metabolome of Azotobacter vinelandii."" Applied and environmental microbiology 82.1 (2016): 27-39.","Baars, Oliver, et al. ""The siderophore metabolome of Azotobacter vinelandii."" Applied and environmental microbiology 82.1 (2016): 27-39.",,,,,17,24,2,12,0,0.708333333,8.5,1.416666667,0,Yanzhao Wu; Jiqi Shao; Ruolin He,9,1,9,-1.338,4.605821257
121,Vibrioferrin,,4,0,0,0,0,1,1,0,0,0,0,1,0,0,0,5,Alpha-Hydroxycarboxylate/Carboxylate,NIS,C[C@@H](C(=O)NCCOC(=O)C[C@](O)(CC(=O)O)C(=O)O)N1C(=O)CCC1(O)C(=O)O,"Eta, CitA, Ala, DhPA",4,1,0,C16H22N2O12,434.352808,Vibrio parahaemolyticus; Azotobacter chroococcum NCIMB 8003; Azotobacter chroococcum B3; Azotobacter vinelandii OP,1,0,0,0,0,0,0,1,0,0,0,0,0,0,0,0,Pseudomonadota,,,CitA; alpha-ketoglutarate,,,,,,"Tanabe, Tomotaka, et al. ""Identification and characterization of genes required for biosynthesis and transport of the siderophore vibrioferrin in Vibrio parahaemolyticus."" Journal of bacteriology 185.23 (2003): 6938-6949.; Broberg, Christopher A., Thomas J. Calder, and Kim Orth. ""Vibrio parahaemolyticus cell biology and pathogenicity determinants."" Microbes and infection 13.12-13 (2011): 992-1001.; Zhang, Xinning, Oliver Baars, and François MM Morel. ""Genetic, structural, and functional diversity of low and high-affinity siderophores in strains of nitrogen fixing Azotobacter chroococcum."" Metallomics 11.1 (2019): 201-212.","Baars, Oliver, et al. ""The siderophore metabolome of Azotobacter vinelandii."" Applied and environmental microbiology 82.1 (2016): 27-39.; Fujita, Masaki J., et al. ""Cloning and heterologous expression of the vibrioferrin biosynthetic gene cluster from a marine metagenomic library."" Bioscience, biotechnology, and biochemistry 75.12 (2011): 2283-2287.",,,,,16,22,2,12,0,0.727272727,8,1.333333333,0,Shaohua Gu; Ruolin He,3,6,1,-1.263,4.667645952
924,Vibrioferrin B,,1,0,0,0,0,1,1,0,0,0,0,1,0,0,0,6,Alpha-Hydroxycarboxylate/Carboxylate,NIS,O=C(O)C[C@@](O)(CC(=O)OCCNC(=O)[C@H](CO)N1C(=O)CCC1(O)C(=O)O)C(=O)O,"Ser, DhPA, Eta, CitA",4,1,0,C16H22N2O13,450.352213,Azotobacter vinelandii,1,0,0,0,0,0,0,1,0,0,0,0,0,0,0,0,Pseudomonadota,,ChrA,Asp,,,,,,"Baars, Oliver, et al. ""The siderophore metabolome of Azotobacter vinelandii."" Applied and environmental microbiology 82.1 (2016): 27-39.","Baars, Oliver, et al. ""The siderophore metabolome of Azotobacter vinelandii."" Applied and environmental microbiology 82.1 (2016): 27-39.",,,,,16,22,2,13,0,0.727272727,8,1.230769231,0,Yanzhao Wu; Jiqi Shao; Ruolin He,3,6,4,-1.102,4.5973569
122,Achromobactin,Cyclic achromobactin,2,0,0,0,0,0,2,0,0,0,0,1,0,0,0,6,Alpha-Hydroxycarboxylate,NIS,O=C(C[C@@](O)(CC(=O)OCCN1C(=O)CCC1(O)C(=O)O)C(=O)O)NCCC(C(=O)O)N1C(=O)CCC1(O)C(=O)O,"Dab, CitA, Eta, DhPA, DhPA",5,1,0,C22H29N3O16,591.477158,Dickeya chrysanthemi; Pseudomonas syringae pv. syringae B728a,1,0,0,0,0,0,0,1,0,0,0,0,0,0,0,0,Pseudomonadota,,,CitA; alpha-ketoglutarate,,,,,,"Franza, Thierry, Bruno Mahé, and Dominique Expert. ""Erwinia chrysanthemi requires a second iron transport route dependent of the siderophore achromobactin for extracellular growth and plant infection."" Molecular microbiology 55.1 (2005): 261-275.; Berti, Andrew D., and Michael G. Thomas. ""Analysis of achromobactin biosynthesis by Pseudomonas syringae pv. syringae B728a."" Journal of bacteriology 191.14 (2009): 4594-4604.; Gulick, Andrew M. ""Ironing out a new siderophore synthesis strategy."" Nature chemical biology 5.3 (2009): 143-144.; Cornelis, Pierre. ""Iron uptake and metabolism in pseudomonads."" Applied microbiology and biotechnology 86 (2010): 1637-1645.; Hider, Robert C., and Xiaole Kong. ""Chemistry and biology of siderophores."" Natural product reports 27.5 (2010): 637-657.","Berti, Andrew D., and Michael G. Thomas. ""Analysis of achromobactin biosynthesis by Pseudomonas syringae pv. syringae B728a."" Journal of bacteriology 191.14 (2009): 4594-4604.",,,,,22,29,3,16,0,0.75862069,7.333333333,1.375,0,Shaohua Gu; Ruolin He,3,6,2,-1.59,4.105651763
123,Hemiaminal Staphyloferrin B,Cyclized Staphyloferrin B; Cyclic Staphyloferrin B,1,0,0,0,0,0,1,0,0,1,0,1,0,0,0,6,Alpha-Aminocarboxylate/Alpha-Hydroxycarboxylate,NIS,N[C@@H](CNC(=O)C[C@@](O)(CC(=O)NCCN1C(=O)CCC1(O)C(=O)O)C(=O)O)C(=O)O,"Dae, DhPA, CitA, Dpr",4,1,0,C16H24N4O11,448.382691,Cupriavidus necator,1,0,0,0,0,0,0,1,0,0,0,0,0,0,0,0,Pseudomonadota,,,CitA; alpha-ketoglutarate,,,,,,"Münzinger, Maik, Kambiz Taraz, and Herbert Budzikiewicz. ""Staphyloferrin B, a citrate siderophore of Ralstonia eutropha."" Zeitschrift für Naturforschung C 54.11 (1999): 867-875.; Madsen, Julie LH, Timothy C. Johnstone, and Elizabeth M. Nolan. ""Chemical synthesis of staphyloferrin B affords insight into the molecular structure, iron chelation, and biological activity of a polycarboxylate siderophore deployed by the human pathogen Staphylococcus aureus."" Journal of the American Chemical Society 137.28 (2015): 9117-9127.","Cheung, Johnson, et al. ""Molecular characterization of staphyloferrin B biosynthesis in Staphylococcus aureus."" Molecular microbiology 74.3 (2009): 594-608.",,,,,16,24,4,11,0,0.666666667,4,1.454545455,0,Ruolin He,3,6,3,-1.027,4.605807219
125,Staphyloferrin B,,6,0,0,0,1,0,0,0,0,1,0,1,0,0,0,5,Alpha-Aminocarboxylate/Alpha-Hydroxycarboxylate/Carboxylate,NIS,N[C@@H](CNC(=O)C[C@@](O)(CC(=O)NCCNC(=O)CCC(=O)C(=O)O)C(=O)O)C(=O)O,"Dpr, CitA, Dae, 2-KGA",4,1,0,C16H24N4O11,448.382691,Cupriavidus necator; Cupriavidus metallidurans; Cupriavidus necator; Ralstonia solanacearum; Staphylococcus aureus; Staphylococcus hyicus,1,0,0,0,0,0,0.333333333,0.666666667,0,0,0,0,0,0,0,0,Pseudomonadota/Bacillota,,,CitA,,,,,,"Münzinger, Maik, Kambiz Taraz, and Herbert Budzikiewicz. ""Staphyloferrin B, a citrate siderophore of Ralstonia eutropha."" Zeitschrift für Naturforschung C 54.11 (1999): 867-875.; Dale, Suzanne E., et al. ""Role of siderophore biosynthesis in virulence of Staphylococcus aureus: identification and characterization of genes involved in production of a siderophore."" Infection and immunity 72.1 (2004): 29-37.; Drechsel, Hartmut, and Günther Winkelmann. ""The configuration of the chiral carbon atoms in staphyloferrin A and analysis of the transport properties in Staphylococcus aureus."" Biometals 18 (2005): 75-81.; Memon, B. A. ""Detection of siderophores by thin layer chromatography."" JOURNAL-CHEMICAL SOCIETY OF PAKISTAN 27.6 (2005): 658.; Cheung, Johnson, et al. ""Molecular characterization of staphyloferrin B biosynthesis in Staphylococcus aureus."" Molecular microbiology 74.3 (2009): 594-608.; Bertrand, Samuel, et al. ""N*-methyl coprogen B, a potential marker of the airway colonization by Scedosporium apiospermum in patients with cystic fibrosis."" Sabouraudia 48.Supplement_1 (2010): S98-S107.; Grigg, Jason C., et al. ""Specificity of Staphyloferrin B recognition by the SirA receptor from Staphylococcus aureus."" Journal of Biological Chemistry 285.45 (2010): 34579-34588.; Hammer, Neal D., and Eric P. Skaar. ""Molecular mechanisms of Staphylococcus aureus iron acquisition."" Annual review of microbiology 65 (2011): 129-147.","Cheung, Johnson, et al. ""Molecular characterization of staphyloferrin B biosynthesis in Staphylococcus aureus."" Molecular microbiology 74.3 (2009): 594-608.",,,,,16,24,4,11,0,0.666666667,4,1.454545455,0,Shaohua Gu; Ruolin He,3,7,1,-1.034,4.605807219
127,Rhizoferrin,"R,R-rhizoferrin; Legiobactin",13,0,0,0,0,2,0,0,0,0,0,2,0,0,0,6,Alpha-Hydroxycarboxylate/Carboxylate,NIS,O=C(O)C[C@@](O)(CC(=O)NCCCCNC(=O)C[C@@](O)(CC(=O)O)C(=O)O)C(=O)O,"Put, CitA, CitA",3,1,0,C16H24N2O12,436.36869,Legionella pneumophila 130b; Cunninghamella elegans; Mycotypha africana; Mucor mucedo; Rhizopus delemar RA 99-880; Rhizopus microsporus var. rhizopodiformis; Phycomyces nitens; Helicostylum pulchrum; Cokeromyces recurvatus; Cunninghamella elegans; Mycotypha africana; Umbelopsis vinacea; Basidiobolus microsporus,0.076923077,0.923076923,0,0,0,0,0,0.076923077,0,0,0,0,0.846153846,0.076923077,0,0,Pseudomonadota/Mucoromycota/Zoopagomycota,,,CitA,,,,,,"Drechsel, Hartmut, et al. ""Rhizoferrin—a novel siderophore from the fungus Rhizopus microsporus var. rhizopodiformis."" Biology of metals 4 (1991): 238-243.; Thieken, Andrea, and Günther Winkelmann. ""Rhizoferrin: A complexone type siderophore of the mocorales and entomophthorales (Zygomycetes)."" FEMS Microbiology Letters 94.1-2 (1992): 37-41.; Tschierske, M., et al. ""Production of rhizoferrin and new analogues obtained by directed fermentation."" Applied microbiology and biotechnology 45 (1996): 664-670.; Baakza, Arefa, B. P. Dave, and H. C. Dube. ""Chemical properties and NMR spectroscopic identification of certain fungal siderophores."" Indian journal of experimental biology 43.10 (2005): 880-886.; Burnside, Denise M., et al. ""The Legionella pneumophila siderophore legiobactin is a polycarboxylate that is identical in structure to rhizoferrin."" Infection and immunity 83.10 (2015): 3937-3945.; Carroll, Cassandra S., et al. ""The rhizoferrin biosynthetic gene in the fungal pathogen Rhizopus delemar is a novel member of the NIS gene family."" The international journal of biochemistry & cell biology 89 (2017): 136-146.",,,,,,16,24,2,12,0,0.666666667,8,1.333333333,0,Ruolin He,3,7,3,-0.984,4.658578642
128,Enantio Rhizoferrin,"S,S-rhizoferrin",1,0,0,0,0,0,0,0,0,0,0,2,0,0,0,4,Alpha-Hydroxycarboxylate,NIS,O=C(O)C[C@@](O)(CC(=O)NCCCCNC(=O)C[C@](O)(CC(=O)O)C(=O)O)C(=O)O,"Put, CitA, CitA",3,1,0,C16H24N2O12,436.36869,Ralstonia pickettii DSM 6297,1,0,0,0,0,0,0,1,0,0,0,0,0,0,0,0,Pseudomonadota,,,CitA,,,,,,"Münzinger, Maik, et al. ""S, S-rhizoferrin (enantio-rhizoferrin)–a siderophore of Ralstonia (Pseudomonas) pickettii DSM 6297–the optical antipode of R, R-rhizoferrin isolated from fungi."" Biometals 12 (1999): 189-193.; Hider, Robert C., and Xiaole Kong. ""Chemistry and biology of siderophores."" Natural product reports 27.5 (2010): 637-657.",,,,,,16,24,2,12,0,0.666666667,8,1.333333333,0,Shaohua Gu; Ruolin He,3,7,4,-0.984,4.658578642
118,Chryseochelin A,,1,2,0,0,0,0,0,0,0,0,0,1,0,0,0,6,Alpha-Hydroxycarboxylate/Hydroxamate,NIS,O=C(O)/C=C/C(=O)N(O)CCC(O)CCNC(=O)CC(O)(CC(=O)NCCC(O)CCN(O)C(=O)/C=C/C(=O)O)C(=O)O,"NH2-5OHNH2-3-Pol, ButEnA, NH2-5OHNH2-3-Pol, CitA, ButEnA",5,1,0,C24H36N4O15,620.561523,Chryseobacterium sp.,1,0,0,0,0,0,0,0,1,0,0,0,0,0,0,0,Bacteroidota,Unknown,,CitA,,,,,,"Rehm, Karoline, et al. ""Chryseochelins—structural characterization of novel citrate-based siderophores produced by plant protecting Chryseobacterium spp."" Metallomics 15.3 (2023): mfad008.",,,,,,24,36,4,15,0,0.666666667,6,1.6,0,Ruolin He,3,5,1,-1.298,4.025554658
119,Chryseochelin C,,1,2,0,0,0,0,0,0,0,0,0,1,0,0,0,6,Alpha-Hydroxycarboxylate/Hydroxamate,NIS,CCC(=O)NCCC(CCN(O)C(=O)/C=C/C(=O)O)OC(=O)CC(O)(CC(=O)NCCC(O)CCN(O)C(=O)/C=C/C(=O)O)C(=O)O,"NH2-5OHNH2-3-Pol, ButEnA, NH2-5OHNH2-3-Pol, ButEnA, CitA, Pra",6,1,0,C27H40N4O16,676.624912,Chryseobacterium sp.,1,0,0,0,0,0,0,0,1,0,0,0,0,0,0,0,Bacteroidota,Unknown,,CitA,,,,,,"Rehm, Karoline, et al. ""Chryseochelins—structural characterization of novel citrate-based siderophores produced by plant protecting Chryseobacterium spp."" Metallomics 15.3 (2023): mfad008.",,,,,,27,40,4,16,0,0.675,6.75,1.6875,0,Ruolin He,3,5,2,-1.8,3.885769516
120,Chryseochelin B,,1,2,0,0,0,0,0,0,0,0,0,1,0,0,0,6,Alpha-Hydroxycarboxylate/Hydroxamate,NIS,NCCC(CCN(O)C(=O)/C=C/C(=O)O)OC(=O)CC(O)(CC(=O)NCCC(O)CCN(O)C(=O)/C=C/C(=O)O)C(=O)O,"NH2-5OHNH2-3-Pol, ButEnA, NH2-5OHNH2-3-Pol, CitA, ButEnA",5,1,0,C24H36N4O15,620.561523,Chryseobacterium sp.,1,0,0,0,0,0,0,0,1,0,0,0,0,0,0,0,Bacteroidota,Unknown,,CitA,,,,,,"Rehm, Karoline, et al. ""Chryseochelins—structural characterization of novel citrate-based siderophores produced by plant protecting Chryseobacterium spp."" Metallomics 15.3 (2023): mfad008.",,,,,,24,36,4,15,0,0.666666667,6,1.6,0,Ruolin He,3,5,3,-1.463,4.025554658
117,Staphyloferrin A,,2,0,0,0,0,2,0,0,0,0,0,2,0,0,0,6,Alpha-Hydroxycarboxylate/Carboxylate,NIS,O=C(O)CC(O)(CC(=O)NCCCC(NC(=O)CC(O)(CC(=O)O)C(=O)O)C(=O)O)C(=O)O,"Orn, CitA, CitA",3,1,0,C17H24N2O14,480.37824,Staphylococcus aureus; Staphylococcus hyicus,1,0,0,0,0,0,1,0,0,0,0,0,0,0,0,0,Bacillota,,,CitA,,,,,,"KONETSCHNY‐RAPP, Silvia, et al. ""Staphyloferrin A: a structurally new siderophore from staphylococci."" European Journal of Biochemistry 191.1 (1990): 65-74.; Dale, Suzanne E., et al. ""Role of siderophore biosynthesis in virulence of Staphylococcus aureus: identification and characterization of genes involved in production of a siderophore."" Infection and immunity 72.1 (2004): 29-37.; Drechsel, Hartmut, and Günther Winkelmann. ""The configuration of the chiral carbon atoms in staphyloferrin A and analysis of the transport properties in Staphylococcus aureus."" Biometals 18 (2005): 75-81.; Memon, B. A. ""Detection of siderophores by thin layer chromatography."" JOURNAL-CHEMICAL SOCIETY OF PAKISTAN 27.6 (2005): 658.; Cheung, Johnson, et al. ""Molecular characterization of staphyloferrin B biosynthesis in Staphylococcus aureus."" Molecular microbiology 74.3 (2009): 594-608.; Bertrand, Samuel, et al. ""N*-methyl coprogen B, a potential marker of the airway colonization by Scedosporium apiospermum in patients with cystic fibrosis."" Sabouraudia 48.Supplement_1 (2010): S98-S107.; Grigg, Jason C., et al. ""Specificity of Staphyloferrin B recognition by the SirA receptor from Staphylococcus aureus."" Journal of Biological Chemistry 285.45 (2010): 34579-34588.; Hammer, Neal D., and Eric P. Skaar. ""Molecular mechanisms of Staphylococcus aureus iron acquisition."" Annual review of microbiology 65 (2011): 129-147.","Cotton, Jennifer L., Jianshi Tao, and Carl J. Balibar. ""Identification and characterization of the Staphylococcus aureus gene cluster coding for staphyloferrin A."" Biochemistry 48.5 (2009): 1025-1035.",,,,,17,24,2,14,0,0.708333333,8.5,1.214285714,0,Shaohua Gu; Ruolin He,3,4,3,-1.055,4.474989559
768,Corynebactin,,1,0,0,0,0,2,0,0,0,0,0,2,0,0,0,6,Alpha-Hydroxycarboxylate/Carboxylate,Putative NIS,O=C(O)CC(O)(CC(=O)NCCCCC(NC(=O)CC(O)(CC(=O)O)C(=O)O)C(=O)O)C(=O)O,"Lys, CitA, CitA",3,1,0,C18H26N2O14,494.404862,Corynebacterium diphtheriae,1,0,0,0,1,0,0,0,0,0,0,0,0,0,0,0,Actinomycetota,,,CitA,,,,,,"Zajdowicz, Sheryl, et al. ""Purification and structural characterization of siderophore (corynebactin) from Corynebacterium diphtheriae."" PloS one 7.4 (2012): e34591.",,,,,,18,26,2,14,0,0.692307692,9,1.285714286,0,Ruolin He,3,4,4,-1.13,4.421653833
116,Rhizobactin B,,1,0,0,0,0,0,1,0,0,2,0,0,0,0,0,6,Alpha-Aminocarboxylate/Alpha-Hydroxycarboxylate,NIS,CC(NCCNC(CCCCNC(=O)CC(C)(O)C(=O)O)C(=O)O)C(=O)O,"COOH-Et-NH2-Et-Lys, CIA",2,1,0,C16H29N3O8,391.417478,Pseudomonas sp. FEN,1,0,0,0,0,0,0,1,0,0,0,0,0,0,0,0,Pseudomonadota,,,Unknown,,,,,,"Kügler, Stefan, et al. ""Rhizobactin B is the preferred siderophore by a novel Pseudomonas isolate to obtain iron from dissolved organic matter in peatlands."" Biometals 33.6 (2020): 415-433.",,,,,,16,29,3,8,0,0.551724138,5.333333333,2,0,Ruolin He,3,4,2,-0.874,4.877020221
115,Rhizobactin,,2,0,0,0,0,0,1,0,0,2,0,0,0,0,0,6,Alpha-Aminocarboxylate/Alpha-Hydroxycarboxylate,NIS,CC(NCCNC(CCCCNC(=O)CC(O)C(=O)O)C(=O)O)C(=O)O,"COOH-Et-NH2-Et-Lys, MAA",2,1,0,C15H27N3O8,377.390856,Sinorhizobium meliloti; Pseudomonas sp. FEN,1,0,0,0,0,0,0,1,0,0,0,0,0,0,0,0,Pseudomonadota,,,Unknown,,,,,,"Persmark, Magnus, et al. ""Isolation and structure of rhizobactin 1021, a siderophore from the alfalfa symbiont Rhizobium meliloti 1021."" Journal of the American Chemical Society 115.10 (1993): 3950-3956.; Storey, E. P., et al. ""Characterization of ‘Schizokinen’: a dihydroxamate-type siderophore produced by Rhizobium leguminosarum IARI 917."" Biometals 19 (2006): 637-649.; Kügler, Stefan, et al. ""Rhizobactin B is the preferred siderophore by a novel Pseudomonas isolate to obtain iron from dissolved organic matter in peatlands."" Biometals 33.6 (2020): 415-433.",,,,,,15,27,3,8,0,0.555555556,5,1.875,0,Shaohua Gu; Ruolin He,3,4,1,-0.75,4.95302275
822,Lipothrenin A,,1,1,0,0,0,0,0,0,0,0,0,0,0,0,0,2,Hydroxamate,PKS,CC(O)[C@H](C(=O)O)N(O)C(=O)CCCCCCCCCCCCCCCCC(=O)O,"NOH-Thr, C18:0-COOH",2,1,0,C22H41NO7,431.564399,Streptomyces aureus LU18118,1,0,0,0,1,0,0,0,0,0,0,0,0,0,0,0,Actinomycetota,Thr derivatives,,,,,,,,"Stierhof, Marc, et al. ""Heterologous Production and Biosynthesis of Threonine-16: 0dioic acids with a Hydroxamate Moiety."" Journal of Natural Products 86.10 (2023): 2258-2269.","Stierhof, Marc, et al. ""Heterologous Production and Biosynthesis of Threonine-16: 0dioic acids with a Hydroxamate Moiety."" Journal of Natural Products 86.10 (2023): 2258-2269.",,,,,22,41,1,7,0,0.536585366,22,3.142857143,0,Yanzhao Wu; Jiqi Shao; Ruolin He,30,1,1,-4.122,4.68029201
714,2-N-Acetylcysteine-d-lipothrenin A1,,1,1,0,0,0,0,0,0,0,0,0,0,0,0,0,2,Hydroxamate,PKS,CC(=O)N[C@@H](CS[C@H](CCCCCCCCCCCCCCCC(=O)O)C(=O)N(O)[C@@H](C(=O)O)C(C)O)C(=O)O,"NAc-Cys, C18:0-COOH, NOH-Thr",3,1,0,C27H48N2O10S,592.743404,Streptomyces aureus LU18118,1,0,0,0,1,0,0,0,0,0,0,0,0,0,0,0,Actinomycetota,Thr derivatives,,,,,,,,"Stierhof, Marc, et al. ""Heterologous Production and Biosynthesis of Threonine-16: 0dioic acids with a Hydroxamate Moiety."" Journal of Natural Products 86.10 (2023): 2258-2269.","Stierhof, Marc, et al. ""Heterologous Production and Biosynthesis of Threonine-16: 0dioic acids with a Hydroxamate Moiety."" Journal of Natural Products 86.10 (2023): 2258-2269.",,,,,27,48,2,10,1,0.5625,13.5,2.7,27,Yanzhao Wu; Jiqi Shao; Ruolin He,30,1,2,-3.863,4.102044116
713,2-N-Acetylcysteine-d-lipothrenin A,,1,1,0,0,0,0,0,0,0,0,0,0,0,0,0,2,Hydroxamate,PKS,CC(=O)N[C@@H](CS[C@@H](CCCCCCCCCCCCCCCC(=O)O)C(=O)N(O)[C@@H](C(=O)O)C(C)O)C(=O)O,"NOH-Thr, C18:0-COOH, NAc-Cys",3,1,0,C27H48N2O10S,592.743404,Streptomyces aureus LU18118,1,0,0,0,1,0,0,0,0,0,0,0,0,0,0,0,Actinomycetota,Thr derivatives,,,,,,,,"Stierhof, Marc, et al. ""Heterologous Production and Biosynthesis of Threonine-16: 0dioic acids with a Hydroxamate Moiety."" Journal of Natural Products 86.10 (2023): 2258-2269.","Stierhof, Marc, et al. ""Heterologous Production and Biosynthesis of Threonine-16: 0dioic acids with a Hydroxamate Moiety."" Journal of Natural Products 86.10 (2023): 2258-2269.",,,,,27,48,2,10,1,0.5625,13.5,2.7,27,Yanzhao Wu; Jiqi Shao; Ruolin He,30,1,3,-3.863,4.102044116
844,Ornibactin 790,,1,0,0,2,0,0,0,0,0,2,0,0,0,0,0,6,Alpha-Aminocarboxylate/Phenolate,NRPS,CN(CC(=O)NC(CCCN)C(=O)NCC(=O)NC(C=O)CO)C(=O)[C@H](CS)NC(=O)[C@@H](NC(=O)CNC(=O)[C@H](N)c1ccc(O)cc1)c1ccc(O)cc1,"2NH2-3OH-Prop, Gly, Hpg, Gly, Cys, NMe-Gly, Orn, Hpg",8,1,0,C34H47N9O11S,789.856969,Burkholderia seminalis R456,1,0,0,0,0,0,0,1,0,0,0,0,0,0,0,0,Pseudomonadota,,,,,,,,,"Wang, Xiaoxuan, et al. ""A novel NRPS cluster, acquired by horizontal gene transfer from algae, regulates siderophore iron metabolism in Burkholderia seminalis R456."" International Journal of Biological Macromolecules 182 (2021): 838-848.","Wang, Xiaoxuan, et al. ""A novel NRPS cluster, acquired by horizontal gene transfer from algae, regulates siderophore iron metabolism in Burkholderia seminalis R456."" International Journal of Biological Macromolecules 182 (2021): 838-848.",,,,,34,47,9,11,1,0.723404255,3.777777778,3.090909091,34,Yanzhao Wu; Jiqi Shao; Ruolin He,31,1,1,-2.371,3.649494781
803,Fabrubactin B,,1,0,1,0,0,0,2,0,0,0,0,0,0,0,0,6,Alpha-Hydroxycarboxylate/Catecholate,Hybrid NRPS/PKS,CCCCCCCC(O)CC(O)(C(=O)O)C(=O)NC(C)C(=O)NCCC(O)(C(=O)O)C(=O)NC(C)c1nc(C(=O)NCC(=O)NC(C)C(=O)NCC(=O)NC2Cc3cc(O)c(O)cc3[N+](C)(C)C2)cs1,"Ala, Gly, dhCys, Ala, X0, Ala, X1, ChrAc, Gly",9,0.614285714,2,C44H66N9O16S+,1009.112273,Agrobacterium fabrum str. C58,1,0,0,0,0,0,0,1,0,0,0,0,0,0,0,0,Pseudomonadota,,ChrAc,Unknown,,,,,,"Vinnik, Vladimir, et al. ""Structural and biosynthetic analysis of the fabrubactins, unusual siderophores from Agrobacterium fabrum strain C58."" ACS chemical biology 16.1 (2020): 125-135.","Vinnik, Vladimir, et al. ""Structural and biosynthetic analysis of the fabrubactins, unusual siderophores from Agrobacterium fabrum strain C58."" ACS chemical biology 16.1 (2020): 125-135.",,,,,44,66,9,16,1,0.666666667,4.888888889,2.75,44,Yanzhao Wu; Jiqi Shao; Ruolin He,1,49,1,-2.578,3.308541374
802,Fabrubactin A,,1,0,1,0,0,0,2,0,0,0,0,0,0,0,0,6,Alpha-Hydroxycarboxylate/Catecholate,Hybrid NRPS/PKS,CCCCCCCC(O)CC(O)(C(=O)O)C(=O)NCCC(=O)NCCC(O)(C(=O)O)C(=O)NC(C)c1nc(C(=O)NCC(=O)NC(C)C(=O)NCC(=O)NC2Cc3cc(O)c(O)cc3[N+](C)(C)C2)cs1,"dhCys, Ala, X0, Ala, Gly, bAla, X1, ChrAc, Gly",9,0.614285714,2,C44H66N9O16S+,1009.112273,Agrobacterium fabrum str. C58,1,0,0,0,0,0,0,1,0,0,0,0,0,0,0,0,Pseudomonadota,,ChrAc,Unknown,,,,,,"Vinnik, Vladimir, et al. ""Structural and biosynthetic analysis of the fabrubactins, unusual siderophores from Agrobacterium fabrum strain C58."" ACS chemical biology 16.1 (2020): 125-135.","Vinnik, Vladimir, et al. ""Structural and biosynthetic analysis of the fabrubactins, unusual siderophores from Agrobacterium fabrum strain C58."" ACS chemical biology 16.1 (2020): 125-135.",,,,,44,66,9,16,1,0.666666667,4.888888889,2.75,44,Yanzhao Wu; Jiqi Shao; Ruolin He,1,49,2,-2.53,3.308541374
826,Malleilactone,,1,0,0,0,1,0,0,0,0,0,0,0,0,0,0,1,Carboxylate,PKS,CCCCCCC/C=C(\C)C(=O)c1cc(C(=O)CC)oc1O,X0,1,0,1,C18H26O4,306.397406,Burkholderia pseudomallei K96243,1,0,0,0,0,0,0,1,0,0,0,0,0,0,0,0,Pseudomonadota,,,,,,,,,"Biggins, John B., Melinda A. Ternei, and Sean F. Brady. ""Malleilactone, a polyketide synthase-derived virulence factor encoded by the cryptic secondary metabolome of Burkholderia pseudomallei group pathogens."" Journal of the American Chemical Society 134.32 (2012): 13192-13195.","Biggins, John B., Melinda A. Ternei, and Sean F. Brady. ""Malleilactone, a polyketide synthase-derived virulence factor encoded by the cryptic secondary metabolome of Burkholderia pseudomallei group pathogens."" Journal of the American Chemical Society 134.32 (2012): 13192-13195.",,,,,18,26,0,4,0,0.692307692,0,4.5,0,Yanzhao Wu; Jiqi Shao; Ruolin He,32,1,1,-5.003,5.414652643
105,2-HydroxyNicotianamine,,1,0,0,0,0,0,0,0,0,3,0,0,0,0,0,6,Alpha-Aminocarboxylate,Other,N[C@H](C(=O)O)[C@@H](O)CN[C@@H](CCN1CC[C@H]1C(=O)O)C(=O)O,"Abu, aThr/Thr, Azd-2-COOH",3,1,0,C12H21N3O7,319.311585,Triticum aestivum,0,0,1,0,0,0,0,0,0,0,0,0,0,0,1,0,Streptophyta,,,,,,,,,"Kratena, Nicolas, et al. ""A unified approach to phytosiderophore natural products."" Chemistry–A European Journal 27.2 (2021): 577-580.",,,,,,12,21,3,7,0,0.571428571,4,1.714285714,0,Ruolin He,6,1,1,-0.355,5.319318304
106,Nicotianamine,,1,0,0,0,0,0,0,0,0,3,0,0,0,0,0,6,Alpha-Aminocarboxylate,Other,N[C@@H](CCN[C@@H](CCN1CC[C@H]1C(=O)O)C(=O)O)C(=O)O,"Azd-2-COOH, Abu, Abu",3,1,0,C12H21N3O6,303.31218,Triticum aestivum,0,0,1,0,0,0,0,0,0,0,0,0,0,0,1,0,Streptophyta,,,,,,,,,"Kratena, Nicolas, et al. ""A unified approach to phytosiderophore natural products."" Chemistry–A European Journal 27.2 (2021): 577-580.",,,,,,12,21,3,6,0,0.571428571,4,2,0,Ruolin He,6,1,2,-0.424,5.438328411
107,2-deoxymugineic acid,,1,0,0,0,0,0,1,0,0,2,0,0,0,0,0,6,Alpha-Aminocarboxylate/Alpha-Hydroxycarboxylate,Other,O=C(O)[C@H](CCN1CC[C@H]1C(=O)O)NCC[C@H](O)C(=O)O,"Azd-2-COOH, Abu, 2OH-BA",3,1,0,C12H20N2O7,304.296941,Triticum aestivum,0,0,1,0,0,0,0,0,0,0,0,0,0,0,1,0,Streptophyta,,,Nicotianamine,,,,,,"Sugiura, Yukio, et al. ""Structure, properties, and transport mechanism of iron (III) complex of mugineic acid, a possible phytosiderophore."" Journal of the American Chemical Society 103.23 (1981): 6979-6982.",,,,,,12,20,2,7,0,0.6,6,1.714285714,0,Ruolin He,6,1,3,-0.421,5.430732145
108,3-Epihydroxy-2-deoxymugineic acid,,1,0,0,0,0,0,1,0,0,2,0,0,0,0,0,6,Alpha-Aminocarboxylate/Alpha-Hydroxycarboxylate,Other,O=C(O)[C@H](CCN1C[C@H](O)[C@H]1C(=O)O)NCC[C@H](O)C(=O)O,"3-OHaz-COOH, Abu, 2OH-BA",3,1,0,C12H20N2O8,320.296346,Triticum aestivum,0,0,1,0,0,0,0,0,0,0,0,0,0,0,1,0,Streptophyta,,,Nicotianamine,,,,,,"Kratena, Nicolas, et al. ""A unified approach to phytosiderophore natural products."" Chemistry–A European Journal 27.2 (2021): 577-580.",,,,,,12,20,2,8,0,0.6,6,1.5,0,Ruolin He,6,1,4,-0.38,5.312287032
109,Mugineic acid,,1,0,0,0,0,0,1,0,0,2,0,0,0,0,0,6,Alpha-Aminocarboxylate/Alpha-Hydroxycarboxylate,Other,O=C(O)[C@@H](NCC[C@H](O)C(=O)O)[C@@H](O)CN1CC[C@H]1C(=O)O,"aThr/Thr, 2OH-BA, Azd-2-COOH",3,1,0,C12H20N2O8,320.296346,Hordeum vulgare,0,0,1,0,0,0,0,0,0,0,0,0,0,0,1,0,Streptophyta,,,Nicotianamine,,,,,,"Takemota, T., Nomoto, K., Fushiya, S., Ouchi, R., Kusano, G., Hikino, H., Takagi, S., Matsuura, Y., Kakudo, M. (1978) Proc. Japan. Acad. 54B, 469-473",,,,,,12,20,2,8,0,0.6,6,1.5,0,Shaohua Gu; Ruolin He,6,1,5,-0.353,5.312287032
110,3-Hydroxymugineic acid,,1,0,0,0,0,0,1,0,0,2,0,0,0,0,0,6,Alpha-Aminocarboxylate/Alpha-Hydroxycarboxylate,Other,O=C(O)[C@@H](NCC[C@H](O)C(=O)O)[C@@H](O)CN1C[C@@H](O)[C@H]1C(=O)O,"aThr/Thr, 2OH-BA, 3-OHaz-COOH",3,1,0,C12H20N2O9,336.295751,Hordeum vulgare,0,0,1,0,0,0,0,0,0,0,0,0,0,0,1,0,Streptophyta,,,Nicotianamine,,,,,,"Neilands, J. B., and Sally A. Leong. ""Siderophores in relation to plant growth and disease."" Annual Review of Plant Physiology 37.1 (1986): 187-208.",,,,,,12,20,2,9,0,0.6,6,1.333333333,0,Ruolin He,6,1,6,-0.357,5.202424605
111,Distichonic acid,Distichonic acid A,1,0,0,0,0,0,1,0,0,2,0,0,0,0,0,6,Alpha-Aminocarboxylate/Alpha-Hydroxycarboxylate,Other,O=C(O)NC[C@H](O)[C@H](NCC[C@H](O)C(=O)O)C(=O)O,"aThr/Thr, 2OH-BA, CA",3,1,0,C9H16N2O8,280.232362,Hordeum vulgare,0,0,1,0,0,0,0,0,0,0,0,0,0,0,1,0,Streptophyta,,,Nicotianamine,,,,,,"Neilands, J. B., and Sally A. Leong. ""Siderophores in relation to plant growth and disease."" Annual Review of Plant Physiology 37.1 (1986): 187-208.",,,,,,9,16,2,8,0,0.5625,4.5,1.125,0,Ruolin He,6,1,7,-0.333,5.627736855
112,Hydroxy-avenic acid,,1,0,0,0,0,0,1,0,0,2,0,0,0,0,0,6,Alpha-Aminocarboxylate/Alpha-Hydroxycarboxylate,Other,O=C(O)[C@H](CCO)NC[C@H](O)[C@H](NCC[C@H](O)C(=O)O)C(=O)O,"aThr/Thr, 2OH-BA, Hse",3,1,0,C12H22N2O9,338.311633,Avena sativa,0,0,1,0,0,0,0,0,0,0,0,0,0,0,1,0,Streptophyta,,,Nicotianamine,,,,,,"Kratena, Nicolas, et al. ""A unified approach to phytosiderophore natural products."" Chemistry–A European Journal 27.2 (2021): 577-580.",,,,,,12,22,2,9,0,0.545454545,6,1.333333333,0,Ruolin He,6,1,8,-0.228,5.189139037
654,Avenic acid B,,1,0,0,0,0,0,1,0,0,1,0,0,0,0,0,4,Alpha-Aminocarboxylate/Alpha-Hydroxycarboxylate,Other,O=C(O)[C@H](CCO)NCC[C@H](O)C(=O)O,"Hse, 2OH-BA",2,1,0,C8H15NO6,221.208168,Avena sativa,0,0,1,0,0,0,0,0,0,0,0,0,0,0,1,0,Streptophyta,,,Nicotianamine,,,,,,"Fushiya, Shinji, et al. ""Co-occurrence of nicotianamine and avenic acids in Avena sativa and Oryza sativa."" Phytochemistry 21.8 (1982): 1907-1908.",,,,,,8,15,1,6,0,0.533333333,8,1.333333333,0,Pratika Singh,6,1,11,0.042,6.241835888
113,Avenic acid,Avenic acid A,1,0,0,0,0,0,1,0,0,2,0,0,0,0,0,6,Alpha-Aminocarboxylate/Alpha-Hydroxycarboxylate,Other,O=C(O)[C@H](CCO)NCC[C@H](NCC[C@H](O)C(=O)O)C(=O)O,"Abu, 2OH-BA, Hse",3,1,0,C12H22N2O8,322.312228,Avena sativa,0,0,1,0,0,0,0,0,0,0,0,0,0,0,1,0,Streptophyta,,,Nicotianamine,,,,,,"Fushiya, Shinji, et al. ""Avenic acid, a new amino acid possessing an iron chelating activity."" Tetrahedron Letters 21.32 (1980): 3071-3072.",,,,,,12,22,2,8,0,0.545454545,6,1.5,0,Shaohua Gu; Ruolin He,6,1,9,-0.295,5.297994419
114,Deoxydistichonic acid,,1,0,0,0,0,0,1,0,0,2,0,0,0,0,0,6,Alpha-Aminocarboxylate/Alpha-Hydroxycarboxylate,Other,O=C(O)NCC[C@H](NCC[C@H](O)C(=O)O)C(=O)O,"Abu, 2OH-BA, CA",3,1,0,C9H16N2O7,264.232957,Oryza sativa,0,0,1,0,0,0,0,0,0,0,0,0,0,0,1,0,Streptophyta,,,Nicotianamine,,,,,,"Klair, S., et al. ""Studies of iron transport in wheat using synthetic phytosiderophores."" Journal of Plant Nutrition 19.8-9 (1996): 1295-1307.",,,,,,9,16,2,7,0,0.5625,4.5,1.285714286,0,Ruolin He,6,1,10,-0.375,5.77346513
671,Ethylenediamine-disuccinate,"[S,S]-EDDS",1,0,0,0,4,0,0,0,0,0,0,0,0,0,0,4,Carboxylate,NIS,O=C(O)C[C@H](NCCN[C@@H](CC(=O)O)C(=O)O)C(=O)O,"Dae, Suc, Suc",3,1,0,C10H16N2O8,292.243102,Amycolatopsis japonicum,1,0,0,0,1,0,0,0,0,0,0,0,0,0,0,0,Actinomycetota,,,,,,,,,"Spohn, Marius, Wolfgang Wohlleben, and Evi Stegmann. ""Elucidation of the zinc‐dependent regulation in Amycolatopsis japonicum enabled the identification of the ethylenediamine‐disuccinate ([S, S]‐EDDS) genes."" Environmental microbiology 18.4 (2016): 1249-1263.; López-Rayo, Sandra, et al. ""[S, S]-EDDS/Fe: A new chelate for the environmentally sustainable correction of iron chlorosis in calcareous soil."" Science of the total environment 647 (2019): 1508-1517.","Spohn, Marius, Wolfgang Wohlleben, and Evi Stegmann. ""Elucidation of the zinc‐dependent regulation in Amycolatopsis japonicum enabled the identification of the ethylenediamine‐disuccinate ([S, S]‐EDDS) genes."" Environmental microbiology 18.4 (2016): 1249-1263.",,,,,10,16,2,8,0,0.625,5,1.25,0,Ruolin He,26,1,1,-0.507,5.526350984
124,Citrate,,1,0,0,0,0,2,0,0,0,0,0,1,0,0,0,4,Alpha-Hydroxycarboxylate/Carboxylate,NIS,O=C(O)CC(O)(CC(=O)O)C(=O)O,CitA,1,1,0,C6H8O7,192.123803,Escherichia coli,1,0,0,0,0,0,0,1,0,0,0,0,0,0,0,0,Pseudomonadota,,,CitA,,,,,,"Braun,. V., Enz, S., (2001) Microbial Fundamentals of Biotechology, eds. V. Braun and F. Götz, wiley-VCH, Weinheim, ch. 11, pp 205-211.",,,,,,6,8,0,7,0,0.75,0,0.857142857,0,Shaohua Gu; Ruolin He,24,1,1,-0.202,6.645395035
368,Terragine B,,1,1,0,0,0,0,0,0,0,0,0,0,0,0,0,2,Hydroxamate,Putative NIS,O=C(Cc1ccccc1)N(O)CCCCCN1C(=O)CCC1=O,"NOH-Nsuc-Cad, Pha",2,1,0,C17H22N2O4,318.368308,Streptomyces lividans,1,0,0,0,1,0,0,0,0,0,0,0,0,0,0,0,Actinomycetota,Lys derivatives,,,,,,,,"Wang, Gui-Yang-Sheng, et al. ""Novel natural products from soil DNA libraries in a streptomycete host."" Organic letters 2.16 (2000): 2401-2404.",,,,,,17,22,2,4,0,0.772727273,8.5,4.25,0,Ruolin He,3,15,1,-2.875,5.326084043
369,Schizokinen A,,1,2,0,0,0,0,0,0,0,0,0,0,0,0,0,4,Hydroxamate,NIS,CC(=O)N(O)CCCNC(=O)CC1(O)CC(=O)N(CCCN(O)C(C)=O)C1=O,"NAc-NOH-DAP, CitA, NAc-NOH-DAP",3,1,0,C16H26N4O8,402.400358,Rhizobium leguminosarum IARI 917,1,0,0,0,0,0,0,1,0,0,0,0,0,0,0,0,Pseudomonadota,Dab derivatives,,,,,,,,"Storey, E. P., et al. ""Characterization of ‘Schizokinen’: a dihydroxamate-type siderophore produced by Rhizobium leguminosarum IARI 917."" Biometals 19 (2006): 637-649.",,,,,,16,26,4,8,0,0.615384615,4,2,0,Shaohua Gu; Ruolin He,3,11,1,-1.321,4.820298067
682,N-deoxy arthrobactin A,,1,2,0,0,0,0,0,0,0,0,0,0,0,0,0,4,Hydroxamate,NIS,CC(=O)NCCCCCN1C(=O)CC(O)(CC(=O)NCCCCCN(O)C(C)=O)C1=O,"NAc-NOH-Cad, CitA, NAc-Cad",3,1,0,C20H34N4O7,442.507441,Allokutzneria albata JCM 9917,1,0,0,0,1,0,0,0,0,0,0,0,0,0,0,0,Actinomycetota,Lys derivatives,,,,,,,,"Ma, Man-Jing, et al. ""Genus-specific secondary metabolome in Allokutzneria and Kibdelosporangium."" Synthetic and Systems Biotechnology 9.3 (2024): 381-390.","Ma, Man-Jing, et al. ""Genus-specific secondary metabolome in Allokutzneria and Kibdelosporangium."" Synthetic and Systems Biotechnology 9.3 (2024): 381-390.",,,,,20,34,4,7,0,0.588235294,5,2.857142857,0,Ruolin He,3,11,3,-1.977,4.631347353
653,Arthrobactin A,,1,2,0,0,0,0,0,0,0,0,0,0,0,0,0,4,Hydroxamate,NIS,CC(=O)N(O)CCCCCNC(=O)CC1(O)CC(=O)N(CCCCCN(O)C(C)=O)C1=O,"NAc-NOH-Cad, CitA, NAc-NOH-Cad",3,1,0,C20H34N4O8,458.506846,Allokutzneria albata JCM 9917,1,0,0,0,1,0,0,0,0,0,0,0,0,0,0,0,Actinomycetota,Lys derivatives,,,,,,,,"Ma, Man-Jing, et al. ""Genus-specific secondary metabolome in Allokutzneria and Kibdelosporangium."" Synthetic and Systems Biotechnology 9.3 (2024): 381-390.","Ma, Man-Jing, et al. ""Genus-specific secondary metabolome in Allokutzneria and Kibdelosporangium."" Synthetic and Systems Biotechnology 9.3 (2024): 381-390.",,,,,20,34,4,8,0,0.588235294,5,2.5,0,Ruolin He,3,11,2,-1.983,4.562946516
720,Amodesmycin B,,1,3,0,0,0,0,0,0,0,0,0,0,0,0,0,6,Hydroxamate,Hybrid NIS/PKS,CC(=O)C1=C2CC(O)(CO)N(CCCCCN(O)C(=O)CCC(=O)NCCCCCN(O)C(=O)CCC(=O)NCCCCCN(O)C(C)=O)C=C2c2cccc(O)c2C1=O,"NAc-NOH-Cad, Suc, NOH-Cad, Suc, NOH-Cad, X0",6,0.65,1,C41H60N6O13,844.949283,Streptomyces albus J1074,1,0,0,0,1,0,0,0,0,0,0,0,0,0,0,0,Actinomycetota,Lys derivatives,,,,,,,,"Huang, Ruijie, et al. ""Discovery and Biosynthesis of the Amodesmycins, Aromatic Polyketide-Siderophore Hybrid Conjugates."" Organic Letters 24.51 (2022): 9408-9412.","Huang, Ruijie, et al. ""Discovery and Biosynthesis of the Amodesmycins, Aromatic Polyketide-Siderophore Hybrid Conjugates."" Organic Letters 24.51 (2022): 9408-9412.",,,,,41,60,6,13,0,0.683333333,6.833333333,3.153846154,0,Yanzhao Wu; Jiqi Shao; Ruolin He,3,16,1,-3.583,3.551769424
719,Amodesmycin A,,1,3,0,0,0,0,0,0,0,0,0,0,0,0,0,6,Hydroxamate,Hybrid NIS/PKS,CC(=O)c1c2cc(CO)n(CCCCCN(O)C(=O)CCC(=O)NCCCCCN(O)C(=O)CCC(=O)NCCCCCN(O)C(C)=O)cc-2c2cccc(O)c2c1=O,"NOH-Cad, Suc, NAc-NOH-Cad, Suc, 1-biq-5OH-Cad",5,1,0,C41H58N6O12,826.933996,Streptomyces albus J1074,1,0,0,0,1,0,0,0,0,0,0,0,0,0,0,0,Actinomycetota,Lys derivatives,,,,,,,,"Huang, Ruijie, et al. ""Discovery and Biosynthesis of the Amodesmycins, Aromatic Polyketide-Siderophore Hybrid Conjugates."" Organic Letters 24.51 (2022): 9408-9412.","Huang, Ruijie, et al. ""Discovery and Biosynthesis of the Amodesmycins, Aromatic Polyketide-Siderophore Hybrid Conjugates."" Organic Letters 24.51 (2022): 9408-9412.",,,,,41,58,6,12,0,0.706896552,6.833333333,3.416666667,0,Yanzhao Wu; Jiqi Shao; Ruolin He,3,16,2,-4.42,3.582673935
370,Ferrimycin A,Ferrimycin A1,1,3,0,0,0,0,0,0,0,0,0,0,0,0,0,6,Hydroxamate,NIS,COC12N=C(N)C(C)(O1)C(O)(CO)C(N)C2Nc1cc(O)cc(C(=O)NCCCCCN(O)C(=O)CCC(=O)NCCCCCN(O)C(=O)CCC(=O)NCCCCCN(O)C(C)=O)c1,"NOH-Cad, Suc, NAc-NOH-Cad, Suc, NOH-Cad, 3NH2-5OH-Bz, X0",7,0.753846154,1,C41H68N10O14,925.039028,Streptomyces griseoflavus,1,0,0,0,1,0,0,0,0,0,0,0,0,0,0,0,Actinomycetota,Lys derivatives,,,,,,,,"Bickel, H., et al. ""Stoffwechselprodukte von mikroorganismen—53: ueber die konstitution von ferrimycin A1."" Tetrahedron 22 (1966): 171-179.; Sigel, Astrid, and Helmut Sigel, eds. Metal ions in biological systems. CRC press, (1998).","Wang, Shao-An, et al. ""Identification of the formycin A biosynthetic gene cluster from Streptomyces kaniharaensis illustrates the interplay between biological pyrazolopyrimidine formation and de novo purine biosynthesis."" Journal of the American Chemical Society 141.15 (2019): 6127-6131.",,,,,41,68,10,14,0,0.602941176,4.1,2.928571429,0,Ruolin He,3,12,1,-2.974,3.425227923
372,Danomycin B,,1,3,0,0,0,0,0,0,0,0,0,0,0,0,0,6,Hydroxamate,NIS,CO[C@@H]1[C@@H](O)[C@H](O[C@H]2O[C@H](CO)[C@@H](O)[C@H](OC(=O)CCC(=O)N(O)CCCCCNC(=O)CCC(=O)N(O)CCCCCNC(=O)CCC(=O)N(O)CCCCO)[C@H]2OC(N)=O)[C@@H](CO)O[C@H]1N,"X0, X1, NOH-Cad, Suc, NOH-Cad, Suc, Suc, 4NH2OH-Butanol",8,0.602941176,2,C40H71N7O21,986.027837,Streptomyces albaduncus,1,0,0,0,1,0,0,0,0,0,0,0,0,0,0,0,Actinomycetota,Lys derivatives,,,,,,,,"Huber, Peter, Heinz Leuenberger, and Walter Keller‐Schierlein. ""Stoffwechselprodukte von Mikroorganismen. 233. Mitteilung. Danoxamin, der eisenbindende Teil des Sideromycin‐Antibioticums Danomycin."" Helvetica chimica acta 69.1 (1986): 236-245.",,,,,,40,71,7,21,0,0.563380282,5.714285714,1.904761905,0,Ruolin He,3,13,2,-1.968,3.339130284
371,Danomycin A,,1,3,0,0,0,0,0,0,0,0,0,0,0,0,0,6,Hydroxamate,NIS,CO[C@@H]1[C@@H](O)[C@H](O[C@H]2O[C@H](CO)[C@@H](O)[C@H](OC(=O)CCC(=O)N(O)CCCCCNC(=O)CCC(=O)N(O)CCCCCNC(=O)CCC(=O)N(O)CCCCO)[C@H]2O)[C@@H](CO)O[C@H]1N,"NOH-Cad, Suc, NOH-Cad, Suc, 4NH2OH-Butanol, Suc, X0, Gal/Man/bGal/Glc",8,0.8,1,C39H70N6O20,943.003048,Streptomyces albaduncus,1,0,0,0,1,0,0,0,0,0,0,0,0,0,0,0,Actinomycetota,Lys derivatives,,,,,,,,"Huber, Peter, Heinz Leuenberger, and Walter Keller‐Schierlein. ""Stoffwechselprodukte von Mikroorganismen. 233. Mitteilung. Danoxamin, der eisenbindende Teil des Sideromycin‐Antibioticums Danomycin."" Helvetica chimica acta 69.1 (1986): 236-245.",,,,,,39,70,6,20,0,0.557142857,6.5,1.95,0,Ruolin He,3,13,1,-1.838,3.399025939
373,Salmycin A,,1,3,0,0,0,0,0,0,0,0,0,0,0,0,0,6,Hydroxamate,NIS,CNC(CO)[C@H](O)[C@H](O)[C@@H](O)[C@@H](C=O)O[C@@H]1O[C@@H](COC(=O)CCC(=O)N(O)CCCCCNC(=O)CCC(=O)N(O)CCCCCNC(=O)CCC(=O)N(O)CCCCCO)[C@H](O)[C@@H](O)/C1=N\O,"NOH-Cad, Suc, X0, X1, 5-OHNH2-Pol, Suc, Suc, NOH-Cad",8,0.608695652,2,C41H73N7O21,1000.054459,Streptomyces violaceus 37290,1,0,0,0,1,0,0,0,0,0,0,0,0,0,0,0,Actinomycetota,Lys derivatives,,,,,,,,"Vértesy, László, et al. ""Salmycin A–D, Antibiotika aus Streptomyces violaceus, DSM 8286, mit Siderophor‐Aminoglycosid‐Struktur."" Helvetica Chimica Acta 78.1 (1995): 46-60.",,,,,,41,73,7,21,0,0.561643836,5.857142857,1.952380952,0,Shaohua Gu; Ruolin He,3,14,1,-1.688,3.320421055
888,Salmycin C,,1,3,0,0,0,0,0,0,0,0,0,0,0,0,0,6,Hydroxamate,NIS,CNC(CO)[C@H](O)[C@H](O)[C@@H](O)[C@@H](C=O)O[C@@H]1O[C@@H](COC(=O)CCC(=O)N(O)CCCCCNC(=O)CCC(=O)N(O)CCCCCNC(=O)CCC(=O)N(O)CCCCO)[C@H](O)[C@@H](O)/C1=N\O,"NOH-Cad, Suc, NOH-Cad, Suc, 4NH2OH-Butanol, X0, Suc, X1",8,0.602941176,2,C40H71N7O21,986.027837,Streptomyces violaceus 37290,1,0,0,0,1,0,0,0,0,0,0,0,0,0,0,0,Actinomycetota,Lys derivatives,,,,,,,,"Vértesy, László, et al. ""Salmycin A–D, Antibiotika aus Streptomyces violaceus, DSM 8286, mit Siderophor‐Aminoglycosid‐Struktur."" Helvetica Chimica Acta 78.1 (1995): 46-60.",,,,,,40,71,7,21,0,0.563380282,5.714285714,1.904761905,0,Ruolin He,3,14,2,-1.601,3.339130284
889,Salmycin D,,1,3,0,0,0,0,0,0,0,0,0,0,0,0,0,6,Hydroxamate,NIS,CNC(CO)[C@H](O)[C@H](O)[C@@H](O)[C@@H](C=O)O[C@@H]1O[C@@H](COC(=O)CCC(=O)N(O)CCCCCNC(=O)CCC(=O)N(O)CCCCCNC(=O)CCC(=O)N(O)CCCCO)[C@H](O)[C@@H](O)C1=O,"X0, 2dh-Pyra, 4NH2OH-Butanol, Suc, NOH-Cad, Suc, NOH-Cad, Suc",8,0.776119403,1,C40H70N6O21,971.013193,Streptomyces violaceus 37290,1,0,0,0,1,0,0,0,0,0,0,0,0,0,0,0,Actinomycetota,Lys derivatives,,,,,,,,"Vértesy, László, et al. ""Salmycin A–D, Antibiotika aus Streptomyces violaceus, DSM 8286, mit Siderophor‐Aminoglycosid‐Struktur."" Helvetica Chimica Acta 78.1 (1995): 46-60.",,,,,,40,70,6,21,0,0.571428571,6.666666667,1.904761905,0,Ruolin He,3,14,3,-1.605,3.359592191
887,Salmycin B,,1,3,0,0,0,0,0,0,0,0,0,0,0,0,0,6,Hydroxamate,NIS,CNC(CO)[C@H](O)[C@H](O)[C@@H](O)[C@@H](C=O)O[C@@H]1O[C@@H](COC(=O)CCC(=O)N(O)CCCCCNC(=O)CCC(=O)N(O)CCCCCNC(=O)CCC(=O)N(O)CCCCCO)[C@H](O)[C@@H](O)C1=O,"5-OHNH2-Pol, Suc, X0, 2dh-Pyra, NOH-Cad, Suc, Suc, NOH-Cad",8,0.779411765,1,C41H72N6O21,985.039815,Streptomyces violaceus 37290,1,0,0,0,1,0,0,0,0,0,0,0,0,0,0,0,Actinomycetota,Lys derivatives,,,,,,,,"Vértesy, László, et al. ""Salmycin A–D, Antibiotika aus Streptomyces violaceus, DSM 8286, mit Siderophor‐Aminoglycosid‐Struktur."" Helvetica Chimica Acta 78.1 (1995): 46-60.",,,,,,41,72,6,21,0,0.569444444,6.833333333,1.952380952,0,Ruolin He,3,14,4,-1.695,3.340462763
321,Nannochelin A,,1,2,0,0,0,0,0,0,0,0,0,1,0,0,0,6,Alpha-Hydroxycarboxylate/Hydroxamate,NIS,COC(=O)[C@H](CCCCN(O)C(=O)/C=C/c1ccccc1)NC(=O)CC(O)(CC(=O)N[C@@H](CCCCN(O)C(=O)/C=C/c1ccccc1)C(=O)OC)C(=O)O,"X0, CitA, X0, 3Ph-Dha, 3Ph-Dha",5,0.563636364,2,C38H48N4O13,768.808365,Nannocystis exedens,1,0,0,0,0,0,0,0,0,1,0,0,0,0,0,0,Myxococcota,Lys derivatives,,CitA,,,,,,"Bergeron, Raymond J., and Otto Phanstiel IV. ""The total synthesis of nannochelin: a novel cinnamoyl hydroxamate-containing siderophore."" The Journal of Organic Chemistry 57.26 (1992): 7140-7143.; Kunze, Brigitte, et al. ""Nannochelins A, B and C, new iron-chelating compounds from Nannocystis exedens (myxobacteria) production, isolation, physico-chemical and biological properties."" The Journal of Antibiotics 45.2 (1992): 147-150.",,,,,,38,48,4,13,0,0.791666667,9.5,2.923076923,0,Shaohua Gu; Ruolin He,3,8,11,-3.881,3.68951283
320,Nannochelin B,,1,2,0,0,0,0,0,0,0,0,0,1,0,0,0,6,Alpha-Hydroxycarboxylate/Hydroxamate,NIS,COC(=O)[C@H](CCCCN(O)C(=O)/C=C/c1ccccc1)NC(=O)CC(O)(CC(=O)NC(CCCCN(O)C(=O)/C=C/c1ccccc1)C(=O)O)C(=O)O,"X0, 3Ph-Dha, NOH-Lys, CitA, 3Ph-Dha",5,0.777777778,1,C37H46N4O13,754.781743,Nannocystis exedens,1,0,0,0,0,0,0,0,0,1,0,0,0,0,0,0,Myxococcota,Lys derivatives,,CitA,,,,,,"Bergeron, Raymond J., and Otto Phanstiel IV. ""The total synthesis of nannochelin: a novel cinnamoyl hydroxamate-containing siderophore."" The Journal of Organic Chemistry 57.26 (1992): 7140-7143.; Kunze, Brigitte, et al. ""Nannochelins A, B and C, new iron-chelating compounds from Nannocystis exedens (myxobacteria) production, isolation, physico-chemical and biological properties."" The Journal of Antibiotics 45.2 (1992): 147-150.",,,,,,37,46,4,13,0,0.804347826,9.25,2.846153846,0,Shaohua Gu; Ruolin He,3,8,10,-3.683,3.717084693
319,Nannochelin C,,1,2,0,0,0,0,0,0,0,0,0,1,0,0,0,6,Alpha-Hydroxycarboxylate/Hydroxamate,NIS,O=C(CC(O)(CC(=O)N[C@@H](CCCCN(O)C(=O)/C=C/c1ccccc1)C(=O)O)C(=O)O)N[C@@H](CCCCN(O)C(=O)/C=C\c1ccccc1)C(=O)O,"NOH-Lys, CitA, NOH-Lys, 3Ph-Dha, 3Ph-Dha",5,1,0,C36H44N4O13,740.755121,Nannocystis exedens,1,0,0,0,0,0,0,0,0,1,0,0,0,0,0,0,Myxococcota,Lys derivatives,,CitA,,,,,,"Bergeron, Raymond J., and Otto Phanstiel IV. ""The total synthesis of nannochelin: a novel cinnamoyl hydroxamate-containing siderophore."" The Journal of Organic Chemistry 57.26 (1992): 7140-7143.; Kunze, Brigitte, et al. ""Nannochelins A, B and C, new iron-chelating compounds from Nannocystis exedens (myxobacteria) production, isolation, physico-chemical and biological properties."" The Journal of Antibiotics 45.2 (1992): 147-150.",,,,,,36,44,4,13,0,0.818181818,9,2.769230769,0,Shaohua Gu; Ruolin He,3,8,9,-3.482,3.745419371
311,Aerobactin,,12,2,0,0,0,0,0,0,0,0,0,1,0,0,0,6,Alpha-Hydroxycarboxylate/Hydroxamate,NIS,CC(=O)N(O)CCCC[C@H](NC(=O)CC(O)(CC(=O)N[C@@H](CCCCN(O)C(C)=O)C(=O)O)C(=O)O)C(=O)O,"N6Ac-N6OH-Lys, CitA, N6Ac-N6OH-Lys",3,1,0,C22H36N4O13,564.541233,Escherichia coli; Vibrio sp. DS40M5; Vibrio mimicus; Enterobacter sp. Ag1; Escherichia coli 83972; Escherichia coli CFT073; Escherichia coli ASB3; Escherichia coli acute1; Escherichia coli rUTI2; Escherichia coli rUTI5; Escherichia coli pyelo4; Escherichia coli S88,1,0,0,0,0,0,0,1,0,0,0,0,0,0,0,0,Pseudomonadota,Lys derivatives,,CitA,,,,,,"Warner, P. J., et al. ""ColV plasmid-specific aerobactin synthesis by invasive strains of Escherichia coli."" Infection and Immunity 33.2 (1981): 540-545.; Haygood, Margo G., Pamela D. Holt, and Alison Butler. ""Aerobactin production by a planktonic marine Vibrio sp."" Limnology and Oceanography 38.5 (1993): 1091-1097.; Henderson, Jeffrey P., et al. ""Quantitative metabolomics reveals an epigenetic blueprint for iron acquisition in uropathogenic Escherichia coli."" PLoS pathogens 5.2 (2009): e1000305.; Vagrali, Manjula A. ""Siderophore production by uropathogenic Escherichia coli."" Indian Journal of Pathology and Microbiology 52.1 (2009): 126-127.; De Carvalho, Carla CCR, and Pedro Fernandes. ""Production of metabolites as bacterial responses to the marine environment."" Marine drugs 8.3 (2010): 705-727.; Robbel, Lars, et al. ""Erythrochelin–a hydroxamate‐type siderophore predicted from the genome of Saccharopolyspora erythraea."" The FEBS Journal 277.3 (2010): 663-676.; Watts, Rebecca E., et al. ""Contribution of siderophore systems to growth and urinary tract colonization of asymptomatic bacteriuria Escherichia coli."" Infection and immunity 80.1 (2012): 333-344.; Thode, Sunniva Katharina, et al. ""Distribution of siderophore gene systems on a Vibrionaceae phylogeny: Database searches, phylogenetic analyses and evolutionary perspectives."" PLoS One 13.2 (2018): e0191860.; Genuini, Mathieu, et al. ""ShiF acts as an auxiliary factor of aerobactin secretion in meningitis Escherichia coli strain S88."" BMC microbiology 19 (2019): 1-8.; Ganley, Jack G., et al. ""A systematic analysis of mosquito-microbiome biosynthetic gene clusters reveals antimalarial siderophores that reduce mosquito reproduction capacity."" Cell Chemical Biology 27.7 (2020): 817-826.","de Lorenzo, V. I. C. T. O. R., et al. ""Aerobactin biosynthesis and transport genes of plasmid ColV-K30 in Escherichia coli K-12."" Journal of Bacteriology 165.2 (1986): 570-578.",,,,,22,36,4,13,0,0.611111111,5.5,1.692307692,0,Shaohua Gu; Ruolin He,3,8,1,-1.595,4.185206095
318,Ochrobactin A,,1,2,0,0,0,0,0,0,0,0,0,1,0,0,0,6,Alpha-Hydroxycarboxylate/Hydroxamate,NIS,CCCCC/C=C/C(=O)N(O)CCCC[C@H](NC(=O)CC(O)(CC(=O)N[C@@H](CCCCN(O)C(=O)/C=C/CCCCCCC)C(=O)O)C(=O)O)C(=O)O,"NOH-Lys, CitA, NOH-Lys, C10:1(2), C8:0:1(7)",5,1,0,C36H60N4O13,756.882177,Ochrobactrum sp. SP18,1,0,0,0,0,0,0,1,0,0,0,0,0,0,0,0,Pseudomonadota,Lys derivatives,,CitA,,,,,,"Martin, Jessica D., et al. ""Structure and membrane affinity of new amphiphilic siderophores produced by Ochrobactrum sp. SP18."" JBIC Journal of Biological Inorganic Chemistry 11 (2006): 633-641.",,,,,,36,60,4,13,0,0.6,9,2.769230769,0,Ruolin He,3,8,8,-4.104,3.71290821
317,Ochrobactin C,,1,2,0,0,0,0,0,0,0,0,0,1,0,0,0,6,Alpha-Hydroxycarboxylate/Hydroxamate,NIS,CCCCCCC/C=C/C(=O)N(O)CCCC[C@H](NC(=O)CC(O)(CC(=O)N[C@@H](CCCCN(O)C(=O)/C=C/CCCCCCC)C(=O)O)C(=O)O)C(=O)O,"NOH-Lys, C10:1(2), CitA, NOH-Lys, C10:1(2)",5,1,0,C38H64N4O13,784.935421,Ochrobactrum sp. SP18,1,0,0,0,0,0,0,1,0,0,0,0,0,0,0,0,Pseudomonadota,Lys derivatives,,CitA,,,,,,"Martin, Jessica D., et al. ""Structure and membrane affinity of new amphiphilic siderophores produced by Ochrobactrum sp. SP18."" JBIC Journal of Biological Inorganic Chemistry 11 (2006): 633-641.",,,,,,38,64,4,13,0,0.59375,9.5,2.923076923,0,Ruolin He,3,8,7,-4.455,3.658710539
316,Ochrobactin B,,1,2,0,0,0,0,0,0,0,0,0,1,0,0,0,6,Alpha-Hydroxycarboxylate/Hydroxamate,NIS,CCCCCCC/C=C/C(=O)N(O)CCCC[C@H](NC(=O)CC(O)(CC(=O)N[C@@H](CCCCN(O)C(=O)CCCCCCC)C(=O)O)C(=O)O)C(=O)O,"NOH-Lys, C10:1(2), NOH-Lys, C8:0, CitA",5,1,0,C36H62N4O13,758.898059,Ochrobactrum sp. SP18,1,0,0,0,0,0,0,1,0,0,0,0,0,0,0,0,Pseudomonadota,Lys derivatives,,CitA,,,,,,"Martin, Jessica D., et al. ""Structure and membrane affinity of new amphiphilic siderophores produced by Ochrobactrum sp. SP18."" JBIC Journal of Biological Inorganic Chemistry 11 (2006): 633-641.",,,,,,36,62,4,13,0,0.580645161,9,2.769230769,0,Ruolin He,3,8,6,-4.131,3.708915821
315,Woodybactin A,,1,1,0,0,0,1,0,0,0,1,0,1,0,0,1,6,Alpha-Aminocarboxylate/Alpha-Hydroxycarboxylate/Carboxylate/Hydroxamate,NIS,CCCCCCCC(=O)N(O)CCCCC(NC(=O)CC(O)(CC(=O)O)C(=O)O)C(=O)O,"NOH-Lys, CitA, C8:0",3,1,0,C20H34N2O10,462.49225,Shewanella woodyi MS32,1,0,0,0,0,0,0,1,0,0,0,0,0,0,0,0,Pseudomonadota,Lys derivatives,,CitA,,,,,,"Carmichael, Jeffrey R., Hongjun Zhou, and Alison Butler. ""A suite of asymmetric citrate siderophores isolated from a marine Shewanella species."" Journal of Inorganic Biochemistry 198 (2019): 110736.","Carmichael, Jeffrey R., Hongjun Zhou, and Alison Butler. ""A suite of asymmetric citrate siderophores isolated from a marine Shewanella species."" Journal of Inorganic Biochemistry 198 (2019): 110736.",,,,,20,34,2,10,0,0.588235294,10,2,0,Ruolin He,3,8,5,-2.046,4.546458877
314,Woodybactin D,,1,1,0,0,0,1,0,0,0,1,0,1,0,0,1,6,Alpha-Aminocarboxylate/Alpha-Hydroxycarboxylate/Carboxylate/Hydroxamate,NIS,CCCCCCCCCC(=O)N(O)CCCCC(NC(=O)CC(O)(CC(=O)O)C(=O)O)C(=O)O,"NOH-Lys, CitA, C10:0",3,1,0,C22H38N2O10,490.545494,Shewanella woodyi MS32,1,0,0,0,0,0,0,1,0,0,0,0,0,0,0,0,Pseudomonadota,Lys derivatives,,CitA,,,,,,"Carmichael, Jeffrey R., Hongjun Zhou, and Alison Butler. ""A suite of asymmetric citrate siderophores isolated from a marine Shewanella species."" Journal of Inorganic Biochemistry 198 (2019): 110736.","Carmichael, Jeffrey R., Hongjun Zhou, and Alison Butler. ""A suite of asymmetric citrate siderophores isolated from a marine Shewanella species."" Journal of Inorganic Biochemistry 198 (2019): 110736.",,,,,22,38,2,10,0,0.578947368,11,2.2,0,Ruolin He,3,8,4,-2.495,4.436102621
313,Woodybactin C,,1,1,0,0,0,1,0,0,0,1,0,1,0,0,1,6,Alpha-Aminocarboxylate/Alpha-Hydroxycarboxylate/Carboxylate/Hydroxamate,NIS,CCCCCCCCC(=O)N(O)CCCCC(NC(=O)CC(O)(CC(=O)O)C(=O)O)C(=O)O,"NOH-Lys, CitA, C9:0",3,1,0,C21H36N2O10,476.518872,Shewanella woodyi MS32,1,0,0,0,0,0,0,1,0,0,0,0,0,0,0,0,Pseudomonadota,Lys derivatives,,CitA,,,,,,"Carmichael, Jeffrey R., Hongjun Zhou, and Alison Butler. ""A suite of asymmetric citrate siderophores isolated from a marine Shewanella species."" Journal of Inorganic Biochemistry 198 (2019): 110736.","Carmichael, Jeffrey R., Hongjun Zhou, and Alison Butler. ""A suite of asymmetric citrate siderophores isolated from a marine Shewanella species."" Journal of Inorganic Biochemistry 198 (2019): 110736.",,,,,21,36,2,10,0,0.583333333,10.5,2.1,0,Ruolin He,3,8,3,-2.265,4.490072602
312,Woodybactin B,,1,1,0,0,0,1,0,0,0,1,0,1,0,0,1,6,Alpha-Aminocarboxylate/Alpha-Hydroxycarboxylate/Carboxylate/Hydroxamate,NIS,CC(C)CCCCCC(=O)N(O)CCCCC(NC(=O)CC(O)(CC(=O)O)C(=O)O)C(=O)O,"NOH-Lys, iC9:0, CitA",3,1,0,C21H36N2O10,476.518872,Shewanella woodyi MS32,1,0,0,0,0,0,0,1,0,0,0,0,0,0,0,0,Pseudomonadota,Lys derivatives,,CitA,,,,,,"Carmichael, Jeffrey R., Hongjun Zhou, and Alison Butler. ""A suite of asymmetric citrate siderophores isolated from a marine Shewanella species."" Journal of Inorganic Biochemistry 198 (2019): 110736.","Carmichael, Jeffrey R., Hongjun Zhou, and Alison Butler. ""A suite of asymmetric citrate siderophores isolated from a marine Shewanella species."" Journal of Inorganic Biochemistry 198 (2019): 110736.",,,,,21,36,2,10,0,0.583333333,10.5,2.1,0,Ruolin He,3,8,2,-2.268,4.490072602
323,Baumannoferrin B,,1,1,0,0,0,0,1,0,0,0,0,1,0,0,0,6,Alpha-Hydroxycarboxylate/Hydroxamate,NIS,CCCCCCCCCC(=O)N(O)CCCNC(=O)CC(O)(CC(=O)NCCC(C(=O)O)N1C(=O)CCC1(O)C(=O)O)C(=O)O,"NOH-DAP, CitA, Dab, DhPA, C10:0",5,1,0,C28H46N4O13,646.685083,Acinetobacter baumannii,1,0,0,0,0,0,0,1,0,0,0,0,0,0,0,0,Pseudomonadota,Dab derivatives,,CitA; alpha-ketoglutarate,,,,,,"Penwell, William F., et al. ""Discovery and characterization of new hydroxamate siderophores, baumannoferrin A and B, produced by Acinetobacter baumannii."" Chembiochem 16.13 (2015): 1896-1904.","Penwell, William F., et al. ""Discovery and characterization of new hydroxamate siderophores, baumannoferrin A and B, produced by Acinetobacter baumannii."" Chembiochem 16.13 (2015): 1896-1904.",,,,,28,46,4,13,0,0.608695652,7,2.153846154,0,Ruolin He,3,9,2,-2.375,3.958196962
322,Baumannoferrin A,,1,1,0,0,0,0,1,0,0,0,0,1,0,0,0,6,Alpha-Hydroxycarboxylate/Hydroxamate,NIS,CCCCCCC/C=C/C(=O)N(O)CCCNC(=O)CC(O)(CC(=O)NCCC(C(=O)O)N1C(=O)CCC1(O)C(=O)O)C(=O)O,"Dab, DhPA, NOH-DAP, CitA, C10:1(2)",5,1,0,C28H44N4O13,644.669201,Acinetobacter baumannii,1,0,0,0,0,0,0,1,0,0,0,0,0,0,0,0,Pseudomonadota,Dab derivatives,,CitA; alpha-ketoglutarate,,,,,,"Penwell, William F., et al. ""Discovery and characterization of new hydroxamate siderophores, baumannoferrin A and B, produced by Acinetobacter baumannii."" Chembiochem 16.13 (2015): 1896-1904.","Penwell, William F., et al. ""Discovery and characterization of new hydroxamate siderophores, baumannoferrin A and B, produced by Acinetobacter baumannii."" Chembiochem 16.13 (2015): 1896-1904.",,,,,28,44,4,13,0,0.636363636,7,2.153846154,0,Ruolin He,3,9,1,-2.365,3.963250947
324,Acinetoferrin,,2,2,0,0,0,0,0,0,0,0,0,1,0,0,0,6,Alpha-Hydroxycarboxylate/Hydroxamate,NIS,CCCCC/C=C/C(=O)N(O)CCCNC(=O)CC(O)(CC(=O)NCCCN(O)C(=O)/C=C/CCCCC)C(=O)O,"NOH-DAP, C8:0:1(7), CitA, NOH-DAP, C8:0:1(7)",5,1,0,C28H48N4O9,584.703345,Acinetobacter haemolyticus; Acinetobacter sp. Ag1,1,0,0,0,0,0,0,1,0,0,0,0,0,0,0,0,Pseudomonadota,Dab derivatives,,CitA,,,,,,"Fadeev, Evgeny A., Minkui Luo, and John T. Groves. ""Synthesis, structure, and molecular dynamics of gallium complexes of schizokinen and the amphiphilic siderophore acinetoferrin."" Journal of the American Chemical Society 126.38 (2004): 12065-12075.; Ganley, Jack G., et al. ""A systematic analysis of mosquito-microbiome biosynthetic gene clusters reveals antimalarial siderophores that reduce mosquito reproduction capacity."" Cell Chemical Biology 27.7 (2020): 817-826.","Funahashi, Tatsuya, et al. ""Identification and characterization of a cluster of genes involved in biosynthesis and transport of acinetoferrin, a siderophore produced by Acinetobacter haemolyticus ATCC 17906T."" Microbiology 159.Pt_4 (2013): 678-690.",,,,,28,48,4,9,0,0.583333333,7,3.111111111,0,Shaohua Gu; Ruolin He,3,9,3,-3.245,4.125146708
325,Rhizobactin 1021,,1,2,0,0,0,0,0,0,0,0,0,1,0,0,0,6,Alpha-Hydroxycarboxylate/Hydroxamate,NIS,CCCCCCC/C=C/C(=O)N(O)CCCNC(=O)CC(O)(CC(=O)NCCCN(O)C(C)=O)C(=O)O,"NAc-NOH-DAP, CitA, NOH-DAP, C10:1(2)",4,1,0,C24H42N4O9,530.612739,Sinorhizobium meliloti,1,0,0,0,0,0,0,1,0,0,0,0,0,0,0,0,Pseudomonadota,Dab derivatives,,CitA,,,,,,"Persmark, Magnus, et al. ""Isolation and structure of rhizobactin 1021, a siderophore from the alfalfa symbiont Rhizobium meliloti 1021."" Journal of the American Chemical Society 115.10 (1993): 3950-3956.; Storey, E. P., et al. ""Characterization of ‘Schizokinen’: a dihydroxamate-type siderophore produced by Rhizobium leguminosarum IARI 917."" Biometals 19 (2006): 637-649.","Lynch, Damien, et al. ""Genetic organization of the region encoding regulation, biosynthesis, and transport of rhizobactin 1021, a siderophore produced by Sinorhizobium meliloti."" Journal of bacteriology 183.8 (2001): 2576-2585.",,,,,24,42,4,9,0,0.571428571,6,2.666666667,0,Shaohua Gu; Ruolin He,3,9,4,-2.374,4.293795008
811,Fradiamine D,,1,2,0,0,1,0,0,0,0,0,0,0,0,0,-1,6,Carboxylate/Hydroxamate,NIS,CC(=O)N(O)CCCCNC(=O)CC(O)(CC(=O)O)C(=O)NCCCCCCN(O)C=O,"X0, CitA, NAc-NOH-Put",3,0.65625,1,C19H34N4O9,462.495511,Streptomyces sp. FIMYZ-003,1,0,0,0,1,0,0,0,0,0,0,0,0,0,0,0,Actinomycetota,Homolysine derivatives,,,,,,,,"Chen, Jianwei, et al. ""Discovery of new siderophores from a marine Streptomycetes sp. via combined metabolomics and analysis of iron-chelating activity."" Journal of Agricultural and Food Chemistry 71.17 (2023): 6584-6593.","Chen, Jianwei, et al. ""Discovery of new siderophores from a marine Streptomycetes sp. via combined metabolomics and analysis of iron-chelating activity."" Journal of Agricultural and Food Chemistry 71.17 (2023): 6584-6593.",,,,,19,34,4,9,0,0.558823529,4.75,2.111111111,0,Yanzhao Wu; Jiqi Shao; Ruolin He,3,9,13,-1.39,4.546445473
810,Fradiamine C,,1,2,0,0,1,0,0,0,0,0,0,0,0,0,-1,6,Carboxylate/Hydroxamate,NIS,CC(=O)N(O)CCCNC(=O)CC(O)(CC(=O)O)C(=O)NCCCCN(O)C=O,"NFo-NOH-DAP, CitA, NAc-NOH-DAP",3,1,0,C16H28N4O9,420.415645,Streptomyces sp. FIMYZ-003,1,0,0,0,1,0,0,0,0,0,0,0,0,0,0,0,Actinomycetota,Dab derivatives,,,,,,,,"Chen, Jianwei, et al. ""Discovery of new siderophores from a marine Streptomycetes sp. via combined metabolomics and analysis of iron-chelating activity."" Journal of Agricultural and Food Chemistry 71.17 (2023): 6584-6593.","Chen, Jianwei, et al. ""Discovery of new siderophores from a marine Streptomycetes sp. via combined metabolomics and analysis of iron-chelating activity."" Journal of Agricultural and Food Chemistry 71.17 (2023): 6584-6593.",,,,,16,28,4,9,0,0.571428571,4,1.777777778,0,Yanzhao Wu; Jiqi Shao; Ruolin He,3,9,14,-0.992,4.732098335
331,Deoxyschizokinen,,1,1,0,0,0,0,0,0,0,0,0,1,0,0,0,4,Alpha-Hydroxycarboxylate/Hydroxamate,NIS,CC(=O)NCCCNC(=O)CC(O)(CC(=O)NCCCN(O)C(C)=O)C(=O)O,"NAc-DAP, CitA, NAc-NOH-DAP",3,1,0,C16H28N4O8,404.41624,Priestia megaterium,1,0,0,0,0,0,1,0,0,0,0,0,0,0,0,0,Bacillota,Dab derivatives,,CitA,,,,,,"Hu, Xicheng, and Gregory L. Boyer. ""Isolation and characterization of the siderophore N-deoxyschizokinen from Bacillus megaterium ATCC 19213."" Biometals 8 (1995): 357-364.",,,,,,16,28,4,8,0,0.571428571,4,2,0,Shaohua Gu; Ruolin He,3,9,10,-1.086,4.810137802
330,Schizokinen,,3,2,0,0,0,0,0,0,0,0,0,1,0,0,0,6,Alpha-Hydroxycarboxylate/Hydroxamate,NIS,CC(=O)N(O)CCCNC(=O)CC(O)(CC(=O)NCCCN(O)C(C)=O)C(=O)O,"NAc-NOH-DAP, CitA, NAc-NOH-DAP",3,1,0,C16H28N4O9,420.415645,Anabaena sp.; Priestia megaterium; Rhizobium leguminosarum,1,0,0,0,0,0.333333333,0.333333333,0.333333333,0,0,0,0,0,0,0,0,Cyanobacteriota/Bacillota/Pseudomonadota,Dab derivatives,,CitA,,,,,,"Mullis, Kary B., J. R. Pollack, and J. B. Neilands. ""Structure of schizokinen, an iron-transport compound from Bacillus megaterium."" Biochemistry 10.26 (1971): 4894-4898.; Simpson, Frank B., and J. B. Neilands. ""Siderochromes in cyanophyceae: Isolation and characterization of schizokinen from Anabaena sp. 1."" Journal of phycology 12.1 (1976): 44-48.; Bergeron, Raymond J., and Otto Phanstiel IV. ""The total synthesis of nannochelin: a novel cinnamoyl hydroxamate-containing siderophore."" The Journal of Organic Chemistry 57.26 (1992): 7140-7143.; Storey, E. P., et al. ""Characterization of ‘Schizokinen’: a dihydroxamate-type siderophore produced by Rhizobium leguminosarum IARI 917."" Biometals 19 (2006): 637-649.; Leao, Pedro N., et al. ""The chemical ecology of cyanobacteria."" Natural product reports 29.3 (2012): 372-391.",,,,,,16,28,4,9,0,0.571428571,4,1.777777778,0,Shaohua Gu; Ruolin He,3,9,9,-1.056,4.732098335
332,Fradiamine A,,2,2,0,0,1,0,0,0,0,0,0,0,0,0,-1,6,Carboxylate/Hydroxamate,NIS,CC(=O)N(O)CCCCNC(=O)C(O)(CC(=O)O)CC(=O)NCCCN(O)C(C)=O,"NAc-NOH-DAP, CitA, NAc-NOH-Put",3,1,0,C17H30N4O9,434.442267,Streptomyces fradiae MM456M-Mf7; Streptomyces sp. FIMYZ-003,1,0,0,0,1,0,0,0,0,0,0,0,0,0,0,0,Actinomycetota,Dab derivatives; Orn derivatives,,,,,,,,"Takehana, Yasuhiro, et al. ""Fradiamine A, a new siderophore from the deep-sea actinomycete Streptomyces fradiae MM456M-mF7."" The Journal of Antibiotics 70.5 (2017): 611-615.; Chen, Jianwei, et al. ""Discovery of new siderophores from a marine Streptomycetes sp. via combined metabolomics and analysis of iron-chelating activity."" Journal of Agricultural and Food Chemistry 71.17 (2023): 6584-6593.","Chen, Jianwei, et al. ""Discovery of new siderophores from a marine Streptomycetes sp. via combined metabolomics and analysis of iron-chelating activity."" Journal of Agricultural and Food Chemistry 71.17 (2023): 6584-6593.",,,,,17,30,4,9,0,0.566666667,4.25,1.888888889,0,Ruolin He,3,9,11,-1.175,4.667242241
333,Fradiamine B,,2,2,0,0,1,0,0,0,0,0,0,0,0,0,-1,6,Carboxylate/Hydroxamate,NIS,CC(=O)N(O)CCCCCNC(=O)C(O)(CC(=O)O)CC(=O)NCCCN(O)C(C)=O,"NAc-NOH-Cad, CitA, NAc-NOH-DAP",3,1,0,C18H32N4O9,448.468889,Streptomyces fradiae MM456M-Mf7; Streptomyces sp. FIMYZ-003,1,0,0,0,1,0,0,0,0,0,0,0,0,0,0,0,Actinomycetota,Dab derivatives; Lys derivatives,,,,,,,,"Takehana, Yasuhiro, et al. ""Fradiamine A, a new siderophore from the deep-sea actinomycete Streptomyces fradiae MM456M-mF7."" The Journal of Antibiotics 70.5 (2017): 611-615.; Chen, Jianwei, et al. ""Discovery of new siderophores from a marine Streptomycetes sp. via combined metabolomics and analysis of iron-chelating activity."" Journal of Agricultural and Food Chemistry 71.17 (2023): 6584-6593.","Chen, Jianwei, et al. ""Discovery of new siderophores from a marine Streptomycetes sp. via combined metabolomics and analysis of iron-chelating activity."" Journal of Agricultural and Food Chemistry 71.17 (2023): 6584-6593.",,,,,18,32,4,9,0,0.5625,4.5,2,0,Ruolin He,3,9,12,-1.308,4.605436226
329,Arthrobactin,,1,2,0,0,0,0,0,0,0,0,0,1,0,0,0,6,Alpha-Hydroxycarboxylate/Hydroxamate,NIS,CC(=O)N(O)CCCCCNC(=O)CC(O)(CC(=O)NCCCCCN(O)C(C)=O)C(=O)O,"NAc-NOH-Cad, CitA, NAc-NOH-Cad",3,1,0,C20H36N4O9,476.522133,Arthrobacter pascens,1,0,0,0,1,0,0,0,0,0,0,0,0,0,0,0,Actinomycetota,Lys derivatives,,CitA,,,,,,"Linke, W-D., A. Crueger, and H. Diekmann. ""Stoffwechselprodukte von Mikroorganismen."" Archives of Microbiology 85.1 (1972): 44-50.; Bergeron, Raymond J., and Otto Phanstiel IV. ""The total synthesis of nannochelin: a novel cinnamoyl hydroxamate-containing siderophore."" The Journal of Organic Chemistry 57.26 (1992): 7140-7143.; Hider, Robert C., and Xiaole Kong. ""Chemistry and biology of siderophores."" Natural product reports 27.5 (2010): 637-657.",,,,,,20,36,4,9,0,0.555555556,5,2.222222222,0,Shaohua Gu; Ruolin He,3,9,8,-1.61,4.490059781
908,Synechobactin C9,,1,2,0,0,0,0,0,0,0,0,0,1,0,0,0,6,Alpha-Hydroxycarboxylate/Hydroxamate,NIS,CCCCCCCCC(=O)N(O)CCCNC(=O)CC(O)(CC(=O)NCCCN(O)C(C)=O)C(=O)O,"NOH-DAP, CitA, NAc-NOH-DAP, C9:0",4,1,0,C23H42N4O9,518.601999,Synechococcus sp. PCC 7002,1,0,0,0,0,1,0,0,0,0,0,0,0,0,0,0,Cyanobacteriota,Dab derivatives,,CitA,,,,,,"Boiteau, Rene M., and Daniel J. Repeta. ""An extended siderophore suite from Synechococcus sp. PCC 7002 revealed by LC-ICPMS-ESIMS."" Metallomics 7.5 (2015): 877-884.","Pei, Shengxiang, et al. ""Complete genome sequence of Streptomyces sp. HSG2 from rhizosphere soil of mangrove in Qingmei Gang, Sanya."" Archives of Microbiology 203.6 (2021): 3519-3524.",,,,,23,42,4,9,0,0.547619048,5.75,2.555555556,0,Yanzhao Wu; Jiqi Shao; Ruolin He,3,9,15,-2.192,4.33473604
907,Synechobactin C16,,1,2,0,0,0,0,0,0,0,0,0,1,0,0,0,6,Alpha-Hydroxycarboxylate/Hydroxamate,NIS,CCCCCCCCCCCCCCCC(=O)N(O)CCCNC(=O)CC(O)(CC(=O)NCCCN(O)C(C)=O)C(=O)O,"NOH-DAP, C16:0, CitA, NAc-NOH-DAP",4,1,0,C30H56N4O9,616.788353,Synechococcus sp. PCC 7002,1,0,0,0,0,1,0,0,0,0,0,0,0,0,0,0,Cyanobacteriota,Dab derivatives,,CitA,,,,,,"Boiteau, Rene M., and Daniel J. Repeta. ""An extended siderophore suite from Synechococcus sp. PCC 7002 revealed by LC-ICPMS-ESIMS."" Metallomics 7.5 (2015): 877-884.","Pei, Shengxiang, et al. ""Complete genome sequence of Streptomyces sp. HSG2 from rhizosphere soil of mangrove in Qingmei Gang, Sanya."" Archives of Microbiology 203.6 (2021): 3519-3524.",,,,,30,56,4,9,0,0.535714286,7.5,3.333333333,0,Yanzhao Wu; Jiqi Shao; Ruolin He,3,9,16,-3.737,4.035629878
906,Synechobactin C14,,1,2,0,0,0,0,0,0,0,0,0,1,0,0,0,6,Alpha-Hydroxycarboxylate/Hydroxamate,NIS,CCCCCCCCCCCCCC(=O)N(O)CCCNC(=O)CC(O)(CC(=O)NCCCN(O)C(C)=O)C(=O)O,"NOH-DAP, C14:0, CitA, NAc-NOH-DAP",4,1,0,C28H52N4O9,588.735109,Synechococcus sp. PCC 7002,1,0,0,0,0,1,0,0,0,0,0,0,0,0,0,0,Cyanobacteriota,Dab derivatives,,CitA,,,,,,"Boiteau, Rene M., and Daniel J. Repeta. ""An extended siderophore suite from Synechococcus sp. PCC 7002 revealed by LC-ICPMS-ESIMS."" Metallomics 7.5 (2015): 877-884.","Pei, Shengxiang, et al. ""Complete genome sequence of Streptomyces sp. HSG2 from rhizosphere soil of mangrove in Qingmei Gang, Sanya."" Archives of Microbiology 203.6 (2021): 3519-3524.",,,,,28,52,4,9,0,0.538461538,7,3.111111111,0,Yanzhao Wu; Jiqi Shao; Ruolin He,3,9,17,-3.282,4.113503382
905,Synechobactin C13,,1,2,0,0,0,0,0,0,0,0,0,1,0,0,0,6,Alpha-Hydroxycarboxylate/Hydroxamate,NIS,CCCCCCCCCCCCC(=O)N(O)CCCNC(=O)CC(O)(CC(=O)NCCCN(O)C(C)=O)C(=O)O,"NOH-DAP, C13:0, CitA, NAc-NOH-DAP",4,1,0,C27H50N4O9,574.708487,Synechococcus sp. PCC 7002,1,0,0,0,0,1,0,0,0,0,0,0,0,0,0,0,Cyanobacteriota,Dab derivatives,,CitA,,,,,,"Boiteau, Rene M., and Daniel J. Repeta. ""An extended siderophore suite from Synechococcus sp. PCC 7002 revealed by LC-ICPMS-ESIMS."" Metallomics 7.5 (2015): 877-884.","Pei, Shengxiang, et al. ""Complete genome sequence of Streptomyces sp. HSG2 from rhizosphere soil of mangrove in Qingmei Gang, Sanya."" Archives of Microbiology 203.6 (2021): 3519-3524.",,,,,27,50,4,9,0,0.54,6.75,3,0,Yanzhao Wu; Jiqi Shao; Ruolin He,3,9,18,-3.054,4.154529941
904,Synechobactin C11,,1,2,0,0,0,0,0,0,0,0,0,1,0,0,0,6,Alpha-Hydroxycarboxylate/Hydroxamate,NIS,CCCCCCCCCCC(=O)N(O)CCCNC(=O)CC(O)(CC(=O)NCCCN(O)C(C)=O)C(=O)O,"NOH-DAP, C11:0, NAc-NOH-DAP, CitA",4,1,0,C25H46N4O9,546.655243,Synechococcus sp. PCC 7002,1,0,0,0,0,1,0,0,0,0,0,0,0,0,0,0,Cyanobacteriota,Dab derivatives,,CitA,,,,,,"Boiteau, Rene M., and Daniel J. Repeta. ""An extended siderophore suite from Synechococcus sp. PCC 7002 revealed by LC-ICPMS-ESIMS."" Metallomics 7.5 (2015): 877-884.","Pei, Shengxiang, et al. ""Complete genome sequence of Streptomyces sp. HSG2 from rhizosphere soil of mangrove in Qingmei Gang, Sanya."" Archives of Microbiology 203.6 (2021): 3519-3524.",,,,,25,46,4,9,0,0.543478261,6.25,2.777777778,0,Yanzhao Wu; Jiqi Shao; Ruolin He,3,9,19,-2.611,4.241206285
327,Synechobactin C,Synechobactin C8,1,2,0,0,0,0,0,0,0,0,0,1,0,0,0,6,Alpha-Hydroxycarboxylate/Hydroxamate,NIS,CCCCCCCC(=O)N(O)CCCNC(=O)CC(O)(CC(=O)NCCCN(O)C(C)=O)C(=O)O,"NOH-DAP, CitA, NAc-NOH-DAP, C8:0",4,1,0,C22H40N4O9,504.575377,Synechococcus sp. PCC 7002,1,0,0,0,0,1,0,0,0,0,0,0,0,0,0,0,Cyanobacteriota,Dab derivatives,,CitA,,,,,,"Ito, Yusai, and Alison Butler. ""Structure of synechobactins, new siderophores of the marine cyanobacterium Synechococcus sp. PCC 7002."" Limnology and Oceanography 50.6 (2005): 1918-1923.; Leao, Pedro N., et al. ""The chemical ecology of cyanobacteria."" Natural product reports 29.3 (2012): 372-391.","Pei, Shengxiang, et al. ""Complete genome sequence of Streptomyces sp. HSG2 from rhizosphere soil of mangrove in Qingmei Gang, Sanya."" Archives of Microbiology 203.6 (2021): 3519-3524.",,,,,22,40,4,9,0,0.55,5.5,2.444444444,0,Shaohua Gu; Ruolin He,3,9,6,-1.996,4.384367019
328,Synechobactin B,Synechobactin C10,1,2,0,0,0,0,0,0,0,0,0,1,0,0,0,6,Alpha-Hydroxycarboxylate/Hydroxamate,NIS,CCCCCCCCCC(=O)N(O)CCCNC(=O)CC(O)(CC(=O)NCCCN(O)C(C)=O)C(=O)O,"NOH-DAP, CitA, C10:0, NAc-NOH-DAP",4,1,0,C24H44N4O9,532.628621,Synechococcus sp. PCC 7002,1,0,0,0,0,1,0,0,0,0,0,0,0,0,0,0,Cyanobacteriota,Dab derivatives,,CitA,,,,,,"Ito, Yusai, and Alison Butler. ""Structure of synechobactins, new siderophores of the marine cyanobacterium Synechococcus sp. PCC 7002."" Limnology and Oceanography 50.6 (2005): 1918-1923.; Leao, Pedro N., et al. ""The chemical ecology of cyanobacteria."" Natural product reports 29.3 (2012): 372-391.","Pei, Shengxiang, et al. ""Complete genome sequence of Streptomyces sp. HSG2 from rhizosphere soil of mangrove in Qingmei Gang, Sanya."" Archives of Microbiology 203.6 (2021): 3519-3524.",,,,,24,44,4,9,0,0.545454545,6,2.666666667,0,Shaohua Gu; Ruolin He,3,9,7,-2.397,4.287058022
326,Synechobactin A,Synechobactin C12,1,2,0,0,0,0,0,0,0,0,0,1,0,0,0,6,Alpha-Hydroxycarboxylate/Hydroxamate,NIS,CCCCCCCCCCCC(=O)N(O)CCCNC(=O)CC(O)(CC(=O)NCCCN(O)C(C)=O)C(=O)O,"NOH-DAP, CitA, C12:0, NAc-NOH-DAP",4,1,0,C26H48N4O9,560.681865,Synechococcus sp. PCC 7002,1,0,0,0,0,1,0,0,0,0,0,0,0,0,0,0,Cyanobacteriota,Dab derivatives,,CitA,,,,,,"Ito, Yusai, and Alison Butler. ""Structure of synechobactins, new siderophores of the marine cyanobacterium Synechococcus sp. PCC 7002."" Limnology and Oceanography 50.6 (2005): 1918-1923.; Leao, Pedro N., et al. ""The chemical ecology of cyanobacteria."" Natural product reports 29.3 (2012): 372-391.","Pei, Shengxiang, et al. ""Complete genome sequence of Streptomyces sp. HSG2 from rhizosphere soil of mangrove in Qingmei Gang, Sanya."" Archives of Microbiology 203.6 (2021): 3519-3524.",,,,,26,48,4,9,0,0.541666667,6.5,2.888888889,0,Shaohua Gu; Ruolin He,3,9,5,-2.83,4.197065401
655,C12 acylated desferrioxamine+200+200+30,,1,6,0,0,0,0,0,0,0,0,0,0,0,0,0,12,Hydroxamate,NIS,CCCCCCCCCCCCC(=O)N(O)CCCCCNC(=O)CCC(=O)N(O)CCCCCNC(=O)CCC(=O)N(O)CCCCCNC(=O)CCC(=O)N(O)CCCCCNC(=O)CCC(=O)N(O)CCCN(O)C(C)=O,"NOH-Cad, Suc, NOH-Cad, C13:0, Suc, NOH-Cad, Suc, NOH-Cad, Suc, NAcOH-NOH-DAP",10,1,0,C54H100N10O16,1145.43157,Streptomyces ambofaciens ATCC 23877,1,0,0,0,1,0,0,0,0,0,0,0,0,0,0,0,Actinomycetota,Dab derivatives; Lys derivatives,,,,,,,,"Su, Li, et al. ""Biosynthesis of novel desferrioxamine derivatives requires unprecedented crosstalk between separate NRPS-independent siderophore pathways."" Applied and Environmental Microbiology (2024): e02115-23.","Su, Li, et al. ""Biosynthesis of novel desferrioxamine derivatives requires unprecedented crosstalk between separate NRPS-independent siderophore pathways."" Applied and Environmental Microbiology (2024): e02115-23.",,,,,54,100,10,16,0,0.54,5.4,3.375,0,Ruolin He,3,10,38,-4.624,3.146653019
657,C12 acylated desferrioxamine+30,,1,4,0,0,0,0,0,0,0,0,0,0,0,0,0,8,Hydroxamate,NIS,CCCCCCCCCCCCC(=O)N(O)CCCCCNC(=O)CCC(=O)N(O)CCCCCNC(=O)CCC(=O)N(O)CCCN(O)C(C)=O,"NOH-Cad, Suc, NOH-Cad, Suc, C13:0, NAcOH-NOH-DAP",6,1,0,C36H68N6O10,744.960896,Streptomyces ambofaciens ATCC 23877,1,0,0,0,1,0,0,0,0,0,0,0,0,0,0,0,Actinomycetota,Dab derivatives; Lys derivatives,,,,,,,,"Su, Li, et al. ""Biosynthesis of novel desferrioxamine derivatives requires unprecedented crosstalk between separate NRPS-independent siderophore pathways."" Applied and Environmental Microbiology (2024): e02115-23.","Su, Li, et al. ""Biosynthesis of novel desferrioxamine derivatives requires unprecedented crosstalk between separate NRPS-independent siderophore pathways."" Applied and Environmental Microbiology (2024): e02115-23.",,,,,36,68,6,10,0,0.529411765,6,3.6,0,Ruolin He,3,10,37,-4.462,3.736841234
656,C12 acylated desferrioxamine+200+30,,1,5,0,0,0,0,0,0,0,0,0,0,0,0,0,10,Hydroxamate,NIS,CCCCCCCCCCCCC(=O)N(O)CCCCCNC(=O)CCC(=O)N(O)CCCCCNC(=O)CCC(=O)N(O)CCCCCNC(=O)CCC(=O)N(O)CCCN(O)C(C)=O,"NOH-Cad, Suc, NOH-Cad, C13:0, Suc, NOH-Cad, Suc, NAcOH-NOH-DAP",8,1,0,C45H84N8O13,945.196233,Streptomyces ambofaciens ATCC 23877,1,0,0,0,1,0,0,0,0,0,0,0,0,0,0,0,Actinomycetota,Dab derivatives; Lys derivatives,,,,,,,,"Su, Li, et al. ""Biosynthesis of novel desferrioxamine derivatives requires unprecedented crosstalk between separate NRPS-independent siderophore pathways."" Applied and Environmental Microbiology (2024): e02115-23.","Su, Li, et al. ""Biosynthesis of novel desferrioxamine derivatives requires unprecedented crosstalk between separate NRPS-independent siderophore pathways."" Applied and Environmental Microbiology (2024): e02115-23.",,,,,45,84,8,13,0,0.535714286,5.625,3.461538462,0,Ruolin He,3,10,36,-4.564,3.395876899
334,FW0622,,1,2,0,0,0,0,0,0,0,0,0,0,0,0,0,4,Hydroxamate,NIS,CCCCC/C=C/CCC(=O)NCCCCCN(O)C(=O)CCC(=O)NCCCCCN(O)C(C)=O,"NAc-NOH-Cad, Suc, NOH-Cad, C10:1(2)",4,1,0,C26H48N4O6,512.68365,Verrucosispora sp. FIM060022,1,0,0,0,1,0,0,0,0,0,0,0,0,0,0,0,Actinomycetota,Lys derivatives,,,,,,,,"Zhao, Wei, et al. ""FW0622, a new siderophore isolated from marine Verrucosispora sp. by genomic mining."" Natural product research 34.21 (2020): 3082-3088.","Zhao, Wei, et al. ""FW0622, a new siderophore isolated from marine Verrucosispora sp. by genomic mining."" Natural product research 34.21 (2020): 3082-3088.",,,,,26,48,4,6,0,0.541666667,6.5,4.333333333,0,Ruolin He,3,10,1,-3.915,4.355431261
757,Bisucaberin 07,,1,1,0,0,0,0,0,0,0,0,0,0,0,0,0,2,Hydroxamate,NIS,CCCCC(=O)NC(=O)CCC(=O)N(O)CCCCCN,"NOH-Cad, SucAA, Vaa",3,1,0,C14H27N3O4,301.382496,Streptomyces chartreusis NRRL 3882,1,0,0,0,1,0,0,0,0,0,0,0,0,0,0,0,Actinomycetota,Lys derivatives,,,,,,,,"Senges, Christoph HR, et al. ""The secreted metabolome of Streptomyces chartreusis and implications for bacterial chemistry."" Proceedings of the National Academy of Sciences 115.10 (2018): 2490-2495.",,,,,,14,27,3,4,0,0.518518519,4.666666667,3.5,0,Yanzhao Wu; Jiqi Shao; Ruolin He,3,10,35,-1.6,5.453321969
728,Amphiphilic ferrioxamine 11,,1,3,0,0,0,0,0,0,0,0,0,0,0,0,0,6,Hydroxamate,NIS,CCCCCCCCCCC/C=C/C(=O)N(O)CCCCCNC(=O)CCC(=O)N(O)CCCCCNC(=O)CCC(=O)N(O)CCCCCN,"NOH-Cad, Suc, NOH-Cad, C14:1(7), NOH-Cad, Suc",6,1,0,C37H70N6O8,726.988708,Streptomyces coelicolor M145,1,0,0,0,1,0,0,0,0,0,0,0,0,0,0,0,Actinomycetota,Lys derivatives,,,,,,,,"Sidebottom, Ashley M., et al. ""Integrated metabolomics approach facilitates discovery of an unpredicted natural product suite from Streptomyces coelicolor M145."" ACS chemical biology 8.9 (2013): 2009-2016.","Barona-Gómez, Francisco, et al. ""Identification of a Cluster of Genes that Directs Desferrioxamine Biosynthesis in Streptomyces c oelicolor M145."" Journal of the American Chemical Society 126.50 (2004): 16282-16283.; Ronan, Jade L., et al. ""Desferrioxamine biosynthesis: diverse hydroxamate assembly by substrate-tolerant acyl transferase DesC."" Philosophical Transactions of the Royal Society B: Biological Sciences 373.1748 (2018): 20170068.",,,,,37,70,6,8,0,0.528571429,6.166666667,4.625,0,Yanzhao Wu; Jiqi Shao; Ruolin He,3,10,47,-4.633,3.774005464
736,Amphiphilic ferrioxamine 5,,1,3,0,0,0,0,0,0,0,0,0,0,0,0,0,6,Hydroxamate,NIS,CCCCCCCCC/C=C/C(=O)N(O)CCCCCNC(=O)CCC(=O)N(O)CCCCCNC(=O)CCC(=O)N(O)CCCCCN,"NOH-Cad, Suc, Suc, NOH-Cad, NOH-Cad, C12:1(5)",6,1,0,C35H66N6O8,698.935464,Streptomyces coelicolor M145,1,0,0,0,1,0,0,0,0,0,0,0,0,0,0,0,Actinomycetota,Lys derivatives,,,,,,,,"Sidebottom, Ashley M., et al. ""Integrated metabolomics approach facilitates discovery of an unpredicted natural product suite from Streptomyces coelicolor M145."" ACS chemical biology 8.9 (2013): 2009-2016.","Barona-Gómez, Francisco, et al. ""Identification of a Cluster of Genes that Directs Desferrioxamine Biosynthesis in Streptomyces c oelicolor M145."" Journal of the American Chemical Society 126.50 (2004): 16282-16283.; Ronan, Jade L., et al. ""Desferrioxamine biosynthesis: diverse hydroxamate assembly by substrate-tolerant acyl transferase DesC."" Philosophical Transactions of the Royal Society B: Biological Sciences 373.1748 (2018): 20170068.",,,,,35,66,6,8,0,0.53030303,5.833333333,4.375,0,Yanzhao Wu; Jiqi Shao; Ruolin He,3,10,48,-4.257,3.834798258
739,Amphiphilic ferrioxamine 8,,1,3,0,0,0,0,0,0,0,0,0,0,0,0,0,6,Hydroxamate,NIS,CCCCCCCCCC/C=C/C(=O)N(O)CCCCCNC(=O)CCC(=O)N(O)CCCCCNC(=O)CCC(=O)N(O)CCCCCN,"NOH-Cad, Suc, Suc, NOH-Cad, NOH-Cad, C13:1(2)",6,1,0,C36H68N6O8,712.962086,Streptomyces coelicolor M145,1,0,0,0,1,0,0,0,0,0,0,0,0,0,0,0,Actinomycetota,Lys derivatives,,,,,,,,"Sidebottom, Ashley M., et al. ""Integrated metabolomics approach facilitates discovery of an unpredicted natural product suite from Streptomyces coelicolor M145."" ACS chemical biology 8.9 (2013): 2009-2016.","Barona-Gómez, Francisco, et al. ""Identification of a Cluster of Genes that Directs Desferrioxamine Biosynthesis in Streptomyces c oelicolor M145."" Journal of the American Chemical Society 126.50 (2004): 16282-16283.; Ronan, Jade L., et al. ""Desferrioxamine biosynthesis: diverse hydroxamate assembly by substrate-tolerant acyl transferase DesC."" Philosophical Transactions of the Royal Society B: Biological Sciences 373.1748 (2018): 20170068.",,,,,36,68,6,8,0,0.529411765,6,4.5,0,Yanzhao Wu; Jiqi Shao; Ruolin He,3,10,49,-4.449,3.803962097
731,Amphiphilic ferrioxamine 14,,1,3,0,0,0,0,0,0,0,0,0,0,0,0,0,6,Hydroxamate,NIS,CCCCCCCCCCCC/C=C/C(=O)N(O)CCCCCNC(=O)CCC(=O)N(O)CCCCCNC(=O)CCC(=O)N(O)CCCCCN,"NOH-Cad, Suc, NOH-Cad, C15:1(8), Suc, NOH-Cad",6,1,0,C38H72N6O8,741.01533,Streptomyces coelicolor M145,1,0,0,0,1,0,0,0,0,0,0,0,0,0,0,0,Actinomycetota,Lys derivatives,,,,,,,,"Sidebottom, Ashley M., et al. ""Integrated metabolomics approach facilitates discovery of an unpredicted natural product suite from Streptomyces coelicolor M145."" ACS chemical biology 8.9 (2013): 2009-2016.","Barona-Gómez, Francisco, et al. ""Identification of a Cluster of Genes that Directs Desferrioxamine Biosynthesis in Streptomyces c oelicolor M145."" Journal of the American Chemical Society 126.50 (2004): 16282-16283.; Ronan, Jade L., et al. ""Desferrioxamine biosynthesis: diverse hydroxamate assembly by substrate-tolerant acyl transferase DesC."" Philosophical Transactions of the Royal Society B: Biological Sciences 373.1748 (2018): 20170068.",,,,,38,72,6,8,0,0.527777778,6.333333333,4.75,0,Yanzhao Wu; Jiqi Shao; Ruolin He,3,10,50,-4.807,3.744886571
733,Amphiphilic ferrioxamine 2,,1,3,0,0,0,0,0,0,0,0,0,0,0,0,0,6,Hydroxamate,NIS,CCCCCCCC/C=C/C(=O)N(O)CCCCCNC(=O)CCC(=O)N(O)CCCCCNC(=O)CCC(=O)N(O)CCCCCN,"NOH-Cad, Suc, NOH-Cad, Suc, NOH-Cad, C11:1(2)",6,1,0,C34H64N6O8,684.908842,Streptomyces coelicolor M145,1,0,0,0,1,0,0,0,0,0,0,0,0,0,0,0,Actinomycetota,Lys derivatives,,,,,,,,"Sidebottom, Ashley M., et al. ""Integrated metabolomics approach facilitates discovery of an unpredicted natural product suite from Streptomyces coelicolor M145."" ACS chemical biology 8.9 (2013): 2009-2016.","Barona-Gómez, Francisco, et al. ""Identification of a Cluster of Genes that Directs Desferrioxamine Biosynthesis in Streptomyces c oelicolor M145."" Journal of the American Chemical Society 126.50 (2004): 16282-16283.; Ronan, Jade L., et al. ""Desferrioxamine biosynthesis: diverse hydroxamate assembly by substrate-tolerant acyl transferase DesC."" Philosophical Transactions of the Royal Society B: Biological Sciences 373.1748 (2018): 20170068.",,,,,34,64,6,8,0,0.53125,5.666666667,4.25,0,Yanzhao Wu; Jiqi Shao; Ruolin He,3,10,51,-4.056,3.866558731
909,Tenacibactin K,,1,3,0,0,0,0,0,0,0,0,0,0,0,0,0,6,Hydroxamate,Putative NIS,CC(C)CCCCCCCCC/C=C\C(=O)N(O)CCCCCNC(=O)CCC(=O)N(O)CCCCCNC(=O)CCC(=O)NO,"NOH-Cad, NOH-SucAA, NOH-Cad, Suc, iC15:1(2)",5,1,0,C33H61N5O8,655.867576,Tenacibaculum sp. C16-1,1,0,0,0,0,0,0,0,1,0,0,0,0,0,0,0,Bacteroidota,Lys derivatives,,,,,,,,"Igarashi, Yasuhiro, et al. ""Tenacibactins K–M, cytotoxic siderophores from a coral-associated gliding bacterium of the genus Tenacibaculum."" Beilstein Journal of Organic Chemistry 18.1 (2022): 110-119.",,,,,,33,61,5,8,0,0.540983607,6.6,4.125,0,Yanzhao Wu; Jiqi Shao; Ruolin He,3,10,52,-4.759,3.935466275
910,Tenacibactin L,,1,3,0,0,0,0,0,0,0,0,0,0,0,0,0,6,Hydroxamate,Putative NIS,CC(C)CCCCCCC/C=C\CCC(=O)N(O)CCCCCNC(=O)CCC(=O)N(O)CCCCCNC(=O)CCC(=O)NO,"NOH-Cad, iC15:1(2), NOH-Cad, NOH-SucAA, Suc",5,1,0,C33H61N5O8,655.867576,Tenacibaculum sp. C16-1,1,0,0,0,0,0,0,0,1,0,0,0,0,0,0,0,Bacteroidota,Lys derivatives,,,,,,,,"Igarashi, Yasuhiro, et al. ""Tenacibactins K–M, cytotoxic siderophores from a coral-associated gliding bacterium of the genus Tenacibaculum."" Beilstein Journal of Organic Chemistry 18.1 (2022): 110-119.",,,,,,33,61,5,8,0,0.540983607,6.6,4.125,0,Yanzhao Wu; Jiqi Shao; Ruolin He,3,10,53,-4.743,3.935466275
911,Tenacibactin M,,1,3,0,0,0,0,0,0,0,0,0,0,0,0,0,6,Hydroxamate,Putative NIS,CC(C)CCCCCCCCCCCC(=O)N(O)CCCCCNC(=O)CCC(=O)N(O)CCCCCNC(=O)CCC(=O)NO,"NOH-Cad, NOH-SucAA, NOH-Cad, Suc, iC15:0",5,1,0,C33H63N5O8,657.883458,Tenacibaculum sp. C16-1,1,0,0,0,0,0,0,0,1,0,0,0,0,0,0,0,Bacteroidota,Lys derivatives,,,,,,,,"Igarashi, Yasuhiro, et al. ""Tenacibactins K–M, cytotoxic siderophores from a coral-associated gliding bacterium of the genus Tenacibaculum."" Beilstein Journal of Organic Chemistry 18.1 (2022): 110-119.",,,,,,33,63,5,8,0,0.523809524,6.6,4.125,0,Yanzhao Wu; Jiqi Shao; Ruolin He,3,10,54,-4.798,3.93053881
356,Acyl-desferrioxamine 5,Acyl-ferrioxamine 5,1,3,0,0,0,0,0,0,0,0,0,0,0,0,0,6,Hydroxamate,NIS,CC[C@H](C)CCCCC(=O)N(O)CCCCCNC(=O)CCC(=O)N(O)CCCCCNC(=O)CCC(=O)N(O)CCCCCNC(C)=O,"NAc-7OH-Cad, Suc, NOH-Cad, aC9:0, Suc, NOH-Cad",6,1,0,C34H64N6O9,700.908247,Micrococcus luteus,1,0,0,0,1,0,0,0,0,0,0,0,0,0,0,0,Actinomycetota,Lys derivatives,,,,,,,,"D'Onofrio, Anthony, et al. ""Siderophores from neighboring organisms promote the growth of uncultured bacteria."" Chemistry & biology 17.3 (2010): 254-264.",,,,,,34,64,6,9,0,0.53125,5.666666667,3.777777778,0,Shaohua Gu; Ruolin He,3,10,23,-4.077,3.830406491
358,Methyl Danoxamin,,1,3,0,0,0,0,0,0,0,0,0,0,0,0,0,6,Hydroxamate,NIS,COC(=O)CCC(=O)N(O)CCCCCNC(=O)CCC(=O)N(O)CCCCCNC(=O)CCC(=O)N(O)CCCCO,"4NH2OH-Butanol, Suc, NOH-Cad, Suc, NOH-Cad, OMe-Suc",6,1,0,C27H49N5O11,619.706059,Streptomyces albaduncus,1,0,0,0,1,0,0,0,0,0,0,0,0,0,0,0,Actinomycetota,Lys derivatives,,,,,,,,"Huber, Peter, Heinz Leuenberger, and Walter Keller‐Schierlein. ""Stoffwechselprodukte von Mikroorganismen. 233. Mitteilung. Danoxamin, der eisenbindende Teil des Sideromycin‐Antibioticums Danomycin."" Helvetica chimica acta 69.1 (1986): 236-245.",,,,,,27,49,5,11,0,0.551020408,5.4,2.454545455,0,Ruolin He,3,10,25,-2.355,4.027830999
357,Tenacibactin A,,1,1,0,0,0,0,0,0,0,0,0,0,0,0,0,2,Hydroxamate,Putative NIS,COC(=O)CCC(=O)NCCCCCN(O)C(=O)CC(C)C,"NOH-Cad, Iva, OMe-Suc",3,1,0,C15H28N2O5,316.393879,Tenacibaculum sp. A4K-17,1,0,0,0,0,0,0,0,1,0,0,0,0,0,0,0,Bacteroidota,Lys derivatives,,,,,,,,"Jang, Jae-Hyuk, et al. ""Tenacibactins A− D, Hydroxamate Siderophores from a Marine-Derived Bacterium, Tenacibaculum sp. A4K-17."" Journal of natural products 70.4 (2007): 563-566.",,,,,,15,28,2,5,0,0.535714286,7.5,3,0,Ruolin He,3,10,24,-2.155,5.340343964
361,Tenacibactin B,,1,1,0,0,1,0,0,0,0,0,0,0,0,0,0,3,Carboxylate/Hydroxamate,Putative NIS,CC(C)CC(=O)N(O)CCCCCNC(=O)CCC(=O)O,"NOH-Cad, Suc, Iva",3,1,0,C14H26N2O5,302.367257,Tenacibaculum sp. A4K-17,1,0,0,0,0,0,0,0,1,0,0,0,0,0,0,0,Bacteroidota,Lys derivatives,,,,,,,,"Jang, Jae-Hyuk, et al. ""Tenacibactins A− D, Hydroxamate Siderophores from a Marine-Derived Bacterium, Tenacibaculum sp. A4K-17."" Journal of natural products 70.4 (2007): 563-566.",,,,,,14,26,2,5,0,0.538461538,7,2.8,0,Ruolin He,3,10,28,-1.799,5.445652399
360,Tenacibactin C,,1,2,0,0,0,0,0,0,0,0,0,0,0,0,0,4,Hydroxamate,Putative NIS,CC(C)CC(=O)N(O)CCCCCNC(=O)CCC(=O)N(O)CCCCCNC(=O)CCC(=O)O,"NOH-Cad, Iva, NOH-Cad, Suc, Suc",5,1,0,C23H42N4O8,502.602594,Tenacibaculum sp. A4K-17,1,0,0,0,0,0,0,0,1,0,0,0,0,0,0,0,Bacteroidota,Lys derivatives,,,,,,,,"Jang, Jae-Hyuk, et al. ""Tenacibactins A− D, Hydroxamate Siderophores from a Marine-Derived Bacterium, Tenacibaculum sp. A4K-17."" Journal of natural products 70.4 (2007): 563-566.",,,,,,23,42,4,8,0,0.547619048,5.75,2.875,0,Ruolin He,3,10,27,-2.668,4.391511862
675,Fulvivirgamide B4,,1,3,0,0,0,0,0,0,0,0,0,0,0,0,0,6,Hydroxamate,NIS,CC(C)C(=O)NCCCCCN(O)C(=O)CCC(=O)NCCCCCN(O)C(=O)CCC(=O)NCCCCCN(O)C(=O)CCC(=O)O,"NOH-Cad, Suc, NOH-Cad, Suc, NOH-Cad, Suc, IBA",7,1,0,C31H56N6O11,688.811309,Fulvivirga sp. W222,1,0,0,0,0,0,0,0,1,0,0,0,0,0,0,0,Bacteroidota,Lys derivatives,,,,,,,,"Wang, Zong-Jie, et al. ""Genome mining and biosynthesis of primary amine-acylated desferrioxamines in a marine gliding bacterium."" Organic letters 22.3 (2020): 939-943.","Wang, Zong-Jie, et al. ""Genome mining and biosynthesis of primary amine-acylated desferrioxamines in a marine gliding bacterium."" Organic letters 22.3 (2020): 939-943.",,,,,31,56,6,11,0,0.553571429,5.166666667,2.818181818,0,Ruolin He,3,10,45,-3.053,3.857626864
359,Danoxamin,,1,3,0,0,0,0,0,0,0,0,0,0,0,0,0,6,Hydroxamate,NIS,O=C(O)CCC(=O)N(O)CCCCCNC(=O)CCC(=O)N(O)CCCCCNC(=O)CCC(=O)N(O)CCCCO,"NOH-Cad, Suc, NOH-Cad, Suc, 4NH2OH-Butanol, Suc",6,1,0,C26H47N5O11,605.679437,Streptomyces albaduncus,1,0,0,0,1,0,0,0,0,0,0,0,0,0,0,0,Actinomycetota,Lys derivatives,,,,,,,,"Huber, Peter, Heinz Leuenberger, and Walter Keller‐Schierlein. ""Stoffwechselprodukte von Mikroorganismen. 233. Mitteilung. Danoxamin, der eisenbindende Teil des Sideromycin‐Antibioticums Danomycin."" Helvetica chimica acta 69.1 (1986): 236-245.",,,,,,26,47,5,11,0,0.553191489,5.2,2.363636364,0,Ruolin He,3,10,26,-2.13,4.0658294
674,Fulvivirgamide B3,,1,3,0,0,0,0,0,0,0,0,0,0,0,0,0,6,Hydroxamate,NIS,CCC(=O)NCCCCCN(O)C(=O)CCC(=O)NCCCCCN(O)C(=O)CCC(=O)NCCCCCN(O)C(=O)CCC(=O)O,"Suc, Suc, NOH-Cad, Suc, NOH-Cad, NPr-NOH-Cad",6,1,0,C30H54N6O11,674.784687,Fulvivirga sp. W222,1,0,0,0,0,0,0,0,1,0,0,0,0,0,0,0,Bacteroidota,Lys derivatives,,,,,,,,"Wang, Zong-Jie, et al. ""Genome mining and biosynthesis of primary amine-acylated desferrioxamines in a marine gliding bacterium."" Organic letters 22.3 (2020): 939-943.","Wang, Zong-Jie, et al. ""Genome mining and biosynthesis of primary amine-acylated desferrioxamines in a marine gliding bacterium."" Organic letters 22.3 (2020): 939-943.",,,,,30,54,6,11,0,0.555555556,5,2.727272727,0,Ruolin He,3,10,44,-2.833,3.890084151
673,Fulvivirgamide B2,,1,3,0,0,0,0,0,0,0,0,0,0,0,0,0,6,Hydroxamate,NIS,CC(=O)NCCCCCN(O)C(=O)CCC(=O)NCCCCCN(O)C(=O)CCC(=O)NCCCCCN(O)C(=O)CCC(=O)O,"NOH-Cad, Suc, NOH-Cad, Suc, Suc, NAc-7OH-Cad",6,1,0,C29H52N6O11,660.758065,Fulvivirga sp. W222,1,0,0,0,0,0,0,0,1,0,0,0,0,0,0,0,Bacteroidota,Lys derivatives,,,,,,,,"Wang, Zong-Jie, et al. ""Genome mining and biosynthesis of primary amine-acylated desferrioxamines in a marine gliding bacterium."" Organic letters 22.3 (2020): 939-943.","Wang, Zong-Jie, et al. ""Genome mining and biosynthesis of primary amine-acylated desferrioxamines in a marine gliding bacterium."" Organic letters 22.3 (2020): 939-943.",,,,,29,52,6,11,0,0.557692308,4.833333333,2.636363636,0,Ruolin He,3,10,43,-2.617,3.923550711
667,Desoxy-desferrioxamine D1,,1,2,0,0,0,0,0,0,0,0,0,0,0,0,0,4,Hydroxamate,NIS,CC(=O)NCCCCCNC(=O)CCC(=O)N(O)CCCCCNC(=O)CCC(=O)N(O)CCCCCNC(C)=O,"NAc-7OH-Cad, Suc, NOH-Cad, Suc, NAc-Cad",5,1,0,C27H50N6O8,586.722488,Kribbella speibonae SK5,1,0,0,0,1,0,0,0,0,0,0,0,0,0,0,0,Actinomycetota,Lys derivatives,,,,,,,,"Acquah, Kojo Sekyi, et al. ""Novel South African rare actinomycete Kribbella speibonae strain SK5: a prolific producer of hydroxamate siderophores including new dehydroxylated congeners."" Molecules 25.13 (2020): 2979.","Barona-Gómez, Francisco, et al. ""Identification of a Cluster of Genes that Directs Desferrioxamine Biosynthesis in Streptomyces c oelicolor M145."" Journal of the American Chemical Society 126.50 (2004): 16282-16283.; Ronan, Jade L., et al. ""Desferrioxamine biosynthesis: diverse hydroxamate assembly by substrate-tolerant acyl transferase DesC."" Philosophical Transactions of the Royal Society B: Biological Sciences 373.1748 (2018): 20170068.",,,,,27,50,6,8,0,0.54,4.5,3.375,0,Ruolin He,3,10,42,-2.645,4.119300839
669,Didesoxy-desferrioxamine D1,,1,1,0,0,0,0,0,0,0,0,0,0,0,0,0,2,Hydroxamate,NIS,CC(=O)NCCCCCNC(=O)CCC(=O)NCCCCCNC(=O)CCC(=O)N(O)CCCCCNC(C)=O,"NAc-7OH-Cad, Suc, Cad, Suc, NAc-Cad",5,1,0,C27H50N6O7,570.723083,Kribbella speibonae SK5,1,0,0,0,1,0,0,0,0,0,0,0,0,0,0,0,Actinomycetota,Lys derivatives,,,,,,,,"Acquah, Kojo Sekyi, et al. ""Novel South African rare actinomycete Kribbella speibonae strain SK5: a prolific producer of hydroxamate siderophores including new dehydroxylated congeners."" Molecules 25.13 (2020): 2979.","Barona-Gómez, Francisco, et al. ""Identification of a Cluster of Genes that Directs Desferrioxamine Biosynthesis in Streptomyces c oelicolor M145."" Journal of the American Chemical Society 126.50 (2004): 16282-16283.; Ronan, Jade L., et al. ""Desferrioxamine biosynthesis: diverse hydroxamate assembly by substrate-tolerant acyl transferase DesC."" Philosophical Transactions of the Royal Society B: Biological Sciences 373.1748 (2018): 20170068.",,,,,27,50,6,7,0,0.54,4.5,3.857142857,0,Ruolin He,3,10,41,-2.731,4.1664581
335,Desferrioxamine D1,Ferrioxamine D1; Proferrioxamine D1,6,3,0,0,0,0,0,0,0,0,0,0,0,0,0,6,Hydroxamate,NIS,CC(=O)NCCCCCN(O)C(=O)CCC(=O)NCCCCCN(O)C(=O)CCC(=O)NCCCCCN(O)C(C)=O,"NAc-NOH-Cad, Suc, NOH-Cad, Suc, NAc-7OH-Cad",5,1,0,C27H50N6O9,602.721893,Nocardia sp.; Streptomyces sp.; Kribbella speibonae SK5; Streptomyces chartreusis NRRL 3882; Streptomyces venezuelae ATTC 10712; Streptomyces coelicolor M145,1,0,0,0,1,0,0,0,0,0,0,0,0,0,0,0,Actinomycetota,Lys derivatives,,,,,,,,"Keller‐Schierlein, W., and V. Prelog. ""Stoffwechselprodukte von Actinomyceten. 29. Mitteilung. Die Konstitution des Ferrioxamins D1."" Helvetica Chimica Acta 44.3 (1961): 709-713.; Senges, Christoph HR, et al. ""The secreted metabolome of Streptomyces chartreusis and implications for bacterial chemistry."" Proceedings of the National Academy of Sciences 115.10 (2018): 2490-2495.; Jones, Stephanie E., et al. ""Streptomyces volatile compounds influence exploration and microbial community dynamics by altering iron availability."" MBio 10.2 (2019): 10-1128.; Acquah, Kojo Sekyi, et al. ""Novel South African rare actinomycete Kribbella speibonae strain SK5: a prolific producer of hydroxamate siderophores including new dehydroxylated congeners."" Molecules 25.13 (2020): 2979.","Barona-Gómez, Francisco, et al. ""Identification of a Cluster of Genes that Directs Desferrioxamine Biosynthesis in Streptomyces c oelicolor M145."" Journal of the American Chemical Society 126.50 (2004): 16282-16283.; Ronan, Jade L., et al. ""Desferrioxamine biosynthesis: diverse hydroxamate assembly by substrate-tolerant acyl transferase DesC."" Philosophical Transactions of the Royal Society B: Biological Sciences 373.1748 (2018): 20170068.",,,,,27,50,6,9,0,0.54,4.5,3,0,Shaohua Gu; Ruolin He,3,10,2,-2.599,4.074007723
336,Desferrioxamine H,Ferrioxamine H; Proferrioxamine H,5,2,0,0,1,0,0,0,0,0,0,0,0,0,0,5,Carboxylate/Hydroxamate,NIS,CC(=O)N(O)CCCCCNC(=O)CCC(=O)N(O)CCCCCNC(=O)CCC(=O)O,"NOH-Cad, Suc, NAc-NOH-Cad, Suc",4,1,0,C20H36N4O8,460.522728,Streptomyces sp.; Streptomyces chartreusis NRRL 3882; Serratia sp.; Pantoea sp.; Stenotrophomonas sp.,1,0,0,0,0.4,0,0,0.6,0,0,0,0,0,0,0,0,Actinomycetota/Pseudomonadota,Lys derivatives,,,,,,,,"Adapa, Srinivas, Peter Hubtr, and Walter Keller‐Schierlein. ""Stoffwechselprodukte von Mikroorganismen. 216. Mitteilung. Isolierung, Strukturaufklärung und Synthese von Ferrioxamin H."" Helvetica Chimica Acta 65.6 (1982): 1818-1824.; Senges, Christoph HR, et al. ""The secreted metabolome of Streptomyces chartreusis and implications for bacterial chemistry."" Proceedings of the National Academy of Sciences 115.10 (2018): 2490-2495.; Gutiérrez-García, Karina, et al. ""Gut microbiomes of cycad-feeding insects tolerant to β-methylamino-L-alanine (BMAA) are rich in siderophore biosynthesis."" ISME communications 3.1 (2023): 122.","Barona-Gómez, Francisco, et al. ""Identification of a Cluster of Genes that Directs Desferrioxamine Biosynthesis in Streptomyces c oelicolor M145."" Journal of the American Chemical Society 126.50 (2004): 16282-16283.; Ronan, Jade L., et al. ""Desferrioxamine biosynthesis: diverse hydroxamate assembly by substrate-tolerant acyl transferase DesC."" Philosophical Transactions of the Royal Society B: Biological Sciences 373.1748 (2018): 20170068.",,,,,20,36,4,8,0,0.555555556,5,2.5,0,Shaohua Gu; Ruolin He,3,10,3,-1.971,4.554580247
774,Desferrioxamine 04,,1,3,0,0,0,0,0,0,0,0,0,0,0,0,0,6,Hydroxamate,NIS,CC(=O)N(O)CCCCCNC(=O)CCC(=O)N(O)CCCCCNC(=O)CCC(=O)N(O)CCCC(O)CN,"NAc-NOH-Cad, Suc, X0, Suc, NOH-Cad",5,0.775,1,C25H48N6O9,576.684531,Streptomyces chartreusis NRRL 3882,1,0,0,0,1,0,0,0,0,0,0,0,0,0,0,0,Actinomycetota,Lys derivatives,,,,,,,,"Senges, Christoph HR, et al. ""The secreted metabolome of Streptomyces chartreusis and implications for bacterial chemistry."" Proceedings of the National Academy of Sciences 115.10 (2018): 2490-2495.",,,,,,25,48,6,9,0,0.520833333,4.166666667,2.777777778,0,Yanzhao Wu; Jiqi Shao; Ruolin He,3,10,55,-1.806,4.148661003
337,Desferrioxamine A2,Ferrioxamine A2;  Proferrioxamine A2,4,3,0,0,0,0,0,0,0,0,0,0,0,0,0,6,Hydroxamate,NIS,CC(=O)N(O)CCCCNC(=O)CCC(=O)N(O)CCCCNC(=O)CCC(=O)N(O)CCCCCN,"NAc-NOH-Put, Suc, NOH-Cad, Suc, NOH-Put",5,1,0,C23H44N6O8,532.631882,Salinispora tropica CNB-440; Nocardia sp.; Streptomyces sp.; Streptomyces chartreusis NRRL 3882,1,0,0,0,1,0,0,0,0,0,0,0,0,0,0,0,Actinomycetota,Lys derivatives,,,,,,,,"Keller‐Schierlein, W., et al. ""Stoffwechselprodukte von Mikroorganismen 49. Mitteilung. Die Ferrioxamine A1, A2 und D2."" Helvetica Chimica Acta 48.4 (1965): 710-723.; Ejje, Najwa, et al. ""The variable hydroxamic acid siderophore metabolome of the marine actinomycete Salinispora tropica CNB-440."" Metallomics 5.11 (2013): 1519-1528.; Senges, Christoph HR, et al. ""The secreted metabolome of Streptomyces chartreusis and implications for bacterial chemistry."" Proceedings of the National Academy of Sciences 115.10 (2018): 2490-2495.","Barona-Gómez, Francisco, et al. ""Identification of a Cluster of Genes that Directs Desferrioxamine Biosynthesis in Streptomyces c oelicolor M145."" Journal of the American Chemical Society 126.50 (2004): 16282-16283.; Ronan, Jade L., et al. ""Desferrioxamine biosynthesis: diverse hydroxamate assembly by substrate-tolerant acyl transferase DesC."" Philosophical Transactions of the Royal Society B: Biological Sciences 373.1748 (2018): 20170068.",,,,,23,44,6,8,0,0.522727273,3.833333333,2.875,0,Shaohua Gu; Ruolin He,3,10,4,-1.838,4.287047154
339,Desferrioxamine N,Ferrioxamine N; Proferrioxamine N,1,3,0,0,0,0,0,0,0,0,0,0,0,0,0,6,Hydroxamate,NIS,CC(=O)N(O)CCCCCNC(=O)CCC(=O)N(O)CCCCCNC(=O)CCC(=O)N(O)CCCCCCN,"NOH-Cad, Suc, NAc-NOH-Cad, Suc, NOH-Had",5,1,0,C26H50N6O8,574.711748,Salinispora tropica,1,0,0,0,1,0,0,0,0,0,0,0,0,0,0,0,Actinomycetota,Lys derivatives,,,,,,,,"Ejje, Najwa, et al. ""The variable hydroxamic acid siderophore metabolome of the marine actinomycete Salinispora tropica CNB-440."" Metallomics 5.11 (2013): 1519-1528.","Barona-Gómez, Francisco, et al. ""Identification of a Cluster of Genes that Directs Desferrioxamine Biosynthesis in Streptomyces c oelicolor M145."" Journal of the American Chemical Society 126.50 (2004): 16282-16283.; Ronan, Jade L., et al. ""Desferrioxamine biosynthesis: diverse hydroxamate assembly by substrate-tolerant acyl transferase DesC."" Philosophical Transactions of the Royal Society B: Biological Sciences 373.1748 (2018): 20170068.",,,,,26,50,6,8,0,0.52,4.333333333,3.25,0,Ruolin He,3,10,6,-2.386,4.154520231
926,dDFx[00-],,2,2,0,0,0,0,0,0,0,0,0,0,0,0,0,4,Hydroxamate,NIS,CC(=O)N(O)CCCCCNC(=O)CCC(=O)N(O)CCCCCN,"NAc-NOH-Cad, Suc, NOH-Cad",3,1,0,C16H32N4O5,360.449789,Streptomyces chartreusis NRRL 3882; Streptomyces pilosus ATCC 19797,1,0,0,0,1,0,0,0,0,0,0,0,0,0,0,0,Actinomycetota,Lys derivatives,,,,,,,,"Telfer, Thomas J., et al. ""Mixing up the pieces of the desferrioxamine B jigsaw defines the biosynthetic sequence catalyzed by DesD."" ACS chemical biology 11.5 (2016): 1452-1462.; Senges, Christoph HR, et al. ""The secreted metabolome of Streptomyces chartreusis and implications for bacterial chemistry."" Proceedings of the National Academy of Sciences 115.10 (2018): 2490-2495.","Barona-Gómez, Francisco, et al. ""Identification of a Cluster of Genes that Directs Desferrioxamine Biosynthesis in Streptomyces c oelicolor M145."" Journal of the American Chemical Society 126.50 (2004): 16282-16283.; Ronan, Jade L., et al. ""Desferrioxamine biosynthesis: diverse hydroxamate assembly by substrate-tolerant acyl transferase DesC."" Philosophical Transactions of the Royal Society B: Biological Sciences 373.1748 (2018): 20170068.",,,,,16,32,4,5,0,0.5,4,3.2,0,Yanzhao Wu; Jiqi Shao; Ruolin He,3,10,56,-1.439,5.050658934
338,Desferrioxamine B,Ferrioxamine B; Desferrioxamine A1B; Proferrioxamine B; Deferoxamine; Desferoxamine B; Desferri-ferrioxamine B,18,3,0,0,0,0,0,0,0,0,0,0,0,0,0,6,Hydroxamate,NIS,CC(=O)N(O)CCCCCNC(=O)CCC(=O)N(O)CCCCCNC(=O)CCC(=O)N(O)CCCCCN,"NAc-NOH-Cad, Suc, NOH-Cad, Suc, NOH-Cad",5,1,0,C25H48N6O8,560.685126,Streptomyces coelicolor A3(2); Salinispora tropica; Streptomyces pilosus; Nocardia sp.; Streptomyces sp.; Kribbella speibonae SK5; Planomonospora sp.; Pimelobacter simplex 3E; Streptomyces sp. CC77; Streptomyces sp. CC71; Streptomyces sp. CC53; Streptomyces chartreusis NRRL 3882; Streptomyces venezuelae ATTC 10712; Streptomyces sp. TR1341; Serratia sp.; Pantoea sp.; Stenotrophomonas sp.; Streptomyces coelicolor M145,1,0,0,0,0.833333333,0,0,0.166666667,0,0,0,0,0,0,0,0,Actinomycetota/Pseudomonadota,Lys derivatives,,,,,,,,"Prelog, V., and A. Walser. ""Stoffwechselprodukte von Actinomyceten. 36. Mitteilung. Über die Synthese der Ferrioxamine B und D1."" Helvetica Chimica Acta 45.2 (1962): 631-637.; Müller, A., and H. Zähner. ""Stoffwechselprodukte von Mikroorganismen."" Archiv für Mikrobiologie 62.3 (1968): 257-263.; Müller, G., and KENNETH N. Raymond. ""Specificity and mechanism of ferrioxamine-mediated iron transport in Streptomyces pilosus."" Journal of bacteriology 160.1 (1984): 304-312.; Weinberg, Eugene D., and Jym Moon. ""Malaria and iron: history and review."" Drug metabolism reviews 41.4 (2009): 644-662.; Chiani, M., et al. ""Optimization of culture medium to increase the production of desferrioxamine B (Desferal) in Streptomyces pilosus."" Pakistan Journal of Biological Sciences 13.11 (2010): 546.; Patel, Prakash, Lijiang Song, and Gregory L. Challis. ""Distinct extracytoplasmic siderophore binding proteins recognize ferrioxamines and ferricoelichelin in Streptomyces coelicolor A3 (2)."" Biochemistry 49.37 (2010): 8033-8042.; Ejje, Najwa, et al. ""The variable hydroxamic acid siderophore metabolome of the marine actinomycete Salinispora tropica CNB-440."" Metallomics 5.11 (2013): 1519-1528.; Cruz-Morales, Pablo, et al. ""Actinobacteria phylogenomics, selective isolation from an iron oligotrophic environment and siderophore functional characterization, unveil new desferrioxamine traits."" FEMS Microbiology Ecology 93.9 (2017): fix086.; Senges, Christoph HR, et al. ""The secreted metabolome of Streptomyces chartreusis and implications for bacterial chemistry."" Proceedings of the National Academy of Sciences 115.10 (2018): 2490-2495.; Jones, Stephanie E., et al. ""Streptomyces volatile compounds influence exploration and microbial community dynamics by altering iron availability."" MBio 10.2 (2019): 10-1128.; Acquah, Kojo Sekyi, et al. ""Novel South African rare actinomycete Kribbella speibonae strain SK5: a prolific producer of hydroxamate siderophores including new dehydroxylated congeners."" Molecules 25.13 (2020): 2979.; Lara, Ana Catalina, et al. ""The genome analysis of the human lung-associated Streptomyces sp. TR1341 revealed the presence of beneficial genes for opportunistic colonization of human tissues."" Microorganisms 9.8 (2021): 1547.; Gutiérrez-García, Karina, et al. ""Gut microbiomes of cycad-feeding insects tolerant to β-methylamino-L-alanine (BMAA) are rich in siderophore biosynthesis."" ISME communications 3.1 (2023): 122.","Barona-Gómez, Francisco, et al. ""Identification of a Cluster of Genes that Directs Desferrioxamine Biosynthesis in Streptomyces c oelicolor M145."" Journal of the American Chemical Society 126.50 (2004): 16282-16283.; Ronan, Jade L., et al. ""Desferrioxamine biosynthesis: diverse hydroxamate assembly by substrate-tolerant acyl transferase DesC."" Philosophical Transactions of the Royal Society B: Biological Sciences 373.1748 (2018): 20170068.","Hider, Robert C., and Xiaole Kong. ""Chemistry and biology of siderophores."" Natural product reports 27.5 (2010): 637-657.",30.5,25,-468,25,48,6,8,0,0.520833333,4.166666667,3.125,0,Shaohua Gu; Ruolin He,3,10,5,-2.194,4.19705533
340,Desferrioxamine A1A,Ferrioxamine A1; Desferrioxamine A1; Proferrioxamine A1,3,3,0,0,0,0,0,0,0,0,0,0,0,0,0,6,Hydroxamate,NIS,CC(=O)N(O)CCCCNC(=O)CCC(=O)N(O)CCCCCNC(=O)CCC(=O)N(O)CCCCCN,"NAc-NOH-Put, Suc, NOH-Cad, Suc, NOH-Cad",5,1,0,C24H46N6O8,546.658504,Nocardia sp.; Streptomyces sp.; Streptomyces chartreusis NRRL 3882,1,0,0,0,1,0,0,0,0,0,0,0,0,0,0,0,Actinomycetota,Lys derivatives,,,,,,,,"Keller‐Schierlein, W., et al. ""Stoffwechselprodukte von Mikroorganismen 49. Mitteilung. Die Ferrioxamine A1, A2 und D2."" Helvetica Chimica Acta 48.4 (1965): 710-723.; Senges, Christoph HR, et al. ""The secreted metabolome of Streptomyces chartreusis and implications for bacterial chemistry."" Proceedings of the National Academy of Sciences 115.10 (2018): 2490-2495.","Barona-Gómez, Francisco, et al. ""Identification of a Cluster of Genes that Directs Desferrioxamine Biosynthesis in Streptomyces c oelicolor M145."" Journal of the American Chemical Society 126.50 (2004): 16282-16283.; Ronan, Jade L., et al. ""Desferrioxamine biosynthesis: diverse hydroxamate assembly by substrate-tolerant acyl transferase DesC."" Philosophical Transactions of the Royal Society B: Biological Sciences 373.1748 (2018): 20170068.",,,,,24,46,6,8,0,0.52173913,4,3,0,Shaohua Gu; Ruolin He,3,10,7,-2.011,4.241195828
755,Bisucaberin 05,,1,1,0,0,0,0,0,0,0,0,0,0,0,0,0,2,Hydroxamate,NIS,CC(=O)NCCCCCNC(=O)CCC(=O)N(O)CCCCCN,"NOH-Cad, Suc, NAc-Cad",3,1,0,C16H32N4O4,344.450384,Streptomyces chartreusis NRRL 3882,1,0,0,0,1,0,0,0,0,0,0,0,0,0,0,0,Actinomycetota,Lys derivatives,,,,,,,,"Senges, Christoph HR, et al. ""The secreted metabolome of Streptomyces chartreusis and implications for bacterial chemistry."" Proceedings of the National Academy of Sciences 115.10 (2018): 2490-2495.",,,,,,16,32,4,4,0,0.5,4,4,0,Yanzhao Wu; Jiqi Shao; Ruolin He,3,10,57,-1.466,5.149403787
668,Didesoxy-desferrioxamine B,,1,1,0,0,0,0,0,0,0,0,0,0,0,0,0,2,Hydroxamate,NIS,CC(=O)NCCCCCNC(=O)CCC(=O)N(O)CCCCCNC(=O)CCC(=O)NCCCCCN,"Cad, Suc, NOH-Cad, Suc, NAc-Cad",5,1,0,C25H48N6O6,528.686316,Kribbella speibonae SK5,1,0,0,0,1,0,0,0,0,0,0,0,0,0,0,0,Actinomycetota,Lys derivatives,,,,,,,,"Acquah, Kojo Sekyi, et al. ""Novel South African rare actinomycete Kribbella speibonae strain SK5: a prolific producer of hydroxamate siderophores including new dehydroxylated congeners."" Molecules 25.13 (2020): 2979.","Barona-Gómez, Francisco, et al. ""Identification of a Cluster of Genes that Directs Desferrioxamine Biosynthesis in Streptomyces c oelicolor M145."" Journal of the American Chemical Society 126.50 (2004): 16282-16283.; Ronan, Jade L., et al. ""Desferrioxamine biosynthesis: diverse hydroxamate assembly by substrate-tolerant acyl transferase DesC."" Philosophical Transactions of the Royal Society B: Biological Sciences 373.1748 (2018): 20170068.",,,,,25,48,6,6,0,0.520833333,4.166666667,4.166666667,0,Ruolin He,3,10,40,-2.283,4.300268588
666,Desoxy-desferrioxamine B,,1,2,0,0,0,0,0,0,0,0,0,0,0,0,0,4,Hydroxamate,NIS,CC(=O)NCCCCCNC(=O)CCC(=O)N(O)CCCCCNC(=O)CCC(=O)N(O)CCCCCN,"NAc-Cad, Suc, NOH-Cad, Suc, NOH-Cad",5,1,0,C25H48N6O7,544.685721,Kribbella speibonae SK5,1,0,0,0,1,0,0,0,0,0,0,0,0,0,0,0,Actinomycetota,Lys derivatives,,,,,,,,"Acquah, Kojo Sekyi, et al. ""Novel South African rare actinomycete Kribbella speibonae strain SK5: a prolific producer of hydroxamate siderophores including new dehydroxylated congeners."" Molecules 25.13 (2020): 2979.","Barona-Gómez, Francisco, et al. ""Identification of a Cluster of Genes that Directs Desferrioxamine Biosynthesis in Streptomyces c oelicolor M145."" Journal of the American Chemical Society 126.50 (2004): 16282-16283.; Ronan, Jade L., et al. ""Desferrioxamine biosynthesis: diverse hydroxamate assembly by substrate-tolerant acyl transferase DesC."" Philosophical Transactions of the Royal Society B: Biological Sciences 373.1748 (2018): 20170068.",,,,,25,48,6,7,0,0.520833333,4.166666667,3.571428571,0,Ruolin He,3,10,39,-2.217,4.247538687
849,Propionyl-ferrioxamine,Desferrioxamine 05; ferrioxamine B+CH2,5,3,0,0,0,0,0,0,0,0,0,0,0,0,0,6,Hydroxamate,NIS,CCC(=O)N(O)CCCCCNC(=O)CCC(=O)N(O)CCCCCNC(=O)CCC(=O)N(O)CCCCCN,"Suc, NOH-Cad, NOH-Cad, Suc, NPr-NOH-Cad",5,1,0,C26H50N6O8,574.711748,Streptomyces sp. CC77; Streptomyces sp. CC53; Streptomyces chartreusis NRRL 3882; Streptomyces venezuelae ATTC 10712; Streptomyces sp. TR1341,1,0,0,0,1,0,0,0,0,0,0,0,0,0,0,0,Actinomycetota,Lys derivatives,,,,,,,,"Cruz-Morales, Pablo, et al. ""Actinobacteria phylogenomics, selective isolation from an iron oligotrophic environment and siderophore functional characterization, unveil new desferrioxamine traits."" FEMS Microbiology Ecology 93.9 (2017): fix086.; Senges, Christoph HR, et al. ""The secreted metabolome of Streptomyces chartreusis and implications for bacterial chemistry."" Proceedings of the National Academy of Sciences 115.10 (2018): 2490-2495.; Jones, Stephanie E., et al. ""Streptomyces volatile compounds influence exploration and microbial community dynamics by altering iron availability."" MBio 10.2 (2019): 10-1128.; Lara, Ana Catalina, et al. ""The genome analysis of the human lung-associated Streptomyces sp. TR1341 revealed the presence of beneficial genes for opportunistic colonization of human tissues."" Microorganisms 9.8 (2021): 1547.","Barona-Gómez, Francisco, et al. ""Identification of a Cluster of Genes that Directs Desferrioxamine Biosynthesis in Streptomyces c oelicolor M145."" Journal of the American Chemical Society 126.50 (2004): 16282-16283.; Ronan, Jade L., et al. ""Desferrioxamine biosynthesis: diverse hydroxamate assembly by substrate-tolerant acyl transferase DesC."" Philosophical Transactions of the Royal Society B: Biological Sciences 373.1748 (2018): 20170068.",,,,,26,50,6,8,0,0.52,4.333333333,3.25,0,Yanzhao Wu; Jiqi Shao; Ruolin He,3,10,58,-2.415,4.154520231
752,Bisucaberin 02,,1,2,0,0,0,0,0,0,0,0,0,0,0,0,0,4,Hydroxamate,NIS,COC(=O)CCC(=O)N(O)CCCCCNC(=O)CCC(=O)N(O)CCCCCN,"NOH-Cad, OMe-Suc, Suc, NOH-Cad",4,1,0,C19H36N4O7,432.512583,Streptomyces chartreusis NRRL 3882,1,0,0,0,1,0,0,0,0,0,0,0,0,0,0,0,Actinomycetota,Lys derivatives,,,,,,,,"Senges, Christoph HR, et al. ""The secreted metabolome of Streptomyces chartreusis and implications for bacterial chemistry."" Proceedings of the National Academy of Sciences 115.10 (2018): 2490-2495.",,,,,,19,36,4,7,0,0.527777778,4.75,2.714285714,0,Yanzhao Wu; Jiqi Shao; Ruolin He,3,10,59,-1.822,4.67597814
345,Desferrioxamine G2B,Ferrioxamine G2B; Proferrioxamine G2B,4,3,0,0,0,0,0,0,0,0,0,0,0,0,0,6,Hydroxamate,NIS,NCCCCCN(O)C(=O)CCC(=O)NCCCCCC(=O)N(O)CCC(=O)NCCCCN(O)C(=O)CCC(=O)O,"dNH2-Lys, Suc, 3OHNH2-PrA, NOH-Put, Suc, NOH-Cad",6,1,0,C26H48N6O10,604.694676,Erwinia amylovora; Pseudomonas stutzeri KC; Stutzerimonas stutzeri CTN1; Stutzerimonas stutzeri ATCC 17591,1,0,0,0,0,0,0,1,0,0,0,0,0,0,0,0,Pseudomonadota,Lys derivatives,,,,,,,,"Feistner, Gottfried J., Douglas C. Stahl, and Ann H. Gabrik. ""Proferrioxamine siderophores of Erwinia amylovora. A capillary liquid chromatographic/electrospray tandem mass spectrometric study."" Organic mass spectrometry 28.3 (1993): 163-175.; Zawadzka, Anna M., et al. ""Identification of siderophores of Pseudomonas stutzeri."" Canadian journal of microbiology 52.12 (2006): 1164-1176.","Barona-Gómez, Francisco, et al. ""Identification of a Cluster of Genes that Directs Desferrioxamine Biosynthesis in Streptomyces c oelicolor M145."" Journal of the American Chemical Society 126.50 (2004): 16282-16283.; Ronan, Jade L., et al. ""Desferrioxamine biosynthesis: diverse hydroxamate assembly by substrate-tolerant acyl transferase DesC."" Philosophical Transactions of the Royal Society B: Biological Sciences 373.1748 (2018): 20170068.",,,,,26,48,6,10,0,0.541666667,4.333333333,2.6,0,Shaohua Gu; Ruolin He,3,10,12,-2.08,4.068545938
772,Desferrioxamine 01,,1,3,0,0,0,0,0,0,0,0,0,0,0,0,0,6,Hydroxamate,NIS,NCCCCCN(O)C(=O)CCC(=O)NCCCCCN(O)C(=O)CCC(=O)NCCCCCN(O)C(=O)CCCC(=O)O,"NOH-Cad, Suc, NOH-Cad, Suc, NOH-Cad, Pda",6,1,0,C28H52N6O10,632.74792,Streptomyces chartreusis NRRL 3882,1,0,0,0,1,0,0,0,0,0,0,0,0,0,0,0,Actinomycetota,Lys derivatives,,,,,,,,"Senges, Christoph HR, et al. ""The secreted metabolome of Streptomyces chartreusis and implications for bacterial chemistry."" Proceedings of the National Academy of Sciences 115.10 (2018): 2490-2495.",,,,,,28,52,6,10,0,0.538461538,4.666666667,2.8,0,Yanzhao Wu; Jiqi Shao; Ruolin He,3,10,60,-2.419,3.993622396
776,Desferrioxamine 07,,1,2,0,0,0,0,0,0,0,0,0,0,0,0,0,4,Hydroxamate,NIS,NCCCCCN(O)C(=O)CCC(=O)NCCCCCN(O)C(=O)CCC(=O)NCCCCC(=O)O,"NOH-Cad, Suc, Suc, 5NH2-Vaa, NOH-Cad",5,1,0,C23H43N5O8,517.617238,Streptomyces chartreusis NRRL 3882,1,0,0,0,1,0,0,0,0,0,0,0,0,0,0,0,Actinomycetota,Lys derivatives,,,,,,,,"Senges, Christoph HR, et al. ""The secreted metabolome of Streptomyces chartreusis and implications for bacterial chemistry."" Proceedings of the National Academy of Sciences 115.10 (2018): 2490-2495.",,,,,,23,43,5,8,0,0.534883721,4.6,2.875,0,Yanzhao Wu; Jiqi Shao; Ruolin He,3,10,61,-2.022,4.338155171
344,Desferrioxamine G1,Ferrioxamine G1; Proferrioxamine G1,15,3,0,0,0,0,0,0,0,0,0,0,0,0,0,6,Hydroxamate,NIS,NCCCCCN(O)C(=O)CCC(=O)NCCCCCN(O)C(=O)CCC(=O)NCCCCCN(O)C(=O)CCC(=O)O,"NOH-Cad, Suc, NOH-Cad, Suc, NOH-Cad, Suc",6,1,0,C27H50N6O10,618.721298,Stutzerimonas stutzeri; Vibrio sp. BLI-41; Nocardia sp.; Streptomyces sp.; Pseudomonas stutzeri KC; Stutzerimonas stutzeri CTN1; Pseudomonas stutzeri ATCC 17588; Stutzerimonas stutzeri ATCC 17589; Stutzerimonas stutzeri ATCC 27951; Stutzerimonas stutzeri ATCC 27951; Stutzerimonas stutzeri ATCC 17587; Stutzerimonas stutzeri ATCC 11607; Stutzerimonas stutzeri 19SMN4; Stutzerimonas stutzeri ATCC 17595; Streptomyces chartreusis NRRL 3882,1,0,0,0,0.2,0,0,0.8,0,0,0,0,0,0,0,0,Pseudomonadota/Actinomycetota,Lys derivatives,,,,,,,,"Reissbrodt, Rolf, et al. ""Isolation and identification of ferrioxamine G and E in Hafnia alvei."" Biology of Metals 3 (1990): 54-60.; Martinez, J. S., M. G. Haygood, and Alison Butler. ""Identification of a natural desferrioxamine siderophore produced by a marine bacterium."" Limnology and Oceanography 46.2 (2001): 420-424.; Zawadzka, Anna M., et al. ""Identification of siderophores of Pseudomonas stutzeri."" Canadian journal of microbiology 52.12 (2006): 1164-1176.; Essén, Sofia A., et al. ""Siderophore production by Pseudomonas stutzeri under aerobic and anaerobic conditions."" Applied and environmental microbiology 73.18 (2007): 5857-5864.; De Carvalho, Carla CCR, and Pedro Fernandes. ""Production of metabolites as bacterial responses to the marine environment."" Marine drugs 8.3 (2010): 705-727.; Senges, Christoph HR, et al. ""The secreted metabolome of Streptomyces chartreusis and implications for bacterial chemistry."" Proceedings of the National Academy of Sciences 115.10 (2018): 2490-2495.","Barona-Gómez, Francisco, et al. ""Identification of a Cluster of Genes that Directs Desferrioxamine Biosynthesis in Streptomyces c oelicolor M145."" Journal of the American Chemical Society 126.50 (2004): 16282-16283.; Ronan, Jade L., et al. ""Desferrioxamine biosynthesis: diverse hydroxamate assembly by substrate-tolerant acyl transferase DesC."" Philosophical Transactions of the Royal Society B: Biological Sciences 373.1748 (2018): 20170068.",,,,,27,50,6,10,0,0.54,4.5,2.7,0,Shaohua Gu; Ruolin He,3,10,11,-2.243,4.030457143
343,Desferrioxamine G2A,Ferrioxamine G2A; Proferrioxamine G2A,3,3,0,0,0,0,0,0,0,0,0,0,0,0,0,6,Hydroxamate,NIS,NCCCCCN(O)C(=O)CCC(=O)NCCCCCN(O)C(=O)CCC(=O)NCCCCN(O)C(=O)CCC(=O)O,"NOH-Put, Suc, NOH-Cad, Suc, Suc, NOH-Cad",6,1,0,C26H48N6O10,604.694676,Erwinia amylovora; Pseudomonas stutzeri KC; Stutzerimonas stutzeri CTN1,1,0,0,0,0,0,0,1,0,0,0,0,0,0,0,0,Pseudomonadota,Lys derivatives,,,,,,,,"Feistner, Gottfried J., Douglas C. Stahl, and Ann H. Gabrik. ""Proferrioxamine siderophores of Erwinia amylovora. A capillary liquid chromatographic/electrospray tandem mass spectrometric study."" Organic mass spectrometry 28.3 (1993): 163-175.; Zawadzka, Anna M., et al. ""Identification of siderophores of Pseudomonas stutzeri."" Canadian journal of microbiology 52.12 (2006): 1164-1176.","Barona-Gómez, Francisco, et al. ""Identification of a Cluster of Genes that Directs Desferrioxamine Biosynthesis in Streptomyces c oelicolor M145."" Journal of the American Chemical Society 126.50 (2004): 16282-16283.; Ronan, Jade L., et al. ""Desferrioxamine biosynthesis: diverse hydroxamate assembly by substrate-tolerant acyl transferase DesC."" Philosophical Transactions of the Royal Society B: Biological Sciences 373.1748 (2018): 20170068.",,,,,26,48,6,10,0,0.541666667,4.333333333,2.6,0,Shaohua Gu; Ruolin He,3,10,10,-2.074,4.068545938
342,Desferrioxamine G2C,Ferrioxamine G2C; Proferrioxamine G2C,4,3,0,0,0,0,0,0,0,0,0,0,0,0,0,6,Hydroxamate,NIS,NCCCCN(O)C(=O)CCC(=O)NCCCCCN(O)C(=O)CCC(=O)NCCCCCN(O)C(=O)CCC(=O)O,"NOH-Cad, Suc, Suc, NOH-Put, Suc, NOH-Cad",6,1,0,C26H48N6O10,604.694676,Erwinia amylovora; Pseudomonas stutzeri KC; Stutzerimonas stutzeri CTN1; Stutzerimonas stutzeri ATCC 17591,1,0,0,0,0,0,0,1,0,0,0,0,0,0,0,0,Pseudomonadota,Lys derivatives,,,,,,,,"Feistner, Gottfried J., Douglas C. Stahl, and Ann H. Gabrik. ""Proferrioxamine siderophores of Erwinia amylovora. A capillary liquid chromatographic/electrospray tandem mass spectrometric study."" Organic mass spectrometry 28.3 (1993): 163-175.; Zawadzka, Anna M., et al. ""Identification of siderophores of Pseudomonas stutzeri."" Canadian journal of microbiology 52.12 (2006): 1164-1176.","Barona-Gómez, Francisco, et al. ""Identification of a Cluster of Genes that Directs Desferrioxamine Biosynthesis in Streptomyces c oelicolor M145."" Journal of the American Chemical Society 126.50 (2004): 16282-16283.; Ronan, Jade L., et al. ""Desferrioxamine biosynthesis: diverse hydroxamate assembly by substrate-tolerant acyl transferase DesC."" Philosophical Transactions of the Royal Society B: Biological Sciences 373.1748 (2018): 20170068.",,,,,26,48,6,10,0,0.541666667,4.333333333,2.6,0,Shaohua Gu; Ruolin He,3,10,9,-2.074,4.068545938
341,Bisucaberin B,,1,2,0,0,0,0,0,0,0,0,0,0,0,0,0,4,Hydroxamate,NIS,NCCCCCN(O)C(=O)CCC(=O)NCCCCCN(O)C(=O)CCC(=O)O,"NOH-Cad, Suc, NOH-Cad, Suc",4,1,0,C18H34N4O7,418.485961,Tenacibaculum mesophilum,1,0,0,0,0,0,0,0,1,0,0,0,0,0,0,0,Bacteroidota,Lys derivatives,,,,,,,,"Fujita, Masaki J., Yusuke Goto, and Ryuichi Sakai. ""Cloning of the Bisucaberin B Biosynthetic Gene cluster from the marine bacterium Tenacibaculum mesophilum, and heterologous production of Bisucaberin B."" Marine drugs 16.9 (2018): 342.","Fujita, Masaki J., Yusuke Goto, and Ryuichi Sakai. ""Cloning of the Bisucaberin B Biosynthetic Gene cluster from the marine bacterium Tenacibaculum mesophilum, and heterologous production of Bisucaberin B."" Marine drugs 16.9 (2018): 342.",,,,,18,34,4,7,0,0.529411765,4.5,2.571428571,0,Ruolin He,3,10,8,-1.563,4.741273752
756,Bisucaberin 06,,1,1,0,0,0,0,0,0,0,0,0,0,0,0,0,2,Hydroxamate,NIS,NCCCCCNC(=O)CCC(=O)N(O)CCCCCN,"Cad, Suc, NOH-Cad",3,1,0,C14H30N4O3,302.413617,Streptomyces chartreusis NRRL 3882,1,0,0,0,1,0,0,0,0,0,0,0,0,0,0,0,Actinomycetota,Lys derivatives,,,,,,,,"Senges, Christoph HR, et al. ""The secreted metabolome of Streptomyces chartreusis and implications for bacterial chemistry."" Proceedings of the National Academy of Sciences 115.10 (2018): 2490-2495.",,,,,,14,30,4,3,0,0.466666667,3.5,4.666666667,0,Yanzhao Wu; Jiqi Shao; Ruolin He,3,10,62,-1.032,5.445292264
778,Desferrioxamine G1t,Ferrioxamine G1t; Proferrioxamine G1t; Legonoxamine I,7,2,0,0,0,0,0,0,0,1,0,0,0,0,0,6,Alpha-Aminocarboxylate/Hydroxamate,Putative NIS,NCCCCCN(O)C(=O)CCC(=O)NCCCCCN(O)C(=O)CCC(=O)NCCCCCNO,"NOH-Cad, Suc, NOH-Cad, Suc, NOH-Cad",5,1,0,C23H46N6O7,518.648359,Streptomyces sp. MA37; Erwinia amylovora; Pseudomonas stutzeri KC; Stutzerimonas stutzeri CTN1; Pseudomonas stutzeri ATCC 17588; Stutzerimonas stutzeri ATCC 17589; Stutzerimonas stutzeri ATCC 27951,1,0,0,0,0.142857143,0,0,0.857142857,0,0,0,0,0,0,0,0,Actinomycetota/Pseudomonadota,Lys derivatives,,,,,,,,"Feistner, Gottfried J., Douglas C. Stahl, and Ann H. Gabrik. ""Proferrioxamine siderophores of Erwinia amylovora. A capillary liquid chromatographic/electrospray tandem mass spectrometric study."" Organic mass spectrometry 28.3 (1993): 163-175.; Zawadzka, Anna M., et al. ""Identification of siderophores of Pseudomonas stutzeri."" Canadian journal of microbiology 52.12 (2006): 1164-1176.; Maglangit, Fleurdeliz, et al. ""Isolation and Bioactivity of  Natural Products from Streptomyces sp. MA37."" Molecules (2025).",,,,,,23,46,6,7,0,0.5,3.833333333,3.285714286,0,Ruolin He,3,10,63,-1.985,4.334575314
346,IC202B,,1,2,0,0,0,0,0,0,0,0,0,0,0,0,0,4,Hydroxamate,Putative NIS,NCCCCCN(O)C(=O)CCC(=O)NCCCCCN(O)C(=O)CCC(=O)NCCCCC[N+](=O)[O-],"NOH-Cad, Suc, Tan-Cad, Suc, NOH-Cad",5,1,0,C23H44N6O8,532.631882,Streptoalloteichus sp. 1454-19,1,0,0,0,1,0,0,0,0,0,0,0,0,0,0,0,Actinomycetota,Lys derivatives,,,,,,,,"Iijima, Masatomi, et al. ""IC202B and C, new siderophores with immunosuppressive activity produced by Streptoalloteichus sp. 1454-19."" The Journal of Antibiotics 52.9 (1999): 775-780.",,,,,,23,44,6,8,0,0.522727273,3.833333333,2.875,0,Ruolin He,3,10,13,-2.623,4.287047154
754,Bisucaberin 04,,1,2,0,0,0,0,0,0,0,0,0,0,0,0,0,4,Hydroxamate,NIS,NCCCCCN(O)C(=O)CCC(=O)NCCCCN(O)C(=O)CCC=O,"NOH-Cad, Suc, NOH-Put, Su-semi-ald",4,1,0,C17H32N4O6,388.459934,Streptomyces chartreusis NRRL 3882,1,0,0,0,1,0,0,0,0,0,0,0,0,0,0,0,Actinomycetota,Lys derivatives,,,,,,,,"Senges, Christoph HR, et al. ""The secreted metabolome of Streptomyces chartreusis and implications for bacterial chemistry."" Proceedings of the National Academy of Sciences 115.10 (2018): 2490-2495.",,,,,,17,32,4,6,0,0.53125,4.25,2.833333333,0,Yanzhao Wu; Jiqi Shao; Ruolin He,3,10,64,-1.432,4.892703199
815,IC202D,,1,2,0,0,0,0,0,0,0,0,0,0,0,0,0,4,Hydroxamate,Putative NIS,NCCCCCN(O)C(=O)CCC(=O)NCCCCCN(O)C(=O)CCC(=O)NCCCCC=O,"NOH-Cad, Suc, 5NH2-Pe, NOH-Cad, Suc",5,1,0,C23H43N5O7,501.617833,Streptoalloteichus sp. 1454-19,1,0,0,0,1,0,0,0,0,0,0,0,0,0,0,0,Actinomycetota,Lys derivatives,,,,,,,,"Iijima, Masatomi, et al. ""IC202B and C, new siderophores with immunosuppressive activity produced by Streptoalloteichus sp. 1454-19."" The Journal of Antibiotics 52.9 (1999): 775-780.",,,,,,23,43,5,7,0,0.534883721,4.6,3.285714286,0,Ruolin He,3,10,65,-2.11,4.395093983
347,IC202C,,1,2,0,0,0,0,0,0,0,0,0,0,0,0,0,4,Hydroxamate,Putative NIS,NCCCCCN(O)C(=O)CCC(=O)NCCCCCN(O)C(=O)CCC(=O)NCCCC/C=N\O,"NOH-Cad, Suc, X0, Suc, NOH-Cad",5,0.777777778,1,C23H44N6O7,516.632477,Streptoalloteichus sp. 1454-19,1,0,0,0,1,0,0,0,0,0,0,0,0,0,0,0,Actinomycetota,Lys derivatives,,,,,,,,"Iijima, Masatomi, et al. ""IC202B and C, new siderophores with immunosuppressive activity produced by Streptoalloteichus sp. 1454-19."" The Journal of Antibiotics 52.9 (1999): 775-780.",,,,,,23,44,6,7,0,0.522727273,3.833333333,3.285714286,0,Ruolin He,3,10,14,-2.158,4.341583968
348,IC202A,,1,2,0,0,0,0,0,0,0,0,0,0,0,0,0,4,Hydroxamate,Putative NIS,CCCC=[N+]([O-])CCCCCNC(=O)CCC(=O)N(O)CCCCCNC(=O)CCC(=O)N(O)CCCCCN,"NOH-Cad, Suc, Suc, NOH-butan-Cad, NOH-Cad",5,1,0,C27H52N6O7,572.738965,Streptoalloteichus sp. 1454-19,1,0,0,0,1,0,0,0,0,0,0,0,0,0,0,0,Actinomycetota,Lys derivatives,,,,,,,,"Iijima, Masatomi, et al. ""IC202A, a New Siderophore with Immunosuppressive Activity Produced by Streptoalloteichus sp. 1454-19 I. Taxonomy, Fermentation, Isolation and Biological Activity."" The Journal of Antibiotics 52.1 (1999): 20-24.",,,,,,27,52,6,7,0,0.519230769,4.5,3.857142857,0,Ruolin He,3,10,15,-3.071,4.160409293
777,Desferrioxamine 08,,1,2,0,0,0,0,0,0,0,0,0,0,0,0,0,4,Hydroxamate,NIS,NCCCCCN(O)C(=O)CCC(=O)NCCCCCN(O)C(=O)C(O)CCNC(O)CCN,"NOH-Cad, Suc, NOH-Cad, 1-(2OH-BA)-2OH-DAP",4,1,0,C21H44N6O7,492.610997,Streptomyces chartreusis NRRL 3882,1,0,0,0,1,0,0,0,0,0,0,0,0,0,0,0,Actinomycetota,Lys derivatives,,,,,,,,"Senges, Christoph HR, et al. ""The secreted metabolome of Streptomyces chartreusis and implications for bacterial chemistry."" Proceedings of the National Academy of Sciences 115.10 (2018): 2490-2495.",,,,,,21,44,6,7,0,0.477272727,3.5,3,0,Yanzhao Wu; Jiqi Shao; Ruolin He,3,10,66,-0.998,4.428348819
775,Desferrioxamine 06,,1,2,0,0,0,0,0,0,0,0,0,0,0,0,0,4,Hydroxamate,NIS,NCCCCCN(O)C(=O)CCC(=O)NCCCCCN(O)C(=O)C(O)CCNC(O)CCCCN,"NOH-Cad, 1-(2OH-BA)-2OH-Cad, Suc, NOH-Cad",4,1,0,C23H48N6O7,520.664241,Streptomyces chartreusis NRRL 3882,1,0,0,0,1,0,0,0,0,0,0,0,0,0,0,0,Actinomycetota,Lys derivatives,,,,,,,,"Senges, Christoph HR, et al. ""The secreted metabolome of Streptomyces chartreusis and implications for bacterial chemistry."" Proceedings of the National Academy of Sciences 115.10 (2018): 2490-2495.",,,,,,23,48,6,7,0,0.479166667,3.833333333,3.285714286,0,Yanzhao Wu; Jiqi Shao; Ruolin He,3,10,67,-1.265,4.327606967
729,Amphiphilic ferrioxamine 12,,1,3,0,0,0,0,0,0,0,0,0,0,0,0,0,6,Hydroxamate,NIS,CCCCCCCCCCCC(O)CC(=O)N(O)CCCCCNC(=O)CCC(=O)N(O)CCCCCNC(=O)CCC(=O)N(O)CCCCCN,"NOH-Cad, Suc, NOH-Cad, Suc, C14:0-OH(3), NOH-Cad",6,1,0,C37H72N6O9,745.003995,Streptomyces coelicolor M145,1,0,0,0,1,0,0,0,0,0,0,0,0,0,0,0,Actinomycetota,Lys derivatives,,,,,,,,"Sidebottom, Ashley M., et al. ""Integrated metabolomics approach facilitates discovery of an unpredicted natural product suite from Streptomyces coelicolor M145."" ACS chemical biology 8.9 (2013): 2009-2016.","Barona-Gómez, Francisco, et al. ""Identification of a Cluster of Genes that Directs Desferrioxamine Biosynthesis in Streptomyces c oelicolor M145."" Journal of the American Chemical Society 126.50 (2004): 16282-16283.; Ronan, Jade L., et al. ""Desferrioxamine biosynthesis: diverse hydroxamate assembly by substrate-tolerant acyl transferase DesC."" Philosophical Transactions of the Royal Society B: Biological Sciences 373.1748 (2018): 20170068.",,,,,37,72,6,9,0,0.513888889,6.166666667,4.111111111,0,Yanzhao Wu; Jiqi Shao; Ruolin He,3,10,68,-4.071,3.736753698
737,Amphiphilic ferrioxamine 6,,1,3,0,0,0,0,0,0,0,0,0,0,0,0,0,6,Hydroxamate,NIS,CCCCCCCCCC(O)CC(=O)N(O)CCCCCNC(=O)CCC(=O)N(O)CCCCCNC(=O)CCC(=O)N(O)CCCCCN,"NOH-Cad, Suc, NOH-Cad, Suc, C12:0-OH(3), NOH-Cad",6,1,0,C35H68N6O9,716.950751,Streptomyces coelicolor M145,1,0,0,0,1,0,0,0,0,0,0,0,0,0,0,0,Actinomycetota,Lys derivatives,,,,,,,,"Sidebottom, Ashley M., et al. ""Integrated metabolomics approach facilitates discovery of an unpredicted natural product suite from Streptomyces coelicolor M145."" ACS chemical biology 8.9 (2013): 2009-2016.","Barona-Gómez, Francisco, et al. ""Identification of a Cluster of Genes that Directs Desferrioxamine Biosynthesis in Streptomyces c oelicolor M145."" Journal of the American Chemical Society 126.50 (2004): 16282-16283.; Ronan, Jade L., et al. ""Desferrioxamine biosynthesis: diverse hydroxamate assembly by substrate-tolerant acyl transferase DesC."" Philosophical Transactions of the Royal Society B: Biological Sciences 373.1748 (2018): 20170068.",,,,,35,68,6,9,0,0.514705882,5.833333333,3.888888889,0,Yanzhao Wu; Jiqi Shao; Ruolin He,3,10,69,-3.685,3.795355893
734,Amphiphilic ferrioxamine 3,,1,3,0,0,0,0,0,0,0,0,0,0,0,0,0,6,Hydroxamate,NIS,CCCCCCCCC(O)CC(=O)N(O)CCCCCNC(=O)CCC(=O)N(O)CCCCCNC(=O)CCC(=O)N(O)CCCCCN,"NOH-Cad, Suc, NOH-Cad, NOH-Cad, C11:0-OH(3), Suc",6,1,0,C34H66N6O9,702.924129,Streptomyces coelicolor M145,1,0,0,0,1,0,0,0,0,0,0,0,0,0,0,0,Actinomycetota,Lys derivatives,,,,,,,,"Sidebottom, Ashley M., et al. ""Integrated metabolomics approach facilitates discovery of an unpredicted natural product suite from Streptomyces coelicolor M145."" ACS chemical biology 8.9 (2013): 2009-2016.","Barona-Gómez, Francisco, et al. ""Identification of a Cluster of Genes that Directs Desferrioxamine Biosynthesis in Streptomyces c oelicolor M145."" Journal of the American Chemical Society 126.50 (2004): 16282-16283.; Ronan, Jade L., et al. ""Desferrioxamine biosynthesis: diverse hydroxamate assembly by substrate-tolerant acyl transferase DesC."" Philosophical Transactions of the Royal Society B: Biological Sciences 373.1748 (2018): 20170068.",,,,,34,66,6,9,0,0.515151515,5.666666667,3.777777778,0,Yanzhao Wu; Jiqi Shao; Ruolin He,3,10,70,-3.487,3.825937527
740,Amphiphilic ferrioxamine 9,,1,3,0,0,0,0,0,0,0,0,0,0,0,0,0,6,Hydroxamate,NIS,CCCCCCCCCCC(O)CC(=O)N(O)CCCCCNC(=O)CCC(=O)N(O)CCCCCNC(=O)CCC(=O)N(O)CCCCCN,"NOH-Cad, Suc, NOH-Cad, C13:0-OH(3), NOH-Cad, Suc",6,1,0,C36H70N6O9,730.977373,Streptomyces coelicolor M145,1,0,0,0,1,0,0,0,0,0,0,0,0,0,0,0,Actinomycetota,Lys derivatives,,,,,,,,"Sidebottom, Ashley M., et al. ""Integrated metabolomics approach facilitates discovery of an unpredicted natural product suite from Streptomyces coelicolor M145."" ACS chemical biology 8.9 (2013): 2009-2016.","Barona-Gómez, Francisco, et al. ""Identification of a Cluster of Genes that Directs Desferrioxamine Biosynthesis in Streptomyces c oelicolor M145."" Journal of the American Chemical Society 126.50 (2004): 16282-16283.; Ronan, Jade L., et al. ""Desferrioxamine biosynthesis: diverse hydroxamate assembly by substrate-tolerant acyl transferase DesC."" Philosophical Transactions of the Royal Society B: Biological Sciences 373.1748 (2018): 20170068.",,,,,36,70,6,9,0,0.514285714,6,4,0,Yanzhao Wu; Jiqi Shao; Ruolin He,3,10,71,-3.88,3.765641612
732,Amphiphilic ferrioxamine 15,,1,3,0,0,0,0,0,0,0,0,0,0,0,0,0,6,Hydroxamate,NIS,CCCCCCCCCCCCC(O)CC(=O)N(O)CCCCCNC(=O)CCC(=O)N(O)CCCCCNC(=O)CCC(=O)N(O)CCCCCN,"NOH-Cad, Suc, NOH-Cad, Suc, NOH-Cad, C15:0-OH(3)",6,1,0,C38H74N6O9,759.030617,Streptomyces coelicolor M145,1,0,0,0,1,0,0,0,0,0,0,0,0,0,0,0,Actinomycetota,Lys derivatives,,,,,,,,"Sidebottom, Ashley M., et al. ""Integrated metabolomics approach facilitates discovery of an unpredicted natural product suite from Streptomyces coelicolor M145."" ACS chemical biology 8.9 (2013): 2009-2016.","Barona-Gómez, Francisco, et al. ""Identification of a Cluster of Genes that Directs Desferrioxamine Biosynthesis in Streptomyces c oelicolor M145."" Journal of the American Chemical Society 126.50 (2004): 16282-16283.; Ronan, Jade L., et al. ""Desferrioxamine biosynthesis: diverse hydroxamate assembly by substrate-tolerant acyl transferase DesC."" Philosophical Transactions of the Royal Society B: Biological Sciences 373.1748 (2018): 20170068.",,,,,38,74,6,9,0,0.513513514,6.333333333,4.222222222,0,Yanzhao Wu; Jiqi Shao; Ruolin He,3,10,72,-4.255,3.70865384
727,Amphiphilic ferrioxamine 10,Acyl-desferrioxamine C13; Promicroferrioxamine,2,3,0,0,0,0,0,0,0,0,0,0,0,0,0,6,Hydroxamate,NIS,CCCCCCCCCCCCCC(=O)N(O)CCCCCNC(=O)CCC(=O)N(O)CCCCCNC(=O)CCC(=O)N(O)CCCCCN,"NOH-Cad, C14:0, Suc, NOH-Cad, Suc, NOH-Cad",6,1,0,C37H72N6O8,729.00459,Planomonospora sp.; Streptomyces coelicolor M145,1,0,0,0,1,0,0,0,0,0,0,0,0,0,0,0,Actinomycetota,Lys derivatives,,,,,,,,"Sidebottom, Ashley M., et al. ""Integrated metabolomics approach facilitates discovery of an unpredicted natural product suite from Streptomyces coelicolor M145."" ACS chemical biology 8.9 (2013): 2009-2016.; Zdouc, Mitja M., et al. ""Planomonospora: a metabolomics perspective on an underexplored Actinobacteria genus."" Journal of Natural Products 84.2 (2021): 204-219.",,,,,,37,72,6,8,0,0.513888889,6.166666667,4.625,0,Yanzhao Wu; Jiqi Shao; Ruolin He,3,10,73,-4.668,3.769769944
730,Amphiphilic ferrioxamine 13,,1,3,0,0,0,0,0,0,0,0,0,0,0,0,0,6,Hydroxamate,NIS,CCCCCCCCCCCCCCC(=O)N(O)CCCCCNC(=O)CCC(=O)N(O)CCCCCNC(=O)CCC(=O)N(O)CCCCCN,"NOH-Cad, C15:0, NOH-Cad, Suc, NOH-Cad, Suc",6,1,0,C38H74N6O8,743.031212,Streptomyces coelicolor M145,1,0,0,0,1,0,0,0,0,0,0,0,0,0,0,0,Actinomycetota,Lys derivatives,,,,,,,,"Sidebottom, Ashley M., et al. ""Integrated metabolomics approach facilitates discovery of an unpredicted natural product suite from Streptomyces coelicolor M145."" ACS chemical biology 8.9 (2013): 2009-2016.","Barona-Gómez, Francisco, et al. ""Identification of a Cluster of Genes that Directs Desferrioxamine Biosynthesis in Streptomyces c oelicolor M145."" Journal of the American Chemical Society 126.50 (2004): 16282-16283.; Ronan, Jade L., et al. ""Desferrioxamine biosynthesis: diverse hydroxamate assembly by substrate-tolerant acyl transferase DesC."" Philosophical Transactions of the Royal Society B: Biological Sciences 373.1748 (2018): 20170068.",,,,,38,74,6,8,0,0.513513514,6.333333333,4.75,0,Yanzhao Wu; Jiqi Shao; Ruolin He,3,10,74,-4.84,3.740768179
726,Amphiphilic ferrioxamine 1,,1,3,0,0,0,0,0,0,0,0,0,0,0,0,0,6,Hydroxamate,NIS,CCCCCCCCCCC(=O)N(O)CCCCCNC(=O)CCC(=O)N(O)CCCCCNC(=O)CCC(=O)N(O)CCCCCN,"NOH-Cad, Suc, NOH-Cad, C11:0, Suc, NOH-Cad",6,1,0,C34H66N6O8,686.924724,Streptomyces coelicolor M145,1,0,0,0,1,0,0,0,0,0,0,0,0,0,0,0,Actinomycetota,Lys derivatives,,,,,,,,"Sidebottom, Ashley M., et al. ""Integrated metabolomics approach facilitates discovery of an unpredicted natural product suite from Streptomyces coelicolor M145."" ACS chemical biology 8.9 (2013): 2009-2016.","Barona-Gómez, Francisco, et al. ""Identification of a Cluster of Genes that Directs Desferrioxamine Biosynthesis in Streptomyces c oelicolor M145."" Journal of the American Chemical Society 126.50 (2004): 16282-16283.; Ronan, Jade L., et al. ""Desferrioxamine biosynthesis: diverse hydroxamate assembly by substrate-tolerant acyl transferase DesC."" Philosophical Transactions of the Royal Society B: Biological Sciences 373.1748 (2018): 20170068.",,,,,34,66,6,8,0,0.515151515,5.666666667,4.25,0,Yanzhao Wu; Jiqi Shao; Ruolin He,3,10,75,-4.093,3.861935504
718,Acyl-desferrioxamine C16,,1,3,0,0,0,0,0,0,0,0,0,0,0,0,0,6,Hydroxamate,NIS,CCCCCCCCCCCCCCCCC(=O)N(O)CCCCCNC(=O)CCC(=O)N(O)CCCCCNC(=O)CCC(=O)N(O)CCCCCN,"NOH-Cad, Suc, NOH-Cad, Suc, C5:0, NOH-Cad",6,1,0,C40H78N6O8,771.084456,Planomonospora sp.,1,0,0,0,1,0,0,0,0,0,0,0,0,0,0,0,Actinomycetota,Lys derivatives,,,,,,,,"Zdouc, Mitja M., et al. ""Planomonospora: a metabolomics perspective on an underexplored Actinobacteria genus."" Journal of Natural Products 84.2 (2021): 204-219.",,,,,,40,78,6,8,0,0.512820513,6.666666667,5,0,Yanzhao Wu; Jiqi Shao; Ruolin He,3,10,76,-5.15,3.685108335
735,Amphiphilic ferrioxamine 4,,1,3,0,0,0,0,0,0,0,0,0,0,0,0,0,6,Hydroxamate,NIS,CCCCCCCCCCCC(=O)N(O)CCCCCNC(=O)CCC(=O)N(O)CCCCCNC(=O)CCC(=O)N(O)CCCCCN,"NOH-Cad, Suc, NOH-Cad, C12:0, NOH-Cad, Suc",6,1,0,C35H68N6O8,700.951346,Streptomyces coelicolor M145,1,0,0,0,1,0,0,0,0,0,0,0,0,0,0,0,Actinomycetota,Lys derivatives,,,,,,,,"Sidebottom, Ashley M., et al. ""Integrated metabolomics approach facilitates discovery of an unpredicted natural product suite from Streptomyces coelicolor M145."" ACS chemical biology 8.9 (2013): 2009-2016.","Barona-Gómez, Francisco, et al. ""Identification of a Cluster of Genes that Directs Desferrioxamine Biosynthesis in Streptomyces c oelicolor M145."" Journal of the American Chemical Society 126.50 (2004): 16282-16283.; Ronan, Jade L., et al. ""Desferrioxamine biosynthesis: diverse hydroxamate assembly by substrate-tolerant acyl transferase DesC."" Philosophical Transactions of the Royal Society B: Biological Sciences 373.1748 (2018): 20170068.",,,,,35,68,6,8,0,0.514705882,5.833333333,4.375,0,Yanzhao Wu; Jiqi Shao; Ruolin He,3,10,77,-4.294,3.830310748
738,Amphiphilic ferrioxamine 7,,1,3,0,0,0,0,0,0,0,0,0,0,0,0,0,6,Hydroxamate,NIS,CCCCCCCCCCCCC(=O)N(O)CCCCCNC(=O)CCC(=O)N(O)CCCCCNC(=O)CCC(=O)N(O)CCCCCN,"NOH-Cad, Suc, NOH-Cad, C13:0, NOH-Cad, Suc",6,1,0,C36H70N6O8,714.977968,Streptomyces coelicolor M145,1,0,0,0,1,0,0,0,0,0,0,0,0,0,0,0,Actinomycetota,Lys derivatives,,,,,,,,"Sidebottom, Ashley M., et al. ""Integrated metabolomics approach facilitates discovery of an unpredicted natural product suite from Streptomyces coelicolor M145."" ACS chemical biology 8.9 (2013): 2009-2016.","Barona-Gómez, Francisco, et al. ""Identification of a Cluster of Genes that Directs Desferrioxamine Biosynthesis in Streptomyces c oelicolor M145."" Journal of the American Chemical Society 126.50 (2004): 16282-16283.; Ronan, Jade L., et al. ""Desferrioxamine biosynthesis: diverse hydroxamate assembly by substrate-tolerant acyl transferase DesC."" Philosophical Transactions of the Royal Society B: Biological Sciences 373.1748 (2018): 20170068.",,,,,36,70,6,8,0,0.514285714,6,4.5,0,Yanzhao Wu; Jiqi Shao; Ruolin He,3,10,78,-4.485,3.799603674
717,Acyl-desferrioxamine C15,,1,3,0,0,0,0,0,0,0,0,0,0,0,0,0,6,Hydroxamate,NIS,CCCCCCCCCCCCCCCC(=O)N(O)CCCCCNC(=O)CCC(=O)N(O)CCCCCNC(=O)CCC(=O)N(O)CCCCCN,"NOH-Cad, Suc, NOH-Cad, C16:0, Suc, NOH-Cad",6,1,0,C39H76N6O8,757.057834,Planomonospora sp.,1,0,0,0,1,0,0,0,0,0,0,0,0,0,0,0,Actinomycetota,Lys derivatives,,,,,,,,"Zdouc, Mitja M., et al. ""Planomonospora: a metabolomics perspective on an underexplored Actinobacteria genus."" Journal of Natural Products 84.2 (2021): 204-219.",,,,,,39,76,6,8,0,0.513157895,6.5,4.875,0,Yanzhao Wu; Jiqi Shao; Ruolin He,3,10,79,-5.001,3.712559706
355,Acyl-desferrioxamine 3,Acyl-ferrioxamine 3,1,3,0,0,0,0,0,0,0,0,0,0,0,0,0,6,Hydroxamate,NIS,CC[C@H](C)CCCCC(=O)N(O)CCCCCNC(=O)CCC(=O)N(O)CCCCCNC(=O)CCC(=O)N(O)CCCCCN,"NOH-Cad, Suc, NOH-Cad, Suc, NOH-Cad, aC9:0",6,1,0,C32H62N6O8,658.87148,Micrococcus luteus,1,0,0,0,1,0,0,0,0,0,0,0,0,0,0,0,Actinomycetota,Lys derivatives,,,,,,,,"D'Onofrio, Anthony, et al. ""Siderophores from neighboring organisms promote the growth of uncultured bacteria."" Chemistry & biology 17.3 (2010): 254-264.",,,,,,32,62,6,8,0,0.516129032,5.333333333,4,0,Shaohua Gu; Ruolin He,3,10,22,-3.684,3.928131885
354,Acyl-desferrioxamine 4,Aacyl-ferrioxamine 4,1,3,0,0,0,0,0,0,0,0,0,0,0,0,0,6,Hydroxamate,NIS,CC[C@H](C)CCCCCCC(=O)N(O)CCCCCNC(=O)CCC(=O)N(O)CCCCCNC(=O)CCC(=O)N(O)CCCCCN,"NOH-Cad, Suc, NOH-Cad, NOH-Cad, Suc, aC11:0",6,1,0,C34H66N6O8,686.924724,Micrococcus luteus,1,0,0,0,1,0,0,0,0,0,0,0,0,0,0,0,Actinomycetota,Lys derivatives,,,,,,,,"D'Onofrio, Anthony, et al. ""Siderophores from neighboring organisms promote the growth of uncultured bacteria."" Chemistry & biology 17.3 (2010): 254-264.",,,,,,34,66,6,8,0,0.515151515,5.666666667,4.25,0,Shaohua Gu; Ruolin He,3,10,21,-4.1,3.861935504
352,Microferrioxamine D,,1,3,0,0,0,0,0,0,0,0,0,0,0,0,0,6,Hydroxamate,NIS,CC(C)CCCCCCCCCCCCC(=O)N(O)CCCCCNC(=O)CCC(=O)N(O)CCCCCNC(=O)CCC(=O)N(O)CCCCCN,"NOH-Cad, Suc, NOH-Cad, iC16:0, Suc, NOH-Cad",6,1,0,C39H76N6O8,757.057834,Micromonospora sp.,1,0,0,0,1,0,0,0,0,0,0,0,0,0,0,0,Actinomycetota,Lys derivatives,,,,,,,,"Schulze, Christopher J., et al. ""“Function-first” lead discovery: mode of action profiling of natural product libraries using image-based screening."" Chemistry & biology 20.2 (2013): 285-295.",,,,,,39,76,6,8,0,0.513157895,6.5,4.875,0,Ruolin He,3,10,19,-4.991,3.712559706
351,Microferrioxamine C,,1,3,0,0,0,0,0,0,0,0,0,0,0,0,0,6,Hydroxamate,NIS,CC(C)CCCCCCCCCCCC(=O)N(O)CCCCCNC(=O)CCC(=O)N(O)CCCCCNC(=O)CCC(=O)N(O)CCCCCN,"NOH-Cad, Suc, NOH-Cad, Suc, iC15:0, NOH-Cad",6,1,0,C38H74N6O8,743.031212,Micromonospora sp.,1,0,0,0,1,0,0,0,0,0,0,0,0,0,0,0,Actinomycetota,Lys derivatives,,,,,,,,"Schulze, Christopher J., et al. ""“Function-first” lead discovery: mode of action profiling of natural product libraries using image-based screening."" Chemistry & biology 20.2 (2013): 285-295.",,,,,,38,74,6,8,0,0.513513514,6.333333333,4.75,0,Ruolin He,3,10,18,-4.833,3.740768179
353,Microferrioxamine B,,1,3,0,0,0,0,0,0,0,0,0,0,0,0,0,6,Hydroxamate,NIS,CC(C)CCCCCCCCCCC(=O)N(O)CCCCCNC(=O)CCC(=O)N(O)CCCCCNC(=O)CCC(=O)N(O)CCCCCN,"NOH-Cad, Suc, NOH-Cad, Suc, NOH-Cad, iC14:0",6,1,0,C37H72N6O8,729.00459,Micromonospora sp.,1,0,0,0,1,0,0,0,0,0,0,0,0,0,0,0,Actinomycetota,Lys derivatives,,,,,,,,"Schulze, Christopher J., et al. ""“Function-first” lead discovery: mode of action profiling of natural product libraries using image-based screening."" Chemistry & biology 20.2 (2013): 285-295.",,,,,,37,72,6,8,0,0.513888889,6.166666667,4.625,0,Ruolin He,3,10,20,-4.664,3.769769944
350,Microferrioxamine A,,1,3,0,0,0,0,0,0,0,0,0,0,0,0,0,6,Hydroxamate,NIS,CC(C)CCCCCCCCCC(=O)N(O)CCCCCNC(=O)CCC(=O)N(O)CCCCCNC(=O)CCC(=O)N(O)CCCCCN,"NOH-Cad, Suc, Suc, NOH-Cad, NOH-Cad, iC13:0",6,1,0,C36H70N6O8,714.977968,Micromonospora sp.,1,0,0,0,1,0,0,0,0,0,0,0,0,0,0,0,Actinomycetota,Lys derivatives,,,,,,,,"Schulze, Christopher J., et al. ""“Function-first” lead discovery: mode of action profiling of natural product libraries using image-based screening."" Chemistry & biology 20.2 (2013): 285-295.",,,,,,36,70,6,8,0,0.514285714,6,4.5,0,Ruolin He,3,10,17,-4.485,3.799603674
349,Tenacibactin D,,1,3,0,0,0,0,0,0,0,0,0,0,0,0,0,6,Hydroxamate,Putative NIS,CC(C)CC(=O)N(O)CCCCCNC(=O)CCC(=O)N(O)CCCCCNC(=O)CCC(=O)N(O)CCCCCN,"NOH-Cad, Suc, Suc, NOH-Cad, Iva, NOH-Cad",6,1,0,C28H54N6O8,602.764992,Tenacibaculum sp. A4K-17,1,0,0,0,0,0,0,0,1,0,0,0,0,0,0,0,Bacteroidota,Lys derivatives,,,,,,,,"Jang, Jae-Hyuk, et al. ""Tenacibactins A− D, Hydroxamate Siderophores from a Marine-Derived Bacterium, Tenacibaculum sp. A4K-17."" Journal of natural products 70.4 (2007): 563-566.",,,,,,28,54,6,8,0,0.518518519,4.666666667,3.5,0,Ruolin He,3,10,16,-2.829,4.073888118
362,Acyl-desferrioxamine 1,Acyl-ferrioxamine 1; Legonoxamine A,7,3,0,0,0,0,0,0,0,0,0,0,0,0,0,6,Hydroxamate,NIS,NCCCCCN(O)C(=O)CCC(=O)NCCCCCN(O)C(=O)CCC(=O)NCCCCCN(O)C(=O)Cc1ccccc1,"NOH-Cad, Suc, NOH-Cad, Pha, NOH-Cad, Suc",6,1,0,C31H52N6O8,636.78133,Streptomyces sp. MA37; Micrococcus luteus; Streptomyces sp. CC77; Streptomyces sp. CC53; Micrococcus sp. CH3; Micrococcus sp. CH7; Streptomyces venezuelae ATTC 10712,1,0,0,0,1,0,0,0,0,0,0,0,0,0,0,0,Actinomycetota,Lys derivatives,,,,,,,,"D'Onofrio, Anthony, et al. ""Siderophores from neighboring organisms promote the growth of uncultured bacteria."" Chemistry & biology 17.3 (2010): 254-264.; Cruz-Morales, Pablo, et al. ""Actinobacteria phylogenomics, selective isolation from an iron oligotrophic environment and siderophore functional characterization, unveil new desferrioxamine traits."" FEMS Microbiology Ecology 93.9 (2017): fix086.; Jones, Stephanie E., et al. ""Streptomyces volatile compounds influence exploration and microbial community dynamics by altering iron availability."" MBio 10.2 (2019): 10-1128.; Maglangit, Fleurdeliz, et al. ""Legonoxamines AB, two new hydroxamate siderophores from the soil bacterium, Streptomyces sp. MA37."" Tetrahedron letters 60.1 (2019): 75-79.","Maglangit, Fleurdeliz, et al. ""Legonoxamines AB, two new hydroxamate siderophores from the soil bacterium, Streptomyces sp. MA37."" Tetrahedron letters 60.1 (2019): 75-79.; Maglangit, Fleurdeliz, et al. ""Characterization of the promiscuous N-acyl CoA transferase, LgoC, in legonoxamine biosynthesis."" Organic & Biomolecular Chemistry 18.12 (2020): 2219-2222.",,,,,31,52,6,8,0,0.596153846,5.166666667,3.875,0,Ruolin He,3,10,29,-3.059,3.98325277
672,Fulvivirgamide A2,,1,3,0,0,0,0,0,0,0,0,0,0,0,0,0,6,Hydroxamate,NIS,O=C(O)CCC(=O)N(O)CCCCCNC(=O)CCC(=O)N(O)CCCCCNC(=O)CCC(=O)N(O)CCCCCNC(=O)Cc1ccccc1,"NOH-Cad, Pha, NOH-Cad, Suc, Suc, NOH-Cad, Suc",7,1,0,C35H56N6O11,736.854269,Fulvivirga sp. W222,1,0,0,0,0,0,0,0,1,0,0,0,0,0,0,0,Bacteroidota,Lys derivatives,,,,,,,,"Wang, Zong-Jie, et al. ""Genome mining and biosynthesis of primary amine-acylated desferrioxamines in a marine gliding bacterium."" Organic letters 22.3 (2020): 939-943.","Wang, Zong-Jie, et al. ""Genome mining and biosynthesis of primary amine-acylated desferrioxamines in a marine gliding bacterium."" Organic letters 22.3 (2020): 939-943.",,,,,35,56,6,11,0,0.625,5.833333333,3.181818182,0,Ruolin He,3,10,46,-3.463,3.753439789
363,Legonoxamine B,,1,1,0,0,1,0,0,0,0,0,0,0,0,0,0,3,Carboxylate/Hydroxamate,NIS,O=C(O)CCC(=O)NCCCCCN(O)C(=O)Cc1ccccc1,"NOH-Cad, Suc, Pha",3,1,0,C17H24N2O5,336.383595,Streptomyces sp. MA37,1,0,0,0,1,0,0,0,0,0,0,0,0,0,0,0,Actinomycetota,Lys derivatives,,,,,,,,"Maglangit, Fleurdeliz, et al. ""Legonoxamines AB, two new hydroxamate siderophores from the soil bacterium, Streptomyces sp. MA37."" Tetrahedron letters 60.1 (2019): 75-79.","Maglangit, Fleurdeliz, et al. ""Legonoxamines AB, two new hydroxamate siderophores from the soil bacterium, Streptomyces sp. MA37."" Tetrahedron letters 60.1 (2019): 75-79.; Maglangit, Fleurdeliz, et al. ""Characterization of the promiscuous N-acyl CoA transferase, LgoC, in legonoxamine biosynthesis."" Organic & Biomolecular Chemistry 18.12 (2020): 2219-2222.",,,,,17,24,2,5,0,0.708333333,8.5,3.4,0,Ruolin He,3,10,30,-2.313,5.201843182
364,Terragine D,,1,2,0,0,0,0,0,0,0,0,0,0,0,0,0,4,Hydroxamate,Putative NIS,CC(=O)NCCCCCN(O)C(=O)CCC(=O)NCCCCCN(O)C(=O)Cc1ccccc1,"NOH-Cad, Pha, NAc-7OH-Cad, Suc",4,1,0,C24H38N4O6,478.58276,Streptomyces lividans,1,0,0,0,1,0,0,0,0,0,0,0,0,0,0,0,Actinomycetota,Lys derivatives,,,,,,,,"Wang, Gui-Yang-Sheng, et al. ""Novel natural products from soil DNA libraries in a streptomycete host."" Organic letters 2.16 (2000): 2401-2404.",,,,,,24,38,4,6,0,0.631578947,6,4,0,Ruolin He,3,10,31,-3.014,4.481984084
365,Acyl-desferrioxamine 2,Acyl-ferrioxamine 2,1,3,0,0,0,0,0,0,0,0,0,0,0,0,0,6,Hydroxamate,NIS,CC(=O)NCCCCCN(O)C(=O)CCC(=O)NCCCCCN(O)C(=O)CCC(=O)NCCCCCN(O)C(=O)Cc1ccccc1,"NAc-7OH-Cad, Suc, NOH-Cad, Suc, NOH-Cad, Pha",6,1,0,C33H54N6O9,678.818097,Micrococcus luteus,1,0,0,0,1,0,0,0,0,0,0,0,0,0,0,0,Actinomycetota,Lys derivatives,,,,,,,,"D'Onofrio, Anthony, et al. ""Siderophores from neighboring organisms promote the growth of uncultured bacteria."" Chemistry & biology 17.3 (2010): 254-264.",,,,,,33,54,6,9,0,0.611111111,5.5,3.666666667,0,Shaohua Gu; Ruolin He,3,10,32,-3.503,3.880649842
366,Terragine C,,1,1,0,0,0,0,0,0,0,0,0,0,0,0,0,2,Hydroxamate,Putative NIS,CC(=O)NCCCCCN(O)C(=O)Cc1ccccc1,"NAc-7OH-Cad, Pha",2,1,0,C15H22N2O3,278.347423,Streptomyces lividans,1,0,0,0,1,0,0,0,0,0,0,0,0,0,0,0,Actinomycetota,Lys derivatives,,,,,,,,"Wang, Gui-Yang-Sheng, et al. ""Novel natural products from soil DNA libraries in a streptomycete host."" Organic letters 2.16 (2000): 2401-2404.",,,,,,15,22,2,3,0,0.681818182,7.5,5,0,Ruolin He,3,10,33,-2.261,5.644245151
367,Terragine A,,1,2,0,0,0,0,0,0,0,0,0,0,0,0,0,4,Hydroxamate,Putative NIS,O=C(CCC(=O)N(O)CCCCCN1C(=O)CCC1=O)NCCCCCN(O)C(=O)Cc1ccccc1,"NOH-Cad, Suc, NOH-Nsuc-Cad, Pha",4,1,0,C26H38N4O7,518.603645,Streptomyces lividans,1,0,0,0,1,0,0,0,0,0,0,0,0,0,0,0,Actinomycetota,Lys derivatives,,,,,,,,"Wang, Gui-Yang-Sheng, et al. ""Novel natural products from soil DNA libraries in a streptomycete host."" Organic letters 2.16 (2000): 2401-2404.",,,,,,26,38,4,7,0,0.684210526,6.5,3.714285714,0,Ruolin He,3,10,34,-3.593,4.334730333
644,Nocardichelin A,,2,2,0,0,0,0,0,1,0,0,0,0,0,0,0,6,Hydroxamate/Hydroxyphenyloxazoline,Hybrid NRPS/NIS,CCCCCCCCCCCCC/C=C\C(=O)N(O)CCCCCNC(=O)CCC(=O)N(O)CCCCCNC(=O)[C@@H]1COC(c2ccccc2O)=N1,"NOH-Cad, C16:1(9), Suc, Ser, SA, NOH-Cad",6,1,0,C40H65N5O8,743.97452,Nocardia sp. Acta 3026; Gordonia rubripertincta CWB2,1,0,0,0,1,0,0,0,0,0,0,0,0,0,0,0,Actinomycetota,Lys derivatives,,,SA+Ser,,,,,"Schneider, Kathrin, et al. ""Nocardichelins A and B, siderophores from Nocardia strain acta 3026."" Journal of natural products 70.6 (2007): 932-935.; Augustijn, Hannah E., et al. ""Prediction of gene cluster function based on transcriptional regulatory networks uncovers a novel locus required for desferrioxamine B biosynthesis."" bioRxiv (2024): 2024-06.",,,,,,40,65,5,8,0,0.615384615,8,5,0,Ruolin He,1,35,2,-5.746,3.73884666
643,Nocardichelin B,,2,2,0,0,0,0,0,1,0,0,0,0,0,0,0,6,Hydroxamate/Hydroxyphenyloxazoline,Hybrid NRPS/NIS,CCCCCCCCCCC/C=C\C(=O)N(O)CCCCCNC(=O)CCC(=O)N(O)CCCCCNC(=O)[C@@H]1COC(c2ccccc2O)=N1,"Ser, SA, NOH-Cad, Suc, NOH-Cad, C14:1(7)",6,1,0,C38H61N5O8,715.921276,Nocardia sp. Acta 3026; Gordonia rubripertincta CWB2,1,0,0,0,1,0,0,0,0,0,0,0,0,0,0,0,Actinomycetota,Lys derivatives,,,SA+Ser,,,,,"Schneider, Kathrin, et al. ""Nocardichelins A and B, siderophores from Nocardia strain acta 3026."" Journal of natural products 70.6 (2007): 932-935.; Augustijn, Hannah E., et al. ""Prediction of gene cluster function based on transcriptional regulatory networks uncovers a novel locus required for desferrioxamine B biosynthesis."" bioRxiv (2024): 2024-06.",,,,,,38,61,5,8,0,0.62295082,7.6,4.75,0,Ruolin He,1,35,1,-5.468,3.797570403
639,Frankobactin A2,,1,1,0,0,0,0,0,1,0,0,0,0,0,0,0,4,Hydroxamate/Hydroxyphenyloxazoline,NRPS,C[C@H]1OC(=O)[C@H](CCCN(O)C=O)NC(=O)[C@H](CCCN)NC(=O)C(CCCNO)N(C)C(=O)[C@@H]1NC(=O)CCNC(=O)[C@@H]1COC(c2ccccc2O)=N1,"Fo-OH-Orn, Orn, Ser, SA, aThr/Thr, NMe-OH-Orn, bAla",7,1,0,C34H51N9O12,777.823338,Frankia sp. CH37,1,0,0,0,1,0,0,0,0,0,0,0,0,0,0,0,Actinomycetota,Orn derivatives,,,SA+Ser,,,,,"Mohr, Jan Frieder, et al. ""Frankobactin metallophores produced by nitrogen-fixing Frankia actinobacteria function in toxic metal sequestration."" Journal of Natural Products 84.4 (2021): 1216-1225.","Mohr, Jan Frieder, et al. ""Frankobactin metallophores produced by nitrogen-fixing Frankia actinobacteria function in toxic metal sequestration."" Journal of Natural Products 84.4 (2021): 1216-1225.",,,,,34,51,9,12,0,0.666666667,3.777777778,2.833333333,0,Ruolin He,1,32,2,-2.681,3.672178925
638,Frankobactin B2,,1,1,0,0,0,0,0,1,0,0,0,0,0,0,0,4,Hydroxamate/Hydroxyphenyloxazoline,NRPS,C[C@H]1OC(=O)[C@H](CCCN(O)C=O)NC(=O)[C@H](CCCN)NC(=O)C(CCCNO)N(C)C(=O)[C@@H]1NC(=O)CNC(=O)[C@@H]1COC(c2ccccc2O)=N1,"Ser, SA, aThr/Thr, Fo-OH-Orn, Gly, Orn, NMe-OH-Orn",7,1,0,C33H49N9O12,763.796716,Frankia sp. CH37,1,0,0,0,1,0,0,0,0,0,0,0,0,0,0,0,Actinomycetota,Orn derivatives,,,SA+Ser,,,,,"Mohr, Jan Frieder, et al. ""Frankobactin metallophores produced by nitrogen-fixing Frankia actinobacteria function in toxic metal sequestration."" Journal of Natural Products 84.4 (2021): 1216-1225.","Mohr, Jan Frieder, et al. ""Frankobactin metallophores produced by nitrogen-fixing Frankia actinobacteria function in toxic metal sequestration."" Journal of Natural Products 84.4 (2021): 1216-1225.",,,,,33,49,9,12,0,0.673469388,3.666666667,2.75,0,Ruolin He,1,32,1,-2.619,3.69927875
574,Cahuitamycin B,,1,1,0,1,0,0,0,0,0,0,0,0,0,0,0,3,Hydroxamate/Phenolate,NRPS,O=CN(O)CCC[C@@H](NC(=O)[C@H](CO)NC(=O)[C@H](CO)NC(=O)c1ccccc1O)C(=O)N1NCCC[C@@H]1C(=O)NCCC(=O)O,"bAla, 3COOH-HexHPd, Ser, SA, Ser, Fo-OH-Orn",6,1,0,C27H39N7O12,653.63946,Streptomyces gandocaensis,1,0,0,0,1,0,0,0,0,0,0,0,0,0,0,0,Actinomycetota,Orn derivatives,,,,,,,,"Park, Sung Ryeol, et al. ""Discovery of cahuitamycins as biofilm inhibitors derived from a convergent biosynthetic pathway."" Nature Communications 7.1 (2016): 10710.","Park, Sung Ryeol, et al. ""Discovery of cahuitamycins as biofilm inhibitors derived from a convergent biosynthetic pathway."" Nature Communications 7.1 (2016): 10710.",,,,,27,39,7,12,0,0.692307692,3.857142857,2.25,0,Ruolin He,1,28,9,-1.911,3.94093855
573,Cahuitamycin C,,1,1,0,0,0,0,0,1,0,0,0,0,0,0,0,4,Hydroxamate/Hydroxyphenyloxazoline,NRPS,Cc1cccc(O)c1C1=N[C@H](C(=O)N[C@@H](CO)C(=O)N[C@H](CCCN(O)C=O)C(=O)N2NCCC[C@@H]2C(=O)NCCC(=O)O)CO1,"Ser, 6Me-SA, Ser, 3COOH-HexHPd, Fo-OH-Orn, bAla",6,1,0,C28H39N7O11,649.650795,Streptomyces gandocaensis,1,0,0,0,1,0,0,0,0,0,0,0,0,0,0,0,Actinomycetota,Orn derivatives,,,6Me-SA+Ser,,,,,"Park, Sung Ryeol, et al. ""Discovery of cahuitamycins as biofilm inhibitors derived from a convergent biosynthetic pathway."" Nature Communications 7.1 (2016): 10710.","Park, Sung Ryeol, et al. ""Discovery of cahuitamycins as biofilm inhibitors derived from a convergent biosynthetic pathway."" Nature Communications 7.1 (2016): 10710.",,,,,28,39,7,11,0,0.717948718,4,2.545454545,0,Ruolin He,1,28,8,-2.521,3.950803758
572,Cahuitamycin F,,1,1,0,0,0,0,0,1,0,0,0,0,0,0,0,4,Hydroxamate/Hydroxyphenyloxazoline,NRPS,Cc1ccc(C2=N[C@H](C(=O)N[C@@H](CO)C(=O)N[C@H](CCCN(O)C=O)C(=O)N3NCCC[C@@H]3C(=O)NCCC(=O)O)CO2)c(O)c1,"Fo-OH-Orn, Ser, Ser, 3COOH-HexHPd, 4Me-SA, bAla",6,1,0,C28H39N7O11,649.650795,Streptomyces gandocaensis,1,0,0,0,1,0,0,0,0,0,0,0,0,0,0,0,Actinomycetota,Orn derivatives,,,4Me-SA+Ser,,,,,"Tripathi, Ashootosh, et al. ""A Defined and Flexible Pocket Explains Aryl Substrate Promiscuity of the Cahuitamycin Starter Unit–Activating Enzyme CahJ."" ChemBioChem 19.15 (2018): 1595-1600.","Park, Sung Ryeol, et al. ""Discovery of cahuitamycins as biofilm inhibitors derived from a convergent biosynthetic pathway."" Nature Communications 7.1 (2016): 10710.",,,,,28,39,7,11,0,0.717948718,4,2.545454545,0,Ruolin He,1,28,7,-2.536,3.950803758
571,Cahuitamycin D,,1,1,0,0,0,0,0,1,0,0,0,0,0,0,0,4,Hydroxamate/Hydroxyphenyloxazoline,NRPS,Cc1ccc(O)c(C2=N[C@H](C(=O)N[C@@H](CO)C(=O)N[C@H](CCCN(O)C=O)C(=O)N3NCCC[C@@H]3C(=O)NCCC(=O)O)CO2)c1,"bAla, 3COOH-HexHPd, Ser, Ser, Fo-OH-Orn, 5Me-SA",6,1,0,C28H39N7O11,649.650795,Streptomyces gandocaensis,1,0,0,0,1,0,0,0,0,0,0,0,0,0,0,0,Actinomycetota,Orn derivatives,,,5Me-SA+Ser,,,,,"Park, Sung Ryeol, et al. ""Discovery of cahuitamycins as biofilm inhibitors derived from a convergent biosynthetic pathway."" Nature Communications 7.1 (2016): 10710.","Park, Sung Ryeol, et al. ""Discovery of cahuitamycins as biofilm inhibitors derived from a convergent biosynthetic pathway."" Nature Communications 7.1 (2016): 10710.",,,,,28,39,7,11,0,0.717948718,4,2.545454545,0,Ruolin He,1,28,6,-2.535,3.950803758
570,Cahuitamycin A,,1,1,0,0,0,0,0,1,0,0,0,0,0,0,0,4,Hydroxamate/Hydroxyphenyloxazoline,NRPS,O=CN(O)CCC[C@@H](NC(=O)[C@H](CO)NC(=O)[C@@H]1COC(c2ccccc2O)=N1)C(=O)N1NCCC[C@@H]1C(=O)NCCC(=O)O,"Ser, SA, Ser, 3COOH-HexHPd, Fo-OH-Orn, bAla",6,1,0,C27H37N7O11,635.624173,Streptomyces gandocaensis,1,0,0,0,1,0,0,0,0,0,0,0,0,0,0,0,Actinomycetota,Orn derivatives,,,SA+Ser,,,,,"Park, Sung Ryeol, et al. ""Discovery of cahuitamycins as biofilm inhibitors derived from a convergent biosynthetic pathway."" Nature Communications 7.1 (2016): 10710.","Park, Sung Ryeol, et al. ""Discovery of cahuitamycins as biofilm inhibitors derived from a convergent biosynthetic pathway."" Nature Communications 7.1 (2016): 10710.",,,,,27,37,7,11,0,0.72972973,3.857142857,2.454545455,0,Ruolin He,1,28,5,-2.343,3.98621781
569,Cahuitamycin E,,1,1,0,0,0,0,0,1,0,0,0,0,0,0,0,4,Hydroxamate/Hydroxyphenyloxazoline,NRPS,Cc1ccc(O)c(C2=N[C@H](C(=O)N[C@@H](CO)C(=O)N[C@H](CCCN(O)C=O)C(=O)N[C@H](CCCNO)C(=O)NCCC(=O)O)CO2)c1,"Ser, 5Me-SA, Ser, bAla, OH-Orn, Fo-OH-Orn",6,1,0,C28H41N7O12,667.666082,Streptomyces gandocaensis,1,0,0,0,1,0,0,0,0,0,0,0,0,0,0,0,Actinomycetota,Orn derivatives,,,5Me-SA+Ser,,,,,"Park, Sung Ryeol, et al. ""Discovery of cahuitamycins as biofilm inhibitors derived from a convergent biosynthetic pathway."" Nature Communications 7.1 (2016): 10710.","Park, Sung Ryeol, et al. ""Discovery of cahuitamycins as biofilm inhibitors derived from a convergent biosynthetic pathway."" Nature Communications 7.1 (2016): 10710.",,,,,28,41,7,12,0,0.682926829,4,2.333333333,0,Ruolin He,1,28,4,-2.233,3.906939199
741,Amychelin B,,1,2,0,0,0,0,0,1,0,0,0,0,0,0,0,6,Hydroxamate/Hydroxyphenyloxazoline,NRPS,O=CN(O)CCC[C@@H](NC(=O)[C@H](CO)NC(=O)[C@@H](CO)NC(=O)[C@H](CO)NC(=O)[C@H]1COC(c2ccccc2O)=N1)C(=O)N[C@H](CCCNO)C(=O)O,"Ser, Ser, Fo-OH-Orn, Ser, OH-Orn, Ser, SA",7,1,0,C30H44N8O15,756.716303,Amycolatopsis methanolica 239T,1,0,0,0,1,0,0,0,0,0,0,0,0,0,0,0,Actinomycetota,Orn derivatives,,,SA+Ser,,,,,"Xie, Feng, et al. ""Generation of fluorinated amychelin siderophores against Pseudomonas aeruginosa infections by a combination of genome mining and mutasynthesis."" Cell Chemical Biology 27.12 (2020): 1532-1543.","Seyedsayamdost, Mohammad R., et al. ""Structure and biosynthesis of amychelin, an unusual mixed-ligand siderophore from Amycolatopsis sp. AA4."" Journal of the American Chemical Society 133.30 (2011): 11434-11437.",,,,,30,44,8,15,0,0.681818182,3.75,2,0,Ruolin He,1,28,10,-1.752,3.713237413
567,Frankobactin B1,,1,1,0,0,0,0,0,1,0,0,0,0,0,0,0,4,Hydroxamate/Hydroxyphenyloxazoline,NRPS,C[C@@H](O)[C@@H](NC(=O)CNC(=O)[C@@H]1COC(c2ccccc2O)=N1)C(=O)N(C)C(CCCNO)C(=O)N[C@@H](CCCN)C(=O)N[C@@H](CCCN(O)C=O)C(=O)O,"Ser, SA, aThr/Thr, Gly, NMe-OH-Orn, Fo-OH-Orn, Orn",7,1,0,C33H51N9O13,781.812003,Frankia sp. CH37,1,0,0,0,1,0,0,0,0,0,0,0,0,0,0,0,Actinomycetota,Orn derivatives,,,SA+Ser,,,,,"Mohr, Jan Frieder, et al. ""Frankobactin metallophores produced by nitrogen-fixing Frankia actinobacteria function in toxic metal sequestration."" Journal of Natural Products 84.4 (2021): 1216-1225.","Mohr, Jan Frieder, et al. ""Frankobactin metallophores produced by nitrogen-fixing Frankia actinobacteria function in toxic metal sequestration."" Journal of Natural Products 84.4 (2021): 1216-1225.",,,,,33,51,9,13,0,0.647058824,3.666666667,2.538461538,0,Ruolin He,1,28,2,-1.999,3.664603322
568,Frankobactin A1,,1,1,0,0,0,0,0,1,0,0,0,0,0,0,0,4,Hydroxamate/Hydroxyphenyloxazoline,NRPS,C[C@@H](O)[C@@H](NC(=O)CCNC(=O)[C@@H]1COC(c2ccccc2O)=N1)C(=O)N(C)C(CCCNO)C(=O)N[C@@H](CCCN)C(=O)N[C@@H](CCCN(O)C=O)C(=O)O,"Ser, SA, aThr/Thr, bAla, NMe-OH-Orn, Orn, Fo-OH-Orn",7,1,0,C34H53N9O13,795.838625,Frankia sp. CH37,1,0,0,0,1,0,0,0,0,0,0,0,0,0,0,0,Actinomycetota,Orn derivatives,,,SA+Ser,,,,,"Mohr, Jan Frieder, et al. ""Frankobactin metallophores produced by nitrogen-fixing Frankia actinobacteria function in toxic metal sequestration."" Journal of Natural Products 84.4 (2021): 1216-1225.","Mohr, Jan Frieder, et al. ""Frankobactin metallophores produced by nitrogen-fixing Frankia actinobacteria function in toxic metal sequestration."" Journal of Natural Products 84.4 (2021): 1216-1225.",,,,,34,53,9,13,0,0.641509434,3.777777778,2.615384615,0,Ruolin He,1,28,3,-2.05,3.638406673
566,Frankobactin C1,,1,1,0,0,0,0,0,1,0,0,0,0,0,0,0,4,Hydroxamate/Hydroxyphenyloxazoline,NRPS,CC(=O)N(O)CCC[C@H](NC(=O)[C@H](CCCN)NC(=O)C(CCCNO)N(C)C(=O)[C@H](NC(=O)CCNC(=O)[C@@H]1COC(c2ccccc2O)=N1)[C@@H](C)O)C(=O)O,"Ac-OH-Orn, Orn, Ser, SA, NMe-OH-Orn, aThr/Thr, bAla",7,1,0,C35H55N9O13,809.865247,Frankia sp. CH37,1,0,0,0,1,0,0,0,0,0,0,0,0,0,0,0,Actinomycetota,Orn derivatives,,,SA+Ser,,,,,"Mohr, Jan Frieder, et al. ""Frankobactin metallophores produced by nitrogen-fixing Frankia actinobacteria function in toxic metal sequestration."" Journal of Natural Products 84.4 (2021): 1216-1225.","Mohr, Jan Frieder, et al. ""Frankobactin metallophores produced by nitrogen-fixing Frankia actinobacteria function in toxic metal sequestration."" Journal of Natural Products 84.4 (2021): 1216-1225.",,,,,35,55,9,13,0,0.636363636,3.888888889,2.692307692,0,Ruolin He,1,28,1,-2.212,3.612878396
645,Fimsbactin F,,2,1,1,0,0,0,0,1,0,0,0,0,0,0,1,5,Catecholate/Hydroxamate/Hydroxyphenyloxazoline,NRPS,CC(=O)N(O)CCCCNC(=O)[C@H](CO)NC(=O)[C@@H]1COC(c2cccc(O)c2O)=N1,"Ser, diOH-Bz, NAc-NOH-Put, Ser",4,1,0,C19H26N4O8,438.432578,Acinetobacter baumannii; Acinetobacter baylyi,1,0,0,0,0,0,0,1,0,0,0,0,0,0,0,0,Pseudomonadota,Lys derivatives,diOH-Bz,,SA+Ser,,,,,"Proschak, Anna, et al. ""Structure and Biosynthesis of Fimsbactins A–F, Siderophores from Acinetobacter baumannii and Acinetobacter baylyi."" ChemBioChem 14.5 (2013): 633-638.","Proschak, Anna, et al. ""Structure and Biosynthesis of Fimsbactins A–F, Siderophores from Acinetobacter baumannii and Acinetobacter baylyi."" ChemBioChem 14.5 (2013): 633-638.",,,,,19,26,4,8,0,0.730769231,4.75,2.375,0,Ruolin He,1,36,1,-2.151,4.649359893
646,Fimsbactin A,,2,1,2,0,0,0,0,1,0,0,0,0,0,0,1,7,Catecholate/Hydroxamate/Hydroxyphenyloxazoline,NRPS,CC(=O)N(O)CCCCNC(=O)[C@H](COC(=O)c1cccc(O)c1O)NC(=O)[C@@H]1COC(c2cccc(O)c2O)=N1,"Ser, Ser, diOH-Bz, diOH-Bz, NAc-NOH-Put",5,1,0,C26H30N4O11,574.537737,Acinetobacter baumannii; Acinetobacter baylyi,1,0,0,0,0,0,0,1,0,0,0,0,0,0,0,0,Pseudomonadota,Lys derivatives,diOH-Bz,,SA+Ser,,,,,"Proschak, Anna, et al. ""Structure and Biosynthesis of Fimsbactins A–F, Siderophores from Acinetobacter baumannii and Acinetobacter baylyi."" ChemBioChem 14.5 (2013): 633-638.","Proschak, Anna, et al. ""Structure and Biosynthesis of Fimsbactins A–F, Siderophores from Acinetobacter baumannii and Acinetobacter baylyi."" ChemBioChem 14.5 (2013): 633-638.",,,,,26,30,4,11,0,0.866666667,6.5,2.363636364,0,Ruolin He,1,36,2,-3.627,4.155038477
647,Fimsbactin B,,2,1,2,0,0,0,0,1,0,0,0,0,0,0,1,7,Catecholate/Hydroxamate/Hydroxyphenyloxazoline,NRPS,CC(=O)N(O)CCCCNC(=O)[C@H](COC(=O)c1cccc(O)c1O)NC(=O)[C@H]1N=C(c2cccc(O)c2O)O[C@@H]1C,"aThr/Thr, diOH-Bz, Ser, diOH-Bz, NAc-NOH-Put",5,1,0,C27H32N4O11,588.564359,Acinetobacter baumannii; Acinetobacter baylyi,1,0,0,0,0,0,0,1,0,0,0,0,0,0,0,0,Pseudomonadota,Lys derivatives,diOH-Bz,,SA+Ser,,,,,"Proschak, Anna, et al. ""Structure and Biosynthesis of Fimsbactins A–F, Siderophores from Acinetobacter baumannii and Acinetobacter baylyi."" ChemBioChem 14.5 (2013): 633-638.","Proschak, Anna, et al. ""Structure and Biosynthesis of Fimsbactins A–F, Siderophores from Acinetobacter baumannii and Acinetobacter baylyi."" ChemBioChem 14.5 (2013): 633-638.",,,,,27,32,4,11,0,0.84375,6.75,2.454545455,0,Ruolin He,1,36,3,-3.787,4.113994097
648,Fimsbactin C,,2,1,2,0,0,0,0,1,0,0,0,0,0,0,1,7,Catecholate/Hydroxamate/Hydroxyphenyloxazoline,NRPS,CC(=O)N(O)CCCCNC(=O)[C@@H](NC(=O)[C@H]1N=C(c2cccc(O)c2O)O[C@@H]1C)[C@@H](C)OC(=O)c1cccc(O)c1O,"NAc-NOH-Put, aThr/Thr, aThr/Thr, diOH-Bz, diOH-Bz",5,1,0,C28H34N4O11,602.590981,Acinetobacter baumannii; Acinetobacter baylyi,1,0,0,0,0,0,0,1,0,0,0,0,0,0,0,0,Pseudomonadota,Lys derivatives,diOH-Bz,,SA+Ser,,,,,"Proschak, Anna, et al. ""Structure and Biosynthesis of Fimsbactins A–F, Siderophores from Acinetobacter baumannii and Acinetobacter baylyi."" ChemBioChem 14.5 (2013): 633-638.","Proschak, Anna, et al. ""Structure and Biosynthesis of Fimsbactins A–F, Siderophores from Acinetobacter baumannii and Acinetobacter baylyi."" ChemBioChem 14.5 (2013): 633-638.",,,,,28,34,4,11,0,0.823529412,7,2.545454545,0,Ruolin He,1,36,4,-3.959,4.074371096
649,Catenulobactin B,,1,0,0,0,0,0,0,2,0,0,0,0,0,0,0,4,Hydroxyphenyloxazoline,Putative NRPS,C[C@H]1OC(c2ccccc2O)=N[C@@H]1C(=O)N[C@H](CCCN(O)C(=O)[C@H]1N=C(c2ccccc2O)O[C@@H]1C)C(=O)O,"OH-Orn, aThr/Thr, aThr/Thr, SA, SA",5,1,0,C27H30N4O9,554.549667,Catenuloplanes sp.,1,0,0,0,1,0,0,0,0,0,0,0,0,0,0,0,Actinomycetota,,,,SA+Thr,,,,,"Hoshino, Shotaro, et al. ""Catenulobactins A and B, heterocyclic peptides from culturing Catenuloplanes sp. with a mycolic acid-containing bacterium."" Journal of natural products 81.9 (2018): 2106-2110.",,,,,,27,30,4,9,0,0.9,6.75,3,0,Ruolin He,1,43,1,-4.222,4.216159529
189,Transvalencin Z,,1,0,0,0,0,0,0,1,0,0,0,0,0,0,0,2,Hydroxyphenyloxazoline,Putative NRPS,O=CNCCCCC(NC(=O)C1COC(c2ccccc2O)=N1)C(=O)O,"Ser, SA, N7-Lys",3,1,0,C17H21N3O6,363.36588,Nocardia transvalensis IFM 10065,1,0,0,0,1,0,0,0,0,0,0,0,0,0,0,0,Actinomycetota,,,,SA+Ser,,,,,"Mukai, Akira, et al. ""Transvalencin Z, a new antimicrobial compound with salicylic acid residue from Nocardia transvalensis IFM 10065."" The Journal of antibiotics 59.6 (2006): 366-369.",,,,,,17,21,3,6,0,0.80952381,5.666666667,2.833333333,0,Ruolin He,1,44,1,-2.172,5.033367765
188,Fimsbactin D,,2,0,2,0,0,0,0,1,0,0,0,0,0,0,1,5,Catecholate/Hydroxyphenyloxazoline,NRPS,CC(=O)NCCCNC(=O)[C@H](COC(=O)c1cccc(O)c1O)NC(=O)[C@@H]1COC(c2cccc(O)c2O)=N1,"Ser, Ser, diOH-Bz, diOH-Bz, NAc-DAP",5,1,0,C25H28N4O10,544.51171,Acinetobacter baumannii; Acinetobacter baylyi,1,0,0,0,0,0,0,1,0,0,0,0,0,0,0,0,Pseudomonadota,,diOH-Bz,,SA+Ser,,,,,"Proschak, Anna, et al. ""Structure and Biosynthesis of Fimsbactins A–F, Siderophores from Acinetobacter baumannii and Acinetobacter baylyi."" ChemBioChem 14.5 (2013): 633-638.","Proschak, Anna, et al. ""Structure and Biosynthesis of Fimsbactins A–F, Siderophores from Acinetobacter baumannii and Acinetobacter baylyi."" ChemBioChem 14.5 (2013): 633-638.",,,,,25,28,4,10,0,0.892857143,6.25,2.5,0,Ruolin He,1,44,2,-3.552,4.248099798
187,Fimsbactin E,,2,0,2,0,0,0,0,1,0,1,0,0,0,0,1,7,Alpha-Aminocarboxylate/Catecholate/Hydroxyphenyloxazoline,NRPS,O=C(OC[C@H](NC(=O)[C@@H]1COC(c2cccc(O)c2O)=N1)C(=O)O)c1cccc(O)c1O,"Ser, diOH-Bz, Ser, diOH-Bz",4,1,0,C20H18N2O10,446.365194,Acinetobacter baumannii; Acinetobacter baylyi,1,0,0,0,0,0,0,1,0,0,0,0,0,0,0,0,Pseudomonadota,,diOH-Bz,,SA+Ser,,,,,"Proschak, Anna, et al. ""Structure and Biosynthesis of Fimsbactins A–F, Siderophores from Acinetobacter baumannii and Acinetobacter baylyi."" ChemBioChem 14.5 (2013): 633-638.","Proschak, Anna, et al. ""Structure and Biosynthesis of Fimsbactins A–F, Siderophores from Acinetobacter baumannii and Acinetobacter baylyi."" ChemBioChem 14.5 (2013): 633-638.",,,,,20,18,2,10,0,1.111111111,10,2,0,Ruolin He,1,44,3,-3.582,4.61452092
190,Catenulobactin A,,1,0,0,1,0,0,0,1,0,0,0,0,0,0,0,3,Hydroxyphenyloxazoline/Phenolate,Putative NRPS,C[C@@H]1ON(CCC[C@@H](NC(=O)[C@H]2N=C(c3ccccc3O)O[C@@H]2C)C(=O)O)C(=O)[C@H]1NC(=O)c1ccccc1O,"Orn, aThr/Thr, aThr/Thr, SA, SA",5,1,0,C27H30N4O9,554.549667,Catenuloplanes sp.,1,0,0,0,1,0,0,0,0,0,0,0,0,0,0,0,Actinomycetota,,,,SA+Thr,,,,,"Hoshino, Shotaro, et al. ""Catenulobactins A and B, heterocyclic peptides from culturing Catenuloplanes sp. with a mycolic acid-containing bacterium."" Journal of natural products 81.9 (2018): 2106-2110.",,,,,,27,30,4,9,0,0.9,6.75,3,0,Ruolin He,1,45,1,-4.293,4.216159529
141,Sorangibactin B,,1,0,0,0,1,0,0,1,0,0,0,0,0,0,0,3,Carboxylate/Hydroxyphenyloxazoline,NRPS,CN1C(c2coc(-c3ccccc3O)n2)SCC1C1SCC(C(=O)NC(CCS)C(=O)O)N1C,"NMe-Cys, NMe-Cys, DL-Hcy, aFo-Gly, SA",5,1,0,C22H28N4O5S3,524.676865,Pendulispora rubella,1,0,0,0,0,0,0,0,0,1,0,0,0,0,0,0,Myxococcota,,,,SA+Ser,,,,,"Gao, Yunsheng, et al. ""Genome-Guided Discovery of the Myxobacterial Thiolactone-Containing Sorangibactins."" ACS Chemical Biology (2023).","Gao, Yunsheng, et al. ""Genome-Guided Discovery of the Myxobacterial Thiolactone-Containing Sorangibactins."" ACS Chemical Biology (2023).",,,,,22,28,4,5,3,0.785714286,5.5,4.4,7.333333333,Ruolin He,1,41,1,-3.759,4.313854862
805,Fatuamide A,,1,0,0,0,0,0,0,0,1,0,0,0,0,0,0,2,Hydroxyphenylthiazoline,Hybrid NRPS/PKS,C[C@H](C[C@@H](C)CCC(=O)N[C@@H](Cc1ccccc1)[C@H](O)C[C@H](O)CC(=O)N[C@@H](Cc1ccccc1)[C@H](O)CC(=O)NCC(=O)O)C[C@@H]1CSC(c2ccccc2O)=N1,"X0, SA, 4NH2-3OH-5Ph-PA, X1, Gly",5,0.465517241,2,C44H58N4O9S,819.019395,Leptolyngbya sp. ASX22JUL14-2,1,0,0,0,0,1,0,0,0,0,0,0,0,0,0,0,Cyanobacteriota,,,,,SA+Unknown,,,,"Alexander, Kelsey L., et al. ""Fatuamide A, a Hybrid PKS/NRPS Metallophore from a Leptolyngbya sp. Marine Cyanobacterium Collected in American Samoa."" Journal of Natural Products (2025).","Alexander, Kelsey L., et al. ""Fatuamide A, a Hybrid PKS/NRPS Metallophore from a Leptolyngbya sp. Marine Cyanobacterium Collected in American Samoa."" Journal of Natural Products (2025).",,,,,44,58,4,9,1,0.75862069,11,4.888888889,44,Ruolin He,1,50,1,-4.476,3.596564738
806,Fatuamide B,,1,0,0,0,0,0,2,0,1,0,0,0,0,0,0,6,Alpha-Hydroxycarboxylate/Hydroxyphenylthiazoline,Hybrid NRPS/PKS,CC(O)C(NC(=O)C(NC(=O)CNC(=O)C[C@@H](O)[C@H](Cc1ccccc1)NC(=O)C[C@@H](O)C[C@@H](O)[C@H](Cc1ccccc1)NC(=O)CC[C@H](C)C[C@@H](C)C[C@@H]1CSC(c2ccccc2O)=N1)C(O)C(=O)O)C(=O)NC(C(=O)CC(=O)N1CCCC1C(=O)O)C(O)C(=O)O,"OH-Asp, Gly, Iser, aThr/Thr, Pro, MA, X0, SA, 4NH2-3OH-5Ph-PA, X1",10,0.666666667,2,C63H84N8O21S,1321.449593,Leptolyngbya sp. ASX22JUL14-2,1,0,0,0,0,1,0,0,0,0,0,0,0,0,0,0,Cyanobacteriota,,,Asp,,SA+Unknown,,,,"Alexander, Kelsey L., et al. ""Fatuamide A, a Hybrid PKS/NRPS Metallophore from a Leptolyngbya sp. Marine Cyanobacterium Collected in American Samoa."" Journal of Natural Products (2025).","Alexander, Kelsey L., et al. ""Fatuamide A, a Hybrid PKS/NRPS Metallophore from a Leptolyngbya sp. Marine Cyanobacterium Collected in American Samoa."" Journal of Natural Products (2025).",,,,,63,84,8,21,1,0.75,7.875,3,63,Ruolin He,1,50,2,-3.437,2.974807797
138,Anacheline-H,,1,0,1,1,0,0,0,0,0,0,0,0,0,0,0,3,Catecholate/Phenolate,Hybrid NRPS/PKS,C[C@@H](O)[C@H](NC(=O)C[C@H](O)C[C@H](O)[C@@H](CO)NC(=O)c1ccccc1O)C(=O)N[C@H](CO)C(=O)N[C@@H](CO)C(=O)N[C@H]1Cc2cc(O)c(O)cc2[N+](C)(C)C1,"ChrAc, Ser, aThr/Thr, X0, Ser, SA",6,0.781818182,1,C35H51N6O14+,779.812779,Anabaena cylindrica,1,0,0,0,0,1,0,0,0,0,0,0,0,0,0,0,Cyanobacteriota,,ChrAc,,,,,,,"Gademann, Karl. ""Mechanistic Studies on the Tyrosinase‐Catalyzed Formation of the Anachelin Chromophore."" ChemBioChem 6.5 (2005): 913-919.; Leao, Pedro N., et al. ""The chemical ecology of cyanobacteria."" Natural product reports 29.3 (2012): 372-391.","Calteau, Alexandra, et al. ""Phylum-wide comparative genomics unravel the diversity of secondary metabolism in Cyanobacteria."" BMC genomics 15.1 (2014): 1-14.",,,,,35,51,6,14,0,0.68627451,5.833333333,2.5,0,Shaohua Gu; Ruolin He,1,14,1,-1.626,3.668393309
139,Anacheline-2,Anachelin 2,1,0,1,0,0,0,0,1,0,0,0,0,0,0,0,4,Catecholate/Hydroxyphenyloxazoline,Hybrid NRPS/PKS,C[C@@H](O)[C@H](NC(=O)C[C@H](O)C[C@@H]1OC(c2ccccc2O)=NC1(C)CO)C(=O)N[C@H](CO)C(=O)N[C@@H](CO)C(=O)N[C@H]1Cc2cc(O)c(O)cc2[N+](C)(C)C1,"Ser, Ser, aThr/Thr, X0, SA, ChrAc",6,0.763636364,1,C36H51N6O13+,775.824114,Anabaena cylindrica,1,0,0,0,0,1,0,0,0,0,0,0,0,0,0,0,Cyanobacteriota,,ChrAc,,"SA+6-amino-3, 5, 7-trihydroxyheptanoic acid",,,,,"Gademann, Karl. ""Mechanistic Studies on the Tyrosinase‐Catalyzed Formation of the Anachelin Chromophore."" ChemBioChem 6.5 (2005): 913-919.; Leao, Pedro N., et al. ""The chemical ecology of cyanobacteria."" Natural product reports 29.3 (2012): 372-391.","Calteau, Alexandra, et al. ""Phylum-wide comparative genomics unravel the diversity of secondary metabolism in Cyanobacteria."" BMC genomics 15.1 (2014): 1-14.",,,,,36,51,6,13,0,0.705882353,6,2.769230769,0,Shaohua Gu; Ruolin He,1,14,2,-1.955,3.675997496
140,Anacheline-1,Anachelin 1,1,0,1,0,0,0,0,1,0,0,0,0,0,0,0,4,Catecholate/Hydroxyphenyloxazoline,Hybrid NRPS/PKS,C[C@@H](O)[C@H](NC(=O)C[C@H](O)C[C@H](O)[C@@H]1COC(c2ccccc2O)=N1)C(=O)N[C@H](CO)C(=O)N[C@@H](CO)C(=O)N[C@H]1Cc2cc(O)c(O)cc2[N+](C)(C)C1,"X0, SA, aThr/Thr, Ser, Ser, ChrAc",6,0.777777778,1,C35H49N6O13+,761.797492,Anabaena cylindrica,1,0,0,0,0,1,0,0,0,0,0,0,0,0,0,0,Cyanobacteriota,,ChrAc,,"SA+6-amino-3, 5, 7-trihydroxyheptanoic acid",,,,,"Gademann, Karl. ""Mechanistic Studies on the Tyrosinase‐Catalyzed Formation of the Anachelin Chromophore."" ChemBioChem 6.5 (2005): 913-919.; Leao, Pedro N., et al. ""The chemical ecology of cyanobacteria."" Natural product reports 29.3 (2012): 372-391.","Calteau, Alexandra, et al. ""Phylum-wide comparative genomics unravel the diversity of secondary metabolism in Cyanobacteria."" BMC genomics 15.1 (2014): 1-14.",,,,,35,49,6,13,0,0.714285714,5.833333333,2.692307692,0,Shaohua Gu; Ruolin He,1,14,3,-1.892,3.703200811
770,Cyanochelin A,,1,0,0,0,0,0,2,1,0,0,0,0,0,0,0,6,Alpha-Hydroxycarboxylate/Hydroxyphenyloxazoline,Hybrid NRPS/PKS,CCCCCCCCCCCc1cccc(O)c1C1=N[C@@H](C(=O)NCC(=O)NCC(=O)N[C@H](C(=O)NCC(=O)N[C@@H](CO)[C@H](O)C(=O)O)C(O)C(=O)O)CO1,"Gly, Ser, OH-Asp, Gly, Gly, C11:0-SA, X0",7,0.836363636,1,C35H52N6O14,780.82072,Rivularia sp. PCC 7116,1,0,0,0,0,1,0,0,0,0,0,0,0,0,0,0,Cyanobacteriota,,,Asp,C11:0-SA+Ser,,,,,"Galica, Tomáš, et al. ""Cyanochelins, an overlooked class of widely distributed cyanobacterial siderophores, discovered by silent gene cluster awakening."" Applied and Environmental Microbiology 87.17 (2021): e03128-20.","Galica, Tomáš, et al. ""Cyanochelins, an overlooked class of widely distributed cyanobacterial siderophores, discovered by silent gene cluster awakening."" Applied and Environmental Microbiology 87.17 (2021): e03128-20.",,,,,35,52,6,14,0,0.673076923,5.833333333,2.5,0,Ruolin He,2,10,1,-2.677,3.666480747
637,Amamistatin E,,1,0,0,0,0,0,0,1,0,0,0,0,0,0,0,2,Hydroxyphenyloxazoline,Hybrid NRPS/PKS,CCCCCCCC(OC(=O)C(CCCCN)NC(=O)c1nc(-c2cc(OC)ccc2O)oc1C)C(C)(C)C(=O)NC1CCCCNC1=O,"Lys, 2NH2-3OHBut-2EnA, 3OH-2,2-diMe-C10:0, 5OMe-SA, cLys",5,1,0,C36H55N5O8,685.85215,Nocardia altamirensis,1,0,0,0,1,0,0,0,0,0,0,0,0,0,0,0,Actinomycetota,,,,5OMe-SA+Thr,,,,,"Steinmetz, Till, Wolf Hiller, and Markus Nett. ""Amamistatins isolated from Nocardia altamirensis."" Beilstein Journal of Organic Chemistry 18.1 (2022): 360-367.",,,,,,36,55,5,8,0,0.654545455,7.2,4.5,0,Ruolin He,1,31,6,-5.258,3.864392856
636,Amamistatin F,,1,0,0,0,0,0,0,1,0,0,0,0,0,0,0,2,Hydroxyphenyloxazoline,Hybrid NRPS/PKS,CCCCCCCC(OC(=O)C(CCCCNO)NC(=O)c1nc(-c2cc(OC)ccc2O)oc1C)C(C)(C)C(=O)NC1CCCCNC1=O,"2NH2-3OHBut-2EnA, 5OMe-SA, NOH-Lys, 3OH-2,2-diMe-C10:0, cLys",5,1,0,C36H55N5O9,701.851555,Nocardia altamirensis,1,0,0,0,1,0,0,0,0,0,0,0,0,0,0,0,Actinomycetota,,,,5OMe-SA+Thr,,,,,"Steinmetz, Till, Wolf Hiller, and Markus Nett. ""Amamistatins isolated from Nocardia altamirensis."" Beilstein Journal of Organic Chemistry 18.1 (2022): 360-367.",,,,,,36,55,5,9,0,0.654545455,7.2,4,0,Ruolin He,1,31,5,-5.451,3.828312941
635,Amamistatin D,,1,0,0,0,0,0,0,1,0,0,0,0,0,0,0,2,Hydroxyphenyloxazoline,Hybrid NRPS/PKS,CCCCCCCC(OC(=O)C(CCCCNC=O)NC(=O)c1nc(-c2cc(OC)ccc2O)oc1C)C(C)(C)C(=O)NC1CCCCNC1=O,"3OH-2,2-diMe-C10:0, N7-Lys, 2NH2-3OHBut-2EnA, 5OMe-SA, cLys",5,1,0,C37H55N5O9,713.862295,Nocardia altamirensis,1,0,0,0,1,0,0,0,0,0,0,0,0,0,0,0,Actinomycetota,,,,5OMe-SA+Thr,,,,,"Steinmetz, Till, Wolf Hiller, and Markus Nett. ""Amamistatins isolated from Nocardia altamirensis."" Beilstein Journal of Organic Chemistry 18.1 (2022): 360-367.",,,,,,37,55,5,9,0,0.672727273,7.4,4.111111111,0,Ruolin He,1,31,4,-5.235,3.80201357
634,Amamistatin C,,1,1,0,0,0,0,0,1,0,0,0,0,0,0,0,4,Hydroxamate/Hydroxyphenyloxazoline,Hybrid NRPS/PKS,CCCCCCCC(OC(=O)C(CCCCNC=O)NC(=O)c1nc(-c2cc(OC)ccc2O)oc1C)C(C)(C)C(=O)NC1CCCCN(O)C1=O,"2NH2-3OHBut-2EnA, 5OMe-SA, 3OH-2,2-diMe-C10:0, N7-Lys, OH-cLys",5,1,0,C37H55N5O10,729.8617,Nocardia altamirensis,1,0,0,0,1,0,0,0,0,0,0,0,0,0,0,0,Actinomycetota,Lys derivatives,,,5OMe-SA+Thr,,,,,"Steinmetz, Till, Wolf Hiller, and Markus Nett. ""Amamistatins isolated from Nocardia altamirensis."" Beilstein Journal of Organic Chemistry 18.1 (2022): 360-367.",,,,,,37,55,5,10,0,0.672727273,7.4,3.7,0,Ruolin He,1,31,3,-5.14,3.767974303
633,Amamistatin A,,1,2,0,0,0,0,0,1,0,0,0,0,0,0,0,6,Hydroxamate/Hydroxyphenyloxazoline,Hybrid NRPS/PKS,CCCCCCC[C@H](OC(=O)[C@@H](CCCCN(O)C=O)NC(=O)c1nc(-c2cc(OC)ccc2O)oc1C)C(C)(C)C(=O)N[C@H]1CCCCN(O)C1=O,"N6Fo-N6OH-Lys, 2NH2-3OHBut-2EnA, OH-cLys, 3OH-2,2-diMe-C10:0, 5OMe-SA",5,1,0,C37H55N5O11,745.861105,Nocardia asteroides SCRC-A2359,1,0,0,0,1,0,0,0,0,0,0,0,0,0,0,0,Actinomycetota,Lys derivatives,,,5OMe-SA+Thr,,,,,"Suenaga, Kiyotake, et al. ""Structures of amamistatins A and B, novel growth inhibitors of human tumor cell lines from an actinomycete."" Tetrahedron letters 40.10 (1999): 1945-1948.",,,,,,37,55,5,11,0,0.672727273,7.4,3.363636364,0,Ruolin He,1,31,2,-5.404,3.735014399
632,Amamistatin B,,2,2,0,0,0,0,0,1,0,0,0,0,0,0,0,6,Hydroxamate/Hydroxyphenyloxazoline,Hybrid NRPS/PKS,CCCCCCC[C@H](OC(=O)[C@@H](CCCCN(O)C=O)NC(=O)c1nc(-c2ccccc2O)oc1C)C(C)(C)C(=O)N[C@H]1CCCCN(O)C1=O,"2NH2-3OHBut-2EnA, SA, N6Fo-N6OH-Lys, OH-cLys, 3OH-2,2-diMe-C10:0",5,1,0,C36H53N5O10,715.835078,Nocardia asteroides SCRC-A2359; Nocardia altamirensis,1,0,0,0,1,0,0,0,0,0,0,0,0,0,0,0,Actinomycetota,Lys derivatives,,,SA+Thr,,,,,"Suenaga, Kiyotake, et al. ""Structures of amamistatins A and B, novel growth inhibitors of human tumor cell lines from an actinomycete."" Tetrahedron letters 40.10 (1999): 1945-1948.; Steinmetz, Till, Wolf Hiller, and Markus Nett. ""Amamistatins isolated from Nocardia altamirensis."" Beilstein Journal of Organic Chemistry 18.1 (2022): 360-367.",,,,,,36,53,5,10,0,0.679245283,7.2,3.6,0,Ruolin He,1,31,1,-5.329,3.797756037
841,Nocobactin NA 108242,,1,2,0,0,0,0,0,1,0,0,0,0,0,0,0,6,Hydroxamate/Hydroxyphenyloxazoline,Hybrid NRPS/PKS,CCCCCCCCCC(OC(=O)C(CCCCN(O)C=O)NC(=O)c1nc(-c2ccccc2O)oc1C)C(C)C(=O)NC1CCCCN(O)C1=O,"N6Fo-N6OH-Lys, 2NH2-3OHBut-2EnA, SA, OH-cLys, 3OH-2Me-C12:0",5,1,0,C37H55N5O10,729.8617,Nocardia gamkensis NBRC 108242,1,0,0,0,1,0,0,0,0,0,0,0,0,0,0,0,Actinomycetota,Lys derivatives,,,SA+Thr,,,,,"Männle, Daniel, et al. ""Comparative genomics and metabolomics in the genus Nocardia."" Msystems 5.3 (2020): 10-1128.","Quadri, Luis EN, et al. ""Identification of a Mycobacterium tuberculosis gene cluster encoding the biosynthetic enzymes for assembly of the virulence-conferring siderophore mycobactin."" Chemistry & biology 5.11 (1998): 631-645.; Vergnolle, Olivia, Hua Xu, and John S. Blanchard. ""Mechanism and regulation of mycobactin fatty acyl-AMP ligase FadD33."" Journal of Biological Chemistry 288.39 (2013): 28116-28125.",,,,,37,55,5,10,0,0.672727273,7.4,3.7,0,Yanzhao Wu; Jiqi Shao; Ruolin He,1,31,28,-5.493,3.767974303
631,Formobactin,,1,2,0,0,0,0,0,1,0,0,0,0,0,0,0,6,Hydroxamate/Hydroxyphenyloxazoline,Hybrid NRPS/PKS,CCCCCCCCCC(OC(=O)[C@H](CCCCN(O)C=O)NC(=O)C1N=C(c2ccccc2O)OC1C)C(C)(C)C(=O)NC1CCCCN(O)C1=O,"aThr/Thr, SA, X0, N6Fo-N6OH-Lys, OH-cLys",5,0.698113208,1,C38H59N5O10,745.904204,Nocardia sp. ND20,1,0,0,0,1,0,0,0,0,0,0,0,0,0,0,0,Actinomycetota,Lys derivatives,,,SA+Thr,,,,,"Snow, GA408312. ""Mycobactins: iron-chelating growth factors from mycobacteria."" Bacteriological reviews 34.2 (1970): 99-125.; Barclay, R., D. F. Ewing, and C. Ratledge. ""Isolation, identification, and structural analysis of the mycobactins of Mycobacterium avium, Mycobacterium intracellulare, Mycobacterium scrofulaceum, and Mycobacterium paratuberculosis."" Journal of bacteriology 164.2 (1985): 896-903.",,,,,,38,59,5,10,0,0.644067797,7.6,3.8,0,Ruolin He,1,31,27,-5.269,3.734927017
914,Terpenibactin B,,1,2,0,0,0,0,0,1,0,0,0,0,0,0,0,6,Hydroxamate/Hydroxyphenyloxazoline,Hybrid NRPS/PKS,CCCCCCCCCCCCC/C=C\CCC(OC(=O)[C@H](CCCCN(O)C=O)NC(=O)[C@H]1N=C(c2ccccc2O)O[C@@H]1C)C(C)C(=O)N[C@@H]1CCCCN(O)C1=O,"aThr/Thr, SA, X0, N6Fo-N6OH-Lys, OH-cLys",5,0.616666667,1,C45H71N5O10,842.074676,Nocardia terpenica IFM 0406,1,0,0,0,1,0,0,0,0,0,0,0,0,0,0,0,Actinomycetota,Lys derivatives,,,SA+Thr,,,,,"Chen, Julia, et al. ""New nocobactin derivatives with antimuscarinic activity, terpenibactins A–C, revealed by genome mining of Nocardia terpenica IFM 0406."" ChemBioChem 21.15 (2020): 2205-2213.","Chen, Julia, et al. ""New nocobactin derivatives with antimuscarinic activity, terpenibactins A–C, revealed by genome mining of Nocardia terpenica IFM 0406."" ChemBioChem 21.15 (2020): 2205-2213.",,,,,45,71,5,10,0,0.633802817,9,4.5,0,Ruolin He,1,31,29,-6.092,3.556635702
913,Terpenibactin A,,1,2,0,0,0,0,0,1,0,0,0,0,0,0,0,6,Hydroxamate/Hydroxyphenyloxazoline,Hybrid NRPS/PKS,CCCCCCCCCCCCCCCC(OC(=O)[C@H](CCCCN(O)C=O)NC(=O)[C@H]1N=C(c2ccccc2O)O[C@@H]1C)C(C)C(=O)N[C@@H]1CCCCN(O)C1=O,"OH-cLys, X0, N6Fo-N6OH-Lys, aThr/Thr, SA",5,0.637931034,1,C43H69N5O10,816.037314,Nocardia terpenica IFM 0406,1,0,0,0,1,0,0,0,0,0,0,0,0,0,0,0,Actinomycetota,Lys derivatives,,,SA+Thr,,,,,"Chen, Julia, et al. ""New nocobactin derivatives with antimuscarinic activity, terpenibactins A–C, revealed by genome mining of Nocardia terpenica IFM 0406."" ChemBioChem 21.15 (2020): 2205-2213.","Chen, Julia, et al. ""New nocobactin derivatives with antimuscarinic activity, terpenibactins A–C, revealed by genome mining of Nocardia terpenica IFM 0406."" ChemBioChem 21.15 (2020): 2205-2213.",,,,,43,69,5,10,0,0.623188406,8.6,4.3,0,Ruolin He,1,31,30,-5.909,3.601849662
915,Terpenibactin C,,1,2,0,0,0,0,0,1,0,0,0,0,0,0,0,6,Hydroxamate/Hydroxyphenyloxazoline,Hybrid NRPS/PKS,CCCCCCCCCCCCCCCCCC(OC(=O)[C@H](CCCCN(O)C=O)NC(=O)[C@H]1N=C(c2ccccc2O)O[C@@H]1C)C(C)C(=O)N[C@@H]1CCCCN(O)C1=O,"Me-3OH-EiA, N6Fo-N6OH-Lys, aThr/Thr, SA, OH-cLys",5,1,0,C45H73N5O10,844.090558,Nocardia terpenica IFM 0406,1,0,0,0,1,0,0,0,0,0,0,0,0,0,0,0,Actinomycetota,Lys derivatives,,,SA+Thr,,,,,"Chen, Julia, et al. ""New nocobactin derivatives with antimuscarinic activity, terpenibactins A–C, revealed by genome mining of Nocardia terpenica IFM 0406."" ChemBioChem 21.15 (2020): 2205-2213.","Chen, Julia, et al. ""New nocobactin derivatives with antimuscarinic activity, terpenibactins A–C, revealed by genome mining of Nocardia terpenica IFM 0406."" ChemBioChem 21.15 (2020): 2205-2213.",,,,,45,73,5,10,0,0.616438356,9,4.5,0,Ruolin He,1,31,31,-6.097,3.553220575
836,Mycobactin Ab,,1,2,0,0,0,0,0,1,0,0,0,0,0,0,0,6,Hydroxamate/Hydroxyphenyloxazoline,Hybrid NRPS/PKS,CCCCCCCCCCCCCCCC(OC(=O)[C@H](CCCCN(O)C=O)NC(=O)C1N=C(c2ccccc2O)OC1C)C(C)C(=O)N[C@H]1CCCCN(O)C1=O,"aThr/Thr, SA, X0, N6Fo-N6OH-Lys, OH-cLys",5,0.637931034,1,C43H69N5O10,816.037314,Mycobacteroides abscessus subsp. abscessus,1,0,0,0,1,0,0,0,0,0,0,0,0,0,0,0,Actinomycetota,Lys derivatives,,,SA+Thr,,,,,"Bythrow, Glennon V., et al. ""Mycobacterium abscessus mutants with a compromised functional link between the type VII ESX-3 system and an iron uptake mechanism reliant on an unusual mycobactin siderophore."" Pathogens 11.9 (2022): 953.","Bythrow, Glennon V., et al. ""Mycobacterium abscessus mutants with a compromised functional link between the type VII ESX-3 system and an iron uptake mechanism reliant on an unusual mycobactin siderophore."" Pathogens 11.9 (2022): 953.",,,,,43,69,5,10,0,0.623188406,8.6,4.3,0,Yanzhao Wu; Jiqi Shao; Ruolin He,1,31,32,-5.909,3.601849662
630,Nocardimicin G,,4,2,0,0,0,0,0,1,0,0,0,0,0,0,0,6,Hydroxamate/Hydroxyphenyloxazoline,Hybrid NRPS/PKS,CCCCCCCCCCCCCC(OC(=O)C(CCCCN(O)C=O)NC(=O)C1COC(c2ccccc2O)=N1)C(C)C(=O)NC1CCCCN(O)C1=O,"N6Fo-N6OH-Lys, Ser, SA, X0, OH-cLys",5,0.654545455,1,C40H63N5O10,773.957448,Nocardia nova JCM 6044; Nocardia elegans NBRC 108235; Nocardia jejuensis NBRC 103114; Nocardia vermiculata NBRC 100427,1,0,0,0,1,0,0,0,0,0,0,0,0,0,0,0,Actinomycetota,Lys derivatives,,,SA+Ser,,,,,"Ikeda, Yoshitaka, Tamotsu Furumai, and Yasuhiro Igarashi. ""Nocardimicins G, H and I, siderophores with muscarinic M3 receptor binding inhibitory activity from Nocardia nova JCM 6044."" The Journal of antibiotics 58.9 (2005): 566-572.; Männle, Daniel, et al. ""Comparative genomics and metabolomics in the genus Nocardia."" Msystems 5.3 (2020): 10-1128.","Davidsen, Jeanne M., David M. Bartley, and Craig A. Townsend. ""Non-ribosomal propeptide precursor in nocardicin A biosynthesis predicted from adenylation domain specificity dependent on the MbtH family protein NocI."" Journal of the American Chemical Society 135.5 (2013): 1749-1759.",,,,,40,63,5,10,0,0.634920635,8,4,0,Ruolin He,1,31,26,-5.541,3.679575933
628,Nocardimicin H,,2,2,0,0,0,0,0,1,0,0,0,0,0,0,0,6,Hydroxamate/Hydroxyphenyloxazoline,Hybrid NRPS/PKS,CCCCCCCCCCCCCCCC(OC(=O)C(CCCCN(O)C=O)NC(=O)C1COC(c2ccccc2O)=N1)C(C)C(=O)NC1CCCCN(O)C1=O,"X0, N6Fo-N6OH-Lys, Ser, SA, OH-cLys",5,0.631578947,1,C42H67N5O10,802.010692,Nocardia nova JCM 6044; Nocardia cyriacigeorgica GUH-2,1,0,0,0,1,0,0,0,0,0,0,0,0,0,0,0,Actinomycetota,Lys derivatives,,,SA+Ser,,,,,"Ikeda, Yoshitaka, Tamotsu Furumai, and Yasuhiro Igarashi. ""Nocardimicins G, H and I, siderophores with muscarinic M3 receptor binding inhibitory activity from Nocardia nova JCM 6044."" The Journal of antibiotics 58.9 (2005): 566-572.; Männle, Daniel, et al. ""Comparative genomics and metabolomics in the genus Nocardia."" Msystems 5.3 (2020): 10-1128.","Davidsen, Jeanne M., David M. Bartley, and Craig A. Townsend. ""Non-ribosomal propeptide precursor in nocardicin A biosynthesis predicted from adenylation domain specificity dependent on the MbtH family protein NocI."" Journal of the American Chemical Society 135.5 (2013): 1749-1759.",,,,,42,67,5,10,0,0.626865672,8.4,4.2,0,Ruolin He,1,31,24,-5.785,3.627092969
629,Nocardimicin I,,1,2,0,0,0,0,0,1,0,0,0,0,0,0,0,6,Hydroxamate/Hydroxyphenyloxazoline,Hybrid NRPS/PKS,CCCCCCCCCCCCCCCCCC(OC(=O)C(CCCCN(O)C=O)NC(=O)C1COC(c2ccccc2O)=N1)C(C)C(=O)NC1CCCCN(O)C1=O,"Ser, SA, N6Fo-N6OH-Lys, OH-cLys, Me-3OH-EiA",5,1,0,C44H71N5O10,830.063936,Nocardia nova JCM 6044,1,0,0,0,1,0,0,0,0,0,0,0,0,0,0,0,Actinomycetota,Lys derivatives,,,SA+Ser,,,,,"Ikeda, Yoshitaka, Tamotsu Furumai, and Yasuhiro Igarashi. ""Nocardimicins G, H and I, siderophores with muscarinic M3 receptor binding inhibitory activity from Nocardia nova JCM 6044."" The Journal of antibiotics 58.9 (2005): 566-572.","Davidsen, Jeanne M., David M. Bartley, and Craig A. Townsend. ""Non-ribosomal propeptide precursor in nocardicin A biosynthesis predicted from adenylation domain specificity dependent on the MbtH family protein NocI."" Journal of the American Chemical Society 135.5 (2013): 1749-1759.",,,,,44,71,5,10,0,0.61971831,8.8,4.4,0,Ruolin He,1,31,25,-5.992,3.577234236
842,Nocobactin NA 108938,,1,2,0,0,0,0,0,1,0,0,0,0,0,0,0,6,Hydroxamate/Hydroxyphenyloxazoline,Hybrid NRPS/PKS,CCCCCCCCCCC(OC(=O)C(CCCCN(O)C=O)NC(=O)C1COC(c2ccccc2O)=N1)C(C)C(=O)NC1CCCCN(O)C1=O,"C13:0-Me(2)-OH(3), N6Fo-N6OH-Lys, Ser, SA, OH-cLys",5,1,0,C37H57N5O10,731.877582,Nocardia rhamnosiphila NBRC 108938,1,0,0,0,1,0,0,0,0,0,0,0,0,0,0,0,Actinomycetota,Lys derivatives,,,SA+Thr,,,,,"Männle, Daniel, et al. ""Comparative genomics and metabolomics in the genus Nocardia."" Msystems 5.3 (2020): 10-1128.","Quadri, Luis EN, et al. ""Identification of a Mycobacterium tuberculosis gene cluster encoding the biosynthetic enzymes for assembly of the virulence-conferring siderophore mycobactin."" Chemistry & biology 5.11 (1998): 631-645.; Vergnolle, Olivia, Hua Xu, and John S. Blanchard. ""Mechanism and regulation of mycobactin fatty acyl-AMP ligase FadD33."" Journal of Biological Chemistry 288.39 (2013): 28116-28125.",,,,,37,57,5,10,0,0.649122807,7.4,3.7,0,Yanzhao Wu; Jiqi Shao; Ruolin He,1,31,33,-5.104,3.763763232
843,Nocobactin NA 14340,,1,2,0,0,0,0,0,1,0,0,0,0,0,0,0,6,Hydroxamate/Hydroxyphenyloxazoline,Hybrid NRPS/PKS,CCCCCCCCCCCC(OC(=O)C(CCCCN(O)C=O)NC(=O)C1COC(c2ccccc2O)=N1)C(C)C(=O)NC1CCCCN(O)C1=O,"Ser, SA, OH-cLys, 3OH-2MeTeEnA, N6Fo-N6OH-Lys",5,1,0,C38H59N5O10,745.904204,Nocardia fusca NBRC 14340,1,0,0,0,1,0,0,0,0,0,0,0,0,0,0,0,Actinomycetota,Lys derivatives,,,SA+Thr,,,,,"Männle, Daniel, et al. ""Comparative genomics and metabolomics in the genus Nocardia."" Msystems 5.3 (2020): 10-1128.","Quadri, Luis EN, et al. ""Identification of a Mycobacterium tuberculosis gene cluster encoding the biosynthetic enzymes for assembly of the virulence-conferring siderophore mycobactin."" Chemistry & biology 5.11 (1998): 631-645.; Vergnolle, Olivia, Hua Xu, and John S. Blanchard. ""Mechanism and regulation of mycobactin fatty acyl-AMP ligase FadD33."" Journal of Biological Chemistry 288.39 (2013): 28116-28125.",,,,,38,59,5,10,0,0.644067797,7.6,3.8,0,Yanzhao Wu; Jiqi Shao; Ruolin He,1,31,34,-5.259,3.734927017
627,Brasilibactin A,,1,2,0,0,0,0,0,1,0,0,0,0,0,0,0,6,Hydroxamate/Hydroxyphenyloxazoline,Hybrid NRPS/PKS,CCCCCCCCCCCCCCC[C@H](OC(=O)[C@@H](CCCCN(O)C=O)NC(=O)[C@H]1COC(c2ccccc2O)=N1)[C@@H](C)C(=O)N[C@@H]1CCCCN(O)C1=O,"OH-cLys, X0, Ser, SA, N6Fo-N6OH-Lys",5,0.631578947,1,C42H67N5O10,802.010692,Nocardia brasiliensis IFM 0995,1,0,0,0,1,0,0,0,0,0,0,0,0,0,0,0,Actinomycetota,Lys derivatives,,,SA+Ser,,,,,"Tsuda, Masashi, et al. ""Brasilibactin A, a cytotoxic compound from actinomycete Nocardia b Rasiliensis."" Journal of natural products 68.3 (2005): 462-464.",,,,,,42,67,5,10,0,0.626865672,8.4,4.2,0,Ruolin He,1,31,23,-5.785,3.627092969
614,Mycobactin R,,1,2,0,0,0,0,0,1,0,0,0,0,0,0,0,6,Hydroxamate/Hydroxyphenyloxazoline,Hybrid NRPS/PKS,CCCCCCCCCCCCCCCCC/C=C/C(=O)N(O)CCCC[C@H](NC(=O)C1COC(c2ccccc2O)=N1)C(=O)OC(CC)C(C)C(=O)N[C@H]1CCCCN(O)C1=O,"NOH-Lys, Ser, OH-cLys, 3OH-2Me-PA, C20:1(9), SA",6,1,0,C48H77N5O10,884.154542,Mycolicibacter terrae,1,0,0,0,1,0,0,0,0,0,0,0,0,0,0,0,Actinomycetota,Lys derivatives,,,SA+Thr,,,,,"Snow, GA408312. ""Mycobactins: iron-chelating growth factors from mycobacteria."" Bacteriological reviews 34.2 (1970): 99-125.; Barclay, R., D. F. Ewing, and C. Ratledge. ""Isolation, identification, and structural analysis of the mycobactins of Mycobacterium avium, Mycobacterium intracellulare, Mycobacterium scrofulaceum, and Mycobacterium paratuberculosis."" Journal of bacteriology 164.2 (1985): 896-903.","Quadri, Luis EN, et al. ""Identification of a Mycobacterium tuberculosis gene cluster encoding the biosynthetic enzymes for assembly of the virulence-conferring siderophore mycobactin."" Chemistry & biology 5.11 (1998): 631-645.; Vergnolle, Olivia, Hua Xu, and John S. Blanchard. ""Mechanism and regulation of mycobactin fatty acyl-AMP ligase FadD33."" Journal of Biological Chemistry 288.39 (2013): 28116-28125.",,,,,48,77,5,10,0,0.623376623,9.6,4.8,0,Ruolin He,1,31,10,-6.425,3.487731206
613,Mycobactin T,,1,2,0,0,0,0,0,1,0,0,0,0,0,0,0,6,Hydroxamate/Hydroxyphenyloxazoline,Hybrid NRPS/PKS,CCCCCCCCCCCCCCCCC/C=C/C(=O)N(O)CCCC[C@@H](NC(=O)[C@@H]1COC(c2ccccc2O)=N1)C(=O)O[C@H](C)CC(=O)N[C@H]1CCCCN(O)C1=O,"Ser, SA, C4:0-OH(3), NOH-Lys, C20:1(9), OH-cLys",6,1,0,C46H73N5O10,856.101298,Mycobacterium tuberculosis,1,0,0,0,1,0,0,0,0,0,0,0,0,0,0,0,Actinomycetota,Lys derivatives,,,SA+Thr,,,,,"Snow, GA408312. ""Mycobactins: iron-chelating growth factors from mycobacteria."" Bacteriological reviews 34.2 (1970): 99-125.; Barclay, R., D. F. Ewing, and C. Ratledge. ""Isolation, identification, and structural analysis of the mycobactins of Mycobacterium avium, Mycobacterium intracellulare, Mycobacterium scrofulaceum, and Mycobacterium paratuberculosis."" Journal of bacteriology 164.2 (1985): 896-903.","Quadri, Luis EN, et al. ""Identification of a Mycobacterium tuberculosis gene cluster encoding the biosynthetic enzymes for assembly of the virulence-conferring siderophore mycobactin."" Chemistry & biology 5.11 (1998): 631-645.; Vergnolle, Olivia, Hua Xu, and John S. Blanchard. ""Mechanism and regulation of mycobactin fatty acyl-AMP ligase FadD33."" Journal of Biological Chemistry 288.39 (2013): 28116-28125.",,,,,46,73,5,10,0,0.630136986,9.2,4.6,0,Ruolin He,1,31,9,-6.294,3.533117709
599,Mycobactin S,,1,2,0,0,0,0,0,1,0,0,0,0,0,0,0,6,Hydroxamate/Hydroxyphenyloxazoline,Hybrid NRPS/PKS,CCCCCCCCCCCCCCC/C=C\C(=O)N(O)CCCC[C@H](NC(=O)[C@@H]1COC(c2ccccc2O)=N1)C(=O)O[C@@H](C)CC(=O)N[C@H]1CCCCN(O)C1=O,"NOH-Lys, C18:1(9), Ser, SA, C4:0-OH(3), OH-cLys",6,1,0,C44H69N5O10,828.048054,Mycolicibacterium smegmatis,1,0,0,0,1,0,0,0,0,0,0,0,0,0,0,0,Actinomycetota,Lys derivatives,,,SA+Thr,,,,,"Snow, GA408312. ""Mycobactins: iron-chelating growth factors from mycobacteria."" Bacteriological reviews 34.2 (1970): 99-125.; Barclay, R., D. F. Ewing, and C. Ratledge. ""Isolation, identification, and structural analysis of the mycobactins of Mycobacterium avium, Mycobacterium intracellulare, Mycobacterium scrofulaceum, and Mycobacterium paratuberculosis."" Journal of bacteriology 164.2 (1985): 896-903.","Quadri, Luis EN, et al. ""Identification of a Mycobacterium tuberculosis gene cluster encoding the biosynthetic enzymes for assembly of the virulence-conferring siderophore mycobactin."" Chemistry & biology 5.11 (1998): 631-645.; Vergnolle, Olivia, Hua Xu, and John S. Blanchard. ""Mechanism and regulation of mycobactin fatty acyl-AMP ligase FadD33."" Journal of Biological Chemistry 288.39 (2013): 28116-28125.",,,,,44,69,5,10,0,0.637681159,8.8,4.4,0,Ruolin He,1,31,1,-6.134,3.580734299
612,Mycobactin A,,1,2,0,0,0,0,0,1,0,0,0,0,0,0,0,6,Hydroxamate/Hydroxyphenyloxazoline,Hybrid NRPS/PKS,CCCCCCCCCCC/C=C/C(=O)N(O)CCCC[C@H](NC(=O)C1COC(c2c(C)cccc2O)=N1)C(=O)OC(C)CC(=O)N[C@H]1CCCCN(O)C1=O,"NOH-Lys, C14:1(7), Ser, 6Me-SA, C4:0-OH(3), OH-cLys",6,1,0,C41H63N5O10,785.968188,Mycolicibacterium aurum,1,0,0,0,1,0,0,0,0,0,0,0,0,0,0,0,Actinomycetota,Lys derivatives,,,SA+Thr,,,,,"Snow, GA408312. ""Mycobactins: iron-chelating growth factors from mycobacteria."" Bacteriological reviews 34.2 (1970): 99-125.; Barclay, R., D. F. Ewing, and C. Ratledge. ""Isolation, identification, and structural analysis of the mycobactins of Mycobacterium avium, Mycobacterium intracellulare, Mycobacterium scrofulaceum, and Mycobacterium paratuberculosis."" Journal of bacteriology 164.2 (1985): 896-903.","Quadri, Luis EN, et al. ""Identification of a Mycobacterium tuberculosis gene cluster encoding the biosynthetic enzymes for assembly of the virulence-conferring siderophore mycobactin."" Chemistry & biology 5.11 (1998): 631-645.; Vergnolle, Olivia, Hua Xu, and John S. Blanchard. ""Mechanism and regulation of mycobactin fatty acyl-AMP ligase FadD33."" Journal of Biological Chemistry 288.39 (2013): 28116-28125.",,,,,41,63,5,10,0,0.650793651,8.2,4.1,0,Ruolin He,1,31,8,-5.908,3.656769635
600,Mycobactin P,,2,2,0,0,0,0,0,1,0,0,0,0,0,0,0,6,Hydroxamate/Hydroxyphenyloxazoline,Hybrid NRPS/PKS,CCCCCCCCCCCCCCC/C=C\C(=O)N(O)CCCCC(NC(=O)C1COC(c2c(C)cccc2O)=N1)C(=O)OC(CC)C(C)C(=O)NC1CCCCN(O)C1=O,"3OH-2Me-PA, NOH-Lys, Ser, 6Me-SA, C18:1(9), OH-cLys",6,1,0,C47H75N5O10,870.12792,Mycolicibacterium phlei; Nocardia mangyaensis NH1,1,0,0,0,1,0,0,0,0,0,0,0,0,0,0,0,Actinomycetota,Lys derivatives,,,SA+Thr,,,,,"Snow, GA408312. ""Mycobactins: iron-chelating growth factors from mycobacteria."" Bacteriological reviews 34.2 (1970): 99-125.; Barclay, R., D. F. Ewing, and C. Ratledge. ""Isolation, identification, and structural analysis of the mycobactins of Mycobacterium avium, Mycobacterium intracellulare, Mycobacterium scrofulaceum, and Mycobacterium paratuberculosis."" Journal of bacteriology 164.2 (1985): 896-903.; Khilyas, Irina V., et al. ""Genomic insights and anti-phytopathogenic potential of siderophore metabolome of endolithic Nocardia mangyaensis NH1."" Scientific Reports 14.1 (2024): 5676.","Quadri, Luis EN, et al. ""Identification of a Mycobacterium tuberculosis gene cluster encoding the biosynthetic enzymes for assembly of the virulence-conferring siderophore mycobactin."" Chemistry & biology 5.11 (1998): 631-645.; Vergnolle, Olivia, Hua Xu, and John S. Blanchard. ""Mechanism and regulation of mycobactin fatty acyl-AMP ligase FadD33."" Journal of Biological Chemistry 288.39 (2013): 28116-28125.",,,,,47,75,5,10,0,0.626666667,9.4,4.7,0,Ruolin He,1,31,2,-6.454,3.510156912
611,Mycobactin H,,1,2,0,0,0,0,0,1,0,0,0,0,0,0,0,6,Hydroxamate/Hydroxyphenyloxazoline,Hybrid NRPS/PKS,CCCCCCCCCCCCCCC/C=C/C(=O)N(O)CCCC[C@H](NC(=O)C1N=C(c2c(C)cccc2O)OC1C)C(=O)OC(C)CC(=O)N[C@H]1CCCCN(O)C1=O,"OH-cLys, C4:0-OH(3), aThr/Thr, 6Me-SA, NOH-Lys, C18:1(9)",6,1,0,C46H73N5O10,856.101298,Mycolicibacterium thermoresistibile,1,0,0,0,1,0,0,0,0,0,0,0,0,0,0,0,Actinomycetota,Lys derivatives,,,SA+Thr,,,,,"Snow, GA408312. ""Mycobactins: iron-chelating growth factors from mycobacteria."" Bacteriological reviews 34.2 (1970): 99-125.; Barclay, R., D. F. Ewing, and C. Ratledge. ""Isolation, identification, and structural analysis of the mycobactins of Mycobacterium avium, Mycobacterium intracellulare, Mycobacterium scrofulaceum, and Mycobacterium paratuberculosis."" Journal of bacteriology 164.2 (1985): 896-903.","Quadri, Luis EN, et al. ""Identification of a Mycobacterium tuberculosis gene cluster encoding the biosynthetic enzymes for assembly of the virulence-conferring siderophore mycobactin."" Chemistry & biology 5.11 (1998): 631-645.; Vergnolle, Olivia, Hua Xu, and John S. Blanchard. ""Mechanism and regulation of mycobactin fatty acyl-AMP ligase FadD33."" Journal of Biological Chemistry 288.39 (2013): 28116-28125.",,,,,46,73,5,10,0,0.630136986,9.2,4.6,0,Ruolin He,1,31,7,-6.399,3.533117709
618,Mycobactin F,,1,2,0,0,0,0,0,1,0,0,0,0,0,0,0,6,Hydroxamate/Hydroxyphenyloxazoline,Hybrid NRPS/PKS,CCCCCCCCCCC/C=C/C(=O)N(O)CCCC[C@H](NC(=O)C1N=C(c2ccccc2O)OC1C)C(=O)OC(C)CC(=O)N[C@H]1CCCCN(O)C1=O,"NOH-Lys, aThr/Thr, SA, C4:0-OH(3), OH-cLys, C14:1(7)",6,1,0,C41H63N5O10,785.968188,Mycolicibacterium fortuitum,1,0,0,0,1,0,0,0,0,0,0,0,0,0,0,0,Actinomycetota,Lys derivatives,,,SA+Thr,,,,,"Snow, GA408312. ""Mycobactins: iron-chelating growth factors from mycobacteria."" Bacteriological reviews 34.2 (1970): 99-125.; Barclay, R., D. F. Ewing, and C. Ratledge. ""Isolation, identification, and structural analysis of the mycobactins of Mycobacterium avium, Mycobacterium intracellulare, Mycobacterium scrofulaceum, and Mycobacterium paratuberculosis."" Journal of bacteriology 164.2 (1985): 896-903.","Quadri, Luis EN, et al. ""Identification of a Mycobacterium tuberculosis gene cluster encoding the biosynthetic enzymes for assembly of the virulence-conferring siderophore mycobactin."" Chemistry & biology 5.11 (1998): 631-645.; Vergnolle, Olivia, Hua Xu, and John S. Blanchard. ""Mechanism and regulation of mycobactin fatty acyl-AMP ligase FadD33."" Journal of Biological Chemistry 288.39 (2013): 28116-28125.",,,,,41,63,5,10,0,0.650793651,8.2,4.1,0,Ruolin He,1,31,14,-5.849,3.656769635
619,Mycobactin Av,,1,2,0,0,0,0,0,1,0,0,0,0,0,0,0,6,Hydroxamate/Hydroxyphenyloxazoline,Hybrid NRPS/PKS,CCCCCCCCCCCCCCCC/C=C/C(=O)N(O)CCCC[C@H](NC(=O)C1N=C(c2ccccc2O)OC1C)C(=O)OC(CC)C(C)C(=O)N[C@H]1CCCCN(O)C1=O,"aThr/Thr, SA, NOH-Lys, OH-cLys, 3OH-2Me-PA, C17:1(2)",6,1,0,C48H77N5O10,884.154542,Mycobacterium avium,1,0,0,0,1,0,0,0,0,0,0,0,0,0,0,0,Actinomycetota,Lys derivatives,,,SA+Thr,,,,,"Snow, GA408312. ""Mycobactins: iron-chelating growth factors from mycobacteria."" Bacteriological reviews 34.2 (1970): 99-125.; Barclay, R., D. F. Ewing, and C. Ratledge. ""Isolation, identification, and structural analysis of the mycobactins of Mycobacterium avium, Mycobacterium intracellulare, Mycobacterium scrofulaceum, and Mycobacterium paratuberculosis."" Journal of bacteriology 164.2 (1985): 896-903.","Quadri, Luis EN, et al. ""Identification of a Mycobacterium tuberculosis gene cluster encoding the biosynthetic enzymes for assembly of the virulence-conferring siderophore mycobactin."" Chemistry & biology 5.11 (1998): 631-645.; Vergnolle, Olivia, Hua Xu, and John S. Blanchard. ""Mechanism and regulation of mycobactin fatty acyl-AMP ligase FadD33."" Journal of Biological Chemistry 288.39 (2013): 28116-28125.",,,,,48,77,5,10,0,0.623376623,9.6,4.8,0,Ruolin He,1,31,15,-6.438,3.487731206
601,Mycobactin J,,1,2,0,0,0,0,0,1,0,0,0,0,0,0,0,6,Hydroxamate/Hydroxyphenyloxazoline,Hybrid NRPS/PKS,CCCCCCCCCCCCC/C=C\C(=O)N(O)CCCC[C@H](NC(=O)[C@H]1N=C(c2ccccc2O)O[C@@H]1C)C(=O)O[C@H](CC)[C@H](C)C(=O)N[C@H]1CCCCN(O)C1=O,"OH-cLys, 3OH-2Me-PA, NOH-Lys, C16:1(9), aThr/Thr, SA",6,1,0,C45H71N5O10,842.074676,Mycobacterium paratuberculosis,1,0,0,0,1,0,0,0,0,0,0,0,0,0,0,0,Actinomycetota,Lys derivatives,,,SA+Thr,,,,,"Snow, GA408312. ""Mycobactins: iron-chelating growth factors from mycobacteria."" Bacteriological reviews 34.2 (1970): 99-125.; Barclay, R., D. F. Ewing, and C. Ratledge. ""Isolation, identification, and structural analysis of the mycobactins of Mycobacterium avium, Mycobacterium intracellulare, Mycobacterium scrofulaceum, and Mycobacterium paratuberculosis."" Journal of bacteriology 164.2 (1985): 896-903.","Quadri, Luis EN, et al. ""Identification of a Mycobacterium tuberculosis gene cluster encoding the biosynthetic enzymes for assembly of the virulence-conferring siderophore mycobactin."" Chemistry & biology 5.11 (1998): 631-645.; Vergnolle, Olivia, Hua Xu, and John S. Blanchard. ""Mechanism and regulation of mycobactin fatty acyl-AMP ligase FadD33."" Journal of Biological Chemistry 288.39 (2013): 28116-28125.",,,,,45,71,5,10,0,0.633802817,9,4.5,0,Ruolin He,1,31,3,-6.244,3.556635702
624,Carboxymycobactin 2,,2,2,0,0,0,0,0,1,0,0,0,0,0,0,0,6,Hydroxamate/Hydroxyphenyloxazoline,Hybrid NRPS/PKS,CCC(OC(=O)[C@H](CCCCN(O)C(=O)/C=C/CCC(=O)OC)NC(=O)C1N=C(c2ccccc2O)OC1C)C(C)C(=O)N[C@H]1CCCCN(O)C1=O,"3OH-2Me-PA, NOH-Lys, aThr/Thr, SA, OMe-4dOH-AD, OH-cLys",6,1,0,C36H51N5O12,745.818006,Mycobacterium avium; Nocardia mangyaensis NH1,1,0,0,0,1,0,0,0,0,0,0,0,0,0,0,0,Actinomycetota,Lys derivatives,,,SA+Thr,,,,,"Lane, Stephen J., et al. ""Novel extracellular mycobactins, the carboxymycobactins from Mycobacterium avium."" Tetrahedron letters 36.23 (1995): 4129-4132.; Wong, Diane K., et al. ""Characterization of exochelins of Mycobacterium avium: evidence for saturated and unsaturated and for acid and ester forms."" Journal of bacteriology 178.21 (1996): 6394-6398.; Khilyas, Irina V., et al. ""Genomic insights and anti-phytopathogenic potential of siderophore metabolome of endolithic Nocardia mangyaensis NH1."" Scientific Reports 14.1 (2024): 5676.","Vergnolle, Olivia, Hua Xu, and John S. Blanchard. ""Mechanism and regulation of mycobactin fatty acyl-AMP ligase FadD33."" Journal of Biological Chemistry 288.39 (2013): 28116-28125.",,,,,36,51,5,12,0,0.705882353,7.2,3,0,Ruolin He,1,31,20,-4.755,3.735101788
623,Carboxymycobactin 1,,1,2,0,0,0,0,0,1,0,0,0,0,0,0,0,6,Hydroxamate/Hydroxyphenyloxazoline,Hybrid NRPS/PKS,CCC(OC(=O)[C@H](CCCCN(O)C(=O)/C=C/CCC(=O)O)NC(=O)C1N=C(c2ccccc2O)OC1C)C(C)C(=O)N[C@H]1CCCCN(O)C1=O,"NOH-Lys, 2dOH-AD, aThr/Thr, SA, 3OH-2Me-PA, OH-cLys",6,1,0,C35H49N5O12,731.791384,Mycobacterium avium,1,0,0,0,1,0,0,0,0,0,0,0,0,0,0,0,Actinomycetota,Lys derivatives,,,SA+Thr,,,,,"Lane, Stephen J., et al. ""Novel extracellular mycobactins, the carboxymycobactins from Mycobacterium avium."" Tetrahedron letters 36.23 (1995): 4129-4132.; Wong, Diane K., et al. ""Characterization of exochelins of Mycobacterium avium: evidence for saturated and unsaturated and for acid and ester forms."" Journal of bacteriology 178.21 (1996): 6394-6398.","Vergnolle, Olivia, Hua Xu, and John S. Blanchard. ""Mechanism and regulation of mycobactin fatty acyl-AMP ligase FadD33."" Journal of Biological Chemistry 288.39 (2013): 28116-28125.",,,,,35,49,5,12,0,0.714285714,7,2.916666667,0,Ruolin He,1,31,19,-4.545,3.763942946
622,Carboxymycobactin 6,,2,2,0,0,0,0,0,1,0,0,0,0,0,0,0,6,Hydroxamate/Hydroxyphenyloxazoline,Hybrid NRPS/PKS,CCC(OC(=O)C(CCCCN(O)C(=O)C=CCCCCCCCCC(=O)O)NC(=O)C1N=C(c2ccccc2O)OC1C)C(C)C(=O)NC1CCCCN(O)C1=O,"aThr/Thr, SA, NOH-Lys, C12:1(2)-COOH, OH-cLys, 3OH-2Me-PA",6,1,0,C41H61N5O12,815.951116,Mycobacterium avium; Nocardia mangyaensis NH1,1,0,0,0,1,0,0,0,0,0,0,0,0,0,0,0,Actinomycetota,Lys derivatives,,,SA+Thr,,,,,"Lane, Stephen J., et al. ""Novel extracellular mycobactins, the carboxymycobactins from Mycobacterium avium."" Tetrahedron letters 36.23 (1995): 4129-4132.; Khilyas, Irina V., et al. ""Genomic insights and anti-phytopathogenic potential of siderophore metabolome of endolithic Nocardia mangyaensis NH1."" Scientific Reports 14.1 (2024): 5676.","Vergnolle, Olivia, Hua Xu, and John S. Blanchard. ""Mechanism and regulation of mycobactin fatty acyl-AMP ligase FadD33."" Journal of Biological Chemistry 288.39 (2013): 28116-28125.",,,,,41,61,5,12,0,0.672131148,8.2,3.416666667,0,Ruolin He,1,31,18,-5.458,3.602002845
621,Carboxymycobactin 7,,2,2,0,0,0,0,0,1,0,0,0,0,0,0,0,6,Hydroxamate/Hydroxyphenyloxazoline,Hybrid NRPS/PKS,CCC(OC(=O)C(CCCCN(O)C(=O)C=CCCCCCCCCCC(=O)O)NC(=O)C1N=C(c2ccccc2O)OC1C)C(C)C(=O)NC1CCCCN(O)C1=O,"aThr/Thr, SA, NOH-Lys, C13:1(2)-COOH, 3OH-2Me-PA, OH-cLys",6,1,0,C42H63N5O12,829.977738,Mycobacterium avium; Nocardia mangyaensis NH1,1,0,0,0,1,0,0,0,0,0,0,0,0,0,0,0,Actinomycetota,Lys derivatives,,,SA+Thr,,,,,"Lane, Stephen J., et al. ""Novel extracellular mycobactins, the carboxymycobactins from Mycobacterium avium."" Tetrahedron letters 36.23 (1995): 4129-4132.; Khilyas, Irina V., et al. ""Genomic insights and anti-phytopathogenic potential of siderophore metabolome of endolithic Nocardia mangyaensis NH1."" Scientific Reports 14.1 (2024): 5676.","Vergnolle, Olivia, Hua Xu, and John S. Blanchard. ""Mechanism and regulation of mycobactin fatty acyl-AMP ligase FadD33."" Journal of Biological Chemistry 288.39 (2013): 28116-28125.",,,,,42,63,5,12,0,0.666666667,8.4,3.5,0,Ruolin He,1,31,17,-5.583,3.577383642
620,Carboxymycobactin,Exomycobactin,1,2,0,0,0,0,0,1,0,0,0,0,0,0,0,6,Hydroxamate/Hydroxyphenyloxazoline,Hybrid NRPS/PKS,CCC(OC(=O)C(CCCCN(O)C(=O)/C=C\CCCCCCCC(=O)O)NC(=O)C1N=C(c2ccccc2O)OC1C)C(C)C(=O)NC1CCCCN(O)C1=O,"NOH-Lys, C11:1(2)-COOH, aThr/Thr, SA, OH-cLys, 3OH-2Me-PA",6,1,0,C40H59N5O12,801.924494,Mycolicibacterium smegmatis,1,0,0,0,1,0,0,0,0,0,0,0,0,0,0,0,Actinomycetota,Lys derivatives,,,SA+Thr,,,,,"Lane, Stephen J., et al. ""Novel extracellular mycobactins, the carboxymycobactins from Mycobacterium avium."" Tetrahedron letters 36.23 (1995): 4129-4132.; Wong, Diane K., et al. ""Characterization of exochelins of Mycobacterium avium: evidence for saturated and unsaturated and for acid and ester forms."" Journal of bacteriology 178.21 (1996): 6394-6398.","Vergnolle, Olivia, Hua Xu, and John S. Blanchard. ""Mechanism and regulation of mycobactin fatty acyl-AMP ligase FadD33."" Journal of Biological Chemistry 288.39 (2013): 28116-28125.",,,,,40,59,5,12,0,0.677966102,8,3.333333333,0,Ruolin He,1,31,16,-5.324,3.627250094
615,Mycobactin M,,1,2,0,0,0,0,0,1,0,0,0,0,0,0,0,6,Hydroxamate/Hydroxyphenyloxazoline,Hybrid NRPS/PKS,CCCCCCCCCCCCC/C=C/C(OC(=O)[C@H](CCCCN(O)C(C)=O)NC(=O)C1N=C(c2ccccc2O)OC1C)C(C)C(=O)N[C@H]1CCCCN(O)C1=O,"N6Ac-N6OH-Lys, aThr/Thr, OH-cLys, X0, SA",5,0.644067797,1,C44H69N5O10,828.048054,Mycobacterium marinum,1,0,0,0,1,0,0,0,0,0,0,0,0,0,0,0,Actinomycetota,Lys derivatives,,,SA+Thr,,,,,"Snow, GA408312. ""Mycobactins: iron-chelating growth factors from mycobacteria."" Bacteriological reviews 34.2 (1970): 99-125.; Barclay, R., D. F. Ewing, and C. Ratledge. ""Isolation, identification, and structural analysis of the mycobactins of Mycobacterium avium, Mycobacterium intracellulare, Mycobacterium scrofulaceum, and Mycobacterium paratuberculosis."" Journal of bacteriology 164.2 (1985): 896-903.","Quadri, Luis EN, et al. ""Identification of a Mycobacterium tuberculosis gene cluster encoding the biosynthetic enzymes for assembly of the virulence-conferring siderophore mycobactin."" Chemistry & biology 5.11 (1998): 631-645.; Vergnolle, Olivia, Hua Xu, and John S. Blanchard. ""Mechanism and regulation of mycobactin fatty acyl-AMP ligase FadD33."" Journal of Biological Chemistry 288.39 (2013): 28116-28125.",,,,,44,69,5,10,0,0.637681159,8.8,4.4,0,Ruolin He,1,31,11,-6.145,3.580734299
617,Mycobactin N,,1,2,0,0,0,0,0,1,0,0,0,0,0,0,0,6,Hydroxamate/Hydroxyphenyloxazoline,Hybrid NRPS/PKS,CCCCCCCCCCCCC/C=C/C(OC(=O)[C@H](CCCCN(O)C(=O)CC)NC(=O)C1N=C(c2ccccc2O)OC1C)C(C)C(=O)N[C@H]1CCCCN(O)C1=O,"aThr/Thr, SA, OH-cLys, X0, NOH-Lys, Pra",6,0.65,1,C45H71N5O10,842.074676,Mycobacterium marinum,1,0,0,0,1,0,0,0,0,0,0,0,0,0,0,0,Actinomycetota,Lys derivatives,,,SA+Thr,,,,,"Snow, GA408312. ""Mycobactins: iron-chelating growth factors from mycobacteria."" Bacteriological reviews 34.2 (1970): 99-125.; Barclay, R., D. F. Ewing, and C. Ratledge. ""Isolation, identification, and structural analysis of the mycobactins of Mycobacterium avium, Mycobacterium intracellulare, Mycobacterium scrofulaceum, and Mycobacterium paratuberculosis."" Journal of bacteriology 164.2 (1985): 896-903.","Quadri, Luis EN, et al. ""Identification of a Mycobacterium tuberculosis gene cluster encoding the biosynthetic enzymes for assembly of the virulence-conferring siderophore mycobactin."" Chemistry & biology 5.11 (1998): 631-645.; Vergnolle, Olivia, Hua Xu, and John S. Blanchard. ""Mechanism and regulation of mycobactin fatty acyl-AMP ligase FadD33."" Journal of Biological Chemistry 288.39 (2013): 28116-28125.",,,,,45,71,5,10,0,0.633802817,9,4.5,0,Ruolin He,1,31,13,-6.233,3.556635702
625,Carboxymycobactin 4,,1,2,0,0,0,0,0,1,0,0,0,0,0,0,0,6,Hydroxamate/Hydroxyphenyloxazoline,Hybrid NRPS/PKS,CCC(OC(=O)[C@H](CCCCN(O)C(=O)CCCCC(=O)OC)NC(=O)C1N=C(c2ccccc2O)OC1C)C(C)C(=O)N[C@H]1CCCCN(O)C1=O,"3OH-2Me-PA, NOH-Lys, aThr/Thr, SA, OH-cLys, Me-adipate",6,1,0,C36H53N5O12,747.833888,Mycobacterium avium,1,0,0,0,1,0,0,0,0,0,0,0,0,0,0,0,Actinomycetota,Lys derivatives,,,SA+Thr,,,,,"Lane, Stephen J., et al. ""Novel extracellular mycobactins, the carboxymycobactins from Mycobacterium avium."" Tetrahedron letters 36.23 (1995): 4129-4132.; Wong, Diane K., et al. ""Characterization of exochelins of Mycobacterium avium: evidence for saturated and unsaturated and for acid and ester forms."" Journal of bacteriology 178.21 (1996): 6394-6398.","Vergnolle, Olivia, Hua Xu, and John S. Blanchard. ""Mechanism and regulation of mycobactin fatty acyl-AMP ligase FadD33."" Journal of Biological Chemistry 288.39 (2013): 28116-28125.",,,,,36,53,5,12,0,0.679245283,7.2,3,0,Ruolin He,1,31,21,-4.752,3.731022241
626,Carboxymycobactin 3,,2,2,0,0,0,0,0,1,0,0,0,0,0,0,0,6,Hydroxamate/Hydroxyphenyloxazoline,Hybrid NRPS/PKS,CCC(OC(=O)[C@H](CCCCN(O)C(=O)CCCCC(=O)O)NC(=O)C1N=C(c2ccccc2O)OC1C)C(C)C(=O)N[C@H]1CCCCN(O)C1=O,"NOH-Lys, AD, aThr/Thr, SA, OH-cLys, 3OH-2Me-PA",6,1,0,C35H51N5O12,733.807266,Mycobacterium avium; Nocardia mangyaensis NH1,1,0,0,0,1,0,0,0,0,0,0,0,0,0,0,0,Actinomycetota,Lys derivatives,,,SA+Thr,,,,,"Lane, Stephen J., et al. ""Novel extracellular mycobactins, the carboxymycobactins from Mycobacterium avium."" Tetrahedron letters 36.23 (1995): 4129-4132.; Wong, Diane K., et al. ""Characterization of exochelins of Mycobacterium avium: evidence for saturated and unsaturated and for acid and ester forms."" Journal of bacteriology 178.21 (1996): 6394-6398.; Khilyas, Irina V., et al. ""Genomic insights and anti-phytopathogenic potential of siderophore metabolome of endolithic Nocardia mangyaensis NH1."" Scientific Reports 14.1 (2024): 5676.","Vergnolle, Olivia, Hua Xu, and John S. Blanchard. ""Mechanism and regulation of mycobactin fatty acyl-AMP ligase FadD33."" Journal of Biological Chemistry 288.39 (2013): 28116-28125.",,,,,35,51,5,12,0,0.68627451,7,2.916666667,0,Ruolin He,1,31,22,-4.542,3.759748161
607,Nocardimicin A,,2,2,0,0,0,0,0,1,0,0,0,0,0,0,0,6,Hydroxamate/Hydroxyphenyloxazoline,Hybrid NRPS/PKS,CCCCCCCCCC(OC(=O)C(CCCCN(O)C(C)=O)NC(=O)c1coc(-c2ccccc2O)n1)C(C)C(=O)NC1CCCCN(O)C1=O,"aFo-Gly, SA, N6Ac-N6OH-Lys, OH-cLys, 3OH-2Me-C12:0",5,1,0,C37H55N5O10,729.8617,Nocardia sp. TP-A0674; Nocardia alba NBRC 108234,1,0,0,0,1,0,0,0,0,0,0,0,0,0,0,0,Actinomycetota,Lys derivatives,,,SA+Ser,,,,,"Ikeda, Yoshitaka, et al. ""Nocardimicins A, B, C, D, E, and F, siderophores with muscarinic M3 receptor inhibiting activity from Nocardia sp. TP-A0674."" Journal of natural products 68.7 (2005): 1061-1065.; Männle, Daniel, et al. ""Comparative genomics and metabolomics in the genus Nocardia."" Msystems 5.3 (2020): 10-1128.","Davidsen, Jeanne M., David M. Bartley, and Craig A. Townsend. ""Non-ribosomal propeptide precursor in nocardicin A biosynthesis predicted from adenylation domain specificity dependent on the MbtH family protein NocI."" Journal of the American Chemical Society 135.5 (2013): 1749-1759.",,,,,37,55,5,10,0,0.672727273,7.4,3.7,0,Ruolin He,1,31,6,-5.556,3.767974303
606,Nocardimicin D,,1,2,0,0,0,0,0,1,0,0,0,0,0,0,0,6,Hydroxamate/Hydroxyphenyloxazoline,Hybrid NRPS/PKS,CCCCCCCCCCCCCC(OC(=O)C(CCCCN(O)C(C)=O)NC(=O)c1coc(-c2ccccc2O)n1)C(C)C(=O)NC1CCCCN(O)C1=O,"aFo-Gly, SA, OH-cLys, X0, N6Ac-N6OH-Lys",5,0.660714286,1,C41H63N5O10,785.968188,Nocardia sp. TP-A0674,1,0,0,0,1,0,0,0,0,0,0,0,0,0,0,0,Actinomycetota,Lys derivatives,,,SA+Ser,,,,,"Ikeda, Yoshitaka, et al. ""Nocardimicins A, B, C, D, E, and F, siderophores with muscarinic M3 receptor inhibiting activity from Nocardia sp. TP-A0674."" Journal of natural products 68.7 (2005): 1061-1065.","Davidsen, Jeanne M., David M. Bartley, and Craig A. Townsend. ""Non-ribosomal propeptide precursor in nocardicin A biosynthesis predicted from adenylation domain specificity dependent on the MbtH family protein NocI."" Journal of the American Chemical Society 135.5 (2013): 1749-1759.",,,,,41,63,5,10,0,0.650793651,8.2,4.1,0,Ruolin He,1,31,5,-6.077,3.656769635
605,Nocardimicin F,,1,2,0,0,0,0,0,1,0,0,0,0,0,0,0,6,Hydroxamate/Hydroxyphenyloxazoline,Hybrid NRPS/PKS,CCCCCCCCCCCCCCCC(OC(=O)C(CCCCN(O)C(C)=O)NC(=O)c1coc(-c2ccccc2O)n1)C(C)C(=O)NC1CCCCN(O)C1=O,"aFo-Gly, SA, X0, N6Ac-N6OH-Lys, OH-cLys",5,0.637931034,1,C43H67N5O10,814.021432,Nocardia sp. TP-A0674,1,0,0,0,1,0,0,0,0,0,0,0,0,0,0,0,Actinomycetota,Lys derivatives,,,SA+Ser,,,,,"Ikeda, Yoshitaka, et al. ""Nocardimicins A, B, C, D, E, and F, siderophores with muscarinic M3 receptor inhibiting activity from Nocardia sp. TP-A0674."" Journal of natural products 68.7 (2005): 1061-1065.","Davidsen, Jeanne M., David M. Bartley, and Craig A. Townsend. ""Non-ribosomal propeptide precursor in nocardicin A biosynthesis predicted from adenylation domain specificity dependent on the MbtH family protein NocI."" Journal of the American Chemical Society 135.5 (2013): 1749-1759.",,,,,43,67,5,10,0,0.641791045,8.6,4.3,0,Ruolin He,1,31,4,-6.277,3.60543832
604,Nocardimicin B,,1,2,0,0,0,0,0,1,0,0,0,0,0,0,0,6,Hydroxamate/Hydroxyphenyloxazoline,Hybrid NRPS/PKS,CCCCCCCCCCCC(OC(=O)C(CCCCN(O)C(C)=O)NC(=O)c1coc(-c2ccccc2O)n1)C(C)C(=O)NC1CCCCN(O)C1=O,"aFo-Gly, SA, N6Ac-N6OH-Lys, OH-cLys, 3OH-2MeTeEnA",5,1,0,C39H59N5O10,757.914944,Nocardia sp. TP-A0674,1,0,0,0,1,0,0,0,0,0,0,0,0,0,0,0,Actinomycetota,Lys derivatives,,,SA+Ser,,,,,"Ikeda, Yoshitaka, et al. ""Nocardimicins A, B, C, D, E, and F, siderophores with muscarinic M3 receptor inhibiting activity from Nocardia sp. TP-A0674."" Journal of natural products 68.7 (2005): 1061-1065.","Davidsen, Jeanne M., David M. Bartley, and Craig A. Townsend. ""Non-ribosomal propeptide precursor in nocardicin A biosynthesis predicted from adenylation domain specificity dependent on the MbtH family protein NocI."" Journal of the American Chemical Society 135.5 (2013): 1749-1759.",,,,,39,59,5,10,0,0.661016949,7.8,3.9,0,Ruolin He,1,31,3,-5.836,3.710860901
839,Nocobactin NA 10152A,,1,2,0,0,0,0,0,1,0,0,0,0,0,0,0,6,Hydroxamate/Hydroxyphenyloxazoline,Hybrid NRPS/PKS,CCCCCCC[C@H](OC(=O)[C@H](CCCCN(O)C(C)=O)NC(=O)c1nc(-c2ccccc2O)oc1C)[C@@H](C)C(=O)N[C@@H]1CCCCN(O)C1=O,"N6Ac-N6OH-Lys, 2NH2-3OHBut-2EnA, C10:0-Me(2)-OH(3), SA, OH-cLys",5,1,0,C36H53N5O10,715.835078,Nocardia farcinica IFM 10152,1,0,0,0,1,0,0,0,0,0,0,0,0,0,0,0,Actinomycetota,Lys derivatives,,,SA+Thr,,,,,"Hoshino, Yasutaka, et al. ""Identification of nocobactin NA biosynthetic gene clusters in Nocardia farcinica."" Journal of bacteriology 193.2 (2011): 441-448.","Quadri, Luis EN, et al. ""Identification of a Mycobacterium tuberculosis gene cluster encoding the biosynthetic enzymes for assembly of the virulence-conferring siderophore mycobactin."" Chemistry & biology 5.11 (1998): 631-645.; Vergnolle, Olivia, Hua Xu, and John S. Blanchard. ""Mechanism and regulation of mycobactin fatty acyl-AMP ligase FadD33."" Journal of Biological Chemistry 288.39 (2013): 28116-28125.",,,,,36,53,5,10,0,0.679245283,7.2,3.6,0,Ruolin He,1,31,35,-5.529,3.797756037
840,Nocobactin NA 10152B,,1,2,0,0,0,0,0,1,0,0,0,0,0,0,0,6,Hydroxamate/Hydroxyphenyloxazoline,Hybrid NRPS/PKS,CCCCCCCCC[C@H](OC(=O)[C@H](CCCCN(O)C(C)=O)NC(=O)c1nc(-c2ccccc2O)oc1C)[C@@H](C)C(=O)N[C@@H]1CCCCN(O)C1=O,"OH-cLys, 3OH-2Me-C12:0, N6Ac-N6OH-Lys, 2NH2-3OHBut-2EnA, SA",5,1,0,C38H57N5O10,743.888322,Nocardia farcinica IFM 10152,1,0,0,0,1,0,0,0,0,0,0,0,0,0,0,0,Actinomycetota,Lys derivatives,,,SA+Thr,,,,,"Hoshino, Yasutaka, et al. ""Identification of nocobactin NA biosynthetic gene clusters in Nocardia farcinica."" Journal of bacteriology 193.2 (2011): 441-448.","Quadri, Luis EN, et al. ""Identification of a Mycobacterium tuberculosis gene cluster encoding the biosynthetic enzymes for assembly of the virulence-conferring siderophore mycobactin."" Chemistry & biology 5.11 (1998): 631-645.; Vergnolle, Olivia, Hua Xu, and John S. Blanchard. ""Mechanism and regulation of mycobactin fatty acyl-AMP ligase FadD33."" Journal of Biological Chemistry 288.39 (2013): 28116-28125.",,,,,38,57,5,10,0,0.666666667,7.6,3.8,0,Ruolin He,1,31,36,-5.829,3.739022097
616,Mycobactin NA,Nocobactin; Nocobactin NA,2,2,0,0,0,0,0,1,0,0,0,0,0,0,0,6,Hydroxamate/Hydroxyphenyloxazoline,Hybrid NRPS/PKS,CCCCCCCCCCC[C@H](OC(=O)[C@H](CCCCN(O)C(C)=O)NC(=O)c1nc(-c2ccccc2O)oc1C)[C@@H](C)C(=O)N[C@@H]1CCCCN(O)C1=O,"2NH2-3OHBut-2EnA, SA, 3OH-2MeTeEnA, N6Ac-N6OH-Lys, OH-cLys",5,1,0,C40H61N5O10,771.941566,Nocardia asteroides 3318; Nocardia mangyaensis NH1,1,0,0,0,1,0,0,0,0,0,0,0,0,0,0,0,Actinomycetota,Lys derivatives,,,SA+Thr,,,,,"Snow, GA408312. ""Mycobactins: iron-chelating growth factors from mycobacteria."" Bacteriological reviews 34.2 (1970): 99-125.; Barclay, R., D. F. Ewing, and C. Ratledge. ""Isolation, identification, and structural analysis of the mycobactins of Mycobacterium avium, Mycobacterium intracellulare, Mycobacterium scrofulaceum, and Mycobacterium paratuberculosis."" Journal of bacteriology 164.2 (1985): 896-903.; Khilyas, Irina V., et al. ""Genomic insights and anti-phytopathogenic potential of siderophore metabolome of endolithic Nocardia mangyaensis NH1."" Scientific Reports 14.1 (2024): 5676.","Quadri, Luis EN, et al. ""Identification of a Mycobacterium tuberculosis gene cluster encoding the biosynthetic enzymes for assembly of the virulence-conferring siderophore mycobactin."" Chemistry & biology 5.11 (1998): 631-645.; Vergnolle, Olivia, Hua Xu, and John S. Blanchard. ""Mechanism and regulation of mycobactin fatty acyl-AMP ligase FadD33."" Journal of Biological Chemistry 288.39 (2013): 28116-28125.",,,,,40,61,5,10,0,0.655737705,8,4,0,Ruolin He,1,31,12,-6.091,3.683454672
603,Nocardimicin E,,1,1,0,0,0,0,0,1,0,0,0,0,0,0,0,4,Hydroxamate/Hydroxyphenyloxazoline,Hybrid NRPS/PKS,CCCCCCCCCCCCCC(OC(=O)C(CCCCN(O)C(C)=O)NC(=O)c1coc(-c2ccccc2O)n1)C(C)C(=O)NC1CCCCNC1=O,"N6Ac-N6OH-Lys, aFo-Gly, SA, X0, cLys",5,0.654545455,1,C41H63N5O9,769.968783,Nocardia sp. TP-A0674,1,0,0,0,1,0,0,0,0,0,0,0,0,0,0,0,Actinomycetota,Lys derivatives,,,SA+Ser,,,,,"Ikeda, Yoshitaka, et al. ""Nocardimicins A, B, C, D, E, and F, siderophores with muscarinic M3 receptor inhibiting activity from Nocardia sp. TP-A0674."" Journal of natural products 68.7 (2005): 1061-1065.","Davidsen, Jeanne M., David M. Bartley, and Craig A. Townsend. ""Non-ribosomal propeptide precursor in nocardicin A biosynthesis predicted from adenylation domain specificity dependent on the MbtH family protein NocI."" Journal of the American Chemical Society 135.5 (2013): 1749-1759.",,,,,41,63,5,9,0,0.650793651,8.2,4.555555556,0,Ruolin He,1,31,2,-6.117,3.687264902
602,Nocardimicin C,,1,1,0,0,0,0,0,1,0,0,0,0,0,0,0,4,Hydroxamate/Hydroxyphenyloxazoline,Hybrid NRPS/PKS,CCCCCCCCCCCC(OC(=O)C(CCCCN(O)C(C)=O)NC(=O)c1coc(-c2ccccc2O)n1)C(C)C(=O)NC1CCCCNC1=O,"3OH-2MeTeEnA, N6Ac-N6OH-Lys, aFo-Gly, SA, cLys",5,1,0,C39H59N5O9,741.915539,Nocardia sp. TP-A0674,1,0,0,0,1,0,0,0,0,0,0,0,0,0,0,0,Actinomycetota,Lys derivatives,,,SA+Ser,,,,,"Ikeda, Yoshitaka, et al. ""Nocardimicins A, B, C, D, E, and F, siderophores with muscarinic M3 receptor inhibiting activity from Nocardia sp. TP-A0674."" Journal of natural products 68.7 (2005): 1061-1065.","Davidsen, Jeanne M., David M. Bartley, and Craig A. Townsend. ""Non-ribosomal propeptide precursor in nocardicin A biosynthesis predicted from adenylation domain specificity dependent on the MbtH family protein NocI."" Journal of the American Chemical Society 135.5 (2013): 1749-1759.",,,,,39,59,5,9,0,0.661016949,7.8,4.333333333,0,Ruolin He,1,31,1,-5.874,3.743045438
862,Proximal monodeoxymycobactin C20:0 (α-methyl serine),,1,1,0,0,0,0,0,1,0,0,0,0,0,0,0,4,Hydroxamate/Hydroxyphenyloxazoline,Hybrid NRPS/PKS,CCCCCCCCCCCCCCCCCCCC(=O)N(O)CCCCC(NC(=O)C1(C)COC(c2ccccc2O)=N1)C(=O)OC(C)CC(=O)NC1CCCCNC1=O,"cLys, C4:0-OH(3), NOH-Lys, C20:0, aMe-DL-Ser, SA",6,1,0,C47H77N5O9,856.144397,Mycobacterium tuberculosis H37Rv,1,0,0,0,1,0,0,0,0,0,0,0,0,0,0,0,Actinomycetota,Lys derivatives,,,SA+aMe-DL-Ser,,,,,"Madigan, Cressida A., et al. ""Lipidomic discovery of deoxysiderophores reveals a revised mycobactin biosynthesis pathway in Mycobacterium tuberculosis."" Proceedings of the National Academy of Sciences 109.4 (2012): 1257-1262.","Quadri, Luis EN, et al. ""Identification of a Mycobacterium tuberculosis gene cluster encoding the biosynthetic enzymes for assembly of the virulence-conferring siderophore mycobactin."" Chemistry & biology 5.11 (1998): 631-645.; Vergnolle, Olivia, Hua Xu, and John S. Blanchard. ""Mechanism and regulation of mycobactin fatty acyl-AMP ligase FadD33."" Journal of Biological Chemistry 288.39 (2013): 28116-28135.",,,,,47,77,5,9,0,0.61038961,9.4,5.222222222,0,Yanzhao Wu; Jiqi Shao; Ruolin He,1,31,37,-6.472,3.533046317
858,Proximal monodeoxycarboxymycobactin C9:0 (methyl),,1,1,0,0,0,0,0,1,0,0,0,0,0,0,0,4,Hydroxamate/Hydroxyphenyloxazoline,Hybrid NRPS/PKS,CC(CC(=O)NC1CCCCNC1=O)OC(=O)C(CCCCN(O)C(=O)CCCCCCCC(=O)O)NC(=O)C1(C)COC(c2ccccc2O)=N1,"cLys, C4:0-OH(3), aMe-DL-Ser, SA, NOH-Lys, C9:0-COOH",6,1,0,C36H53N5O11,731.834483,Mycobacterium tuberculosis H37Rv,1,0,0,0,1,0,0,0,0,0,0,0,0,0,0,0,Actinomycetota,Lys derivatives,,,SA+aMe-DL-Ser,,,,,"Madigan, Cressida A., et al. ""Lipidomic discovery of deoxysiderophores reveals a revised mycobactin biosynthesis pathway in Mycobacterium tuberculosis."" Proceedings of the National Academy of Sciences 109.4 (2012): 1257-1262.","Quadri, Luis EN, et al. ""Identification of a Mycobacterium tuberculosis gene cluster encoding the biosynthetic enzymes for assembly of the virulence-conferring siderophore mycobactin."" Chemistry & biology 5.11 (1998): 631-645.; Vergnolle, Olivia, Hua Xu, and John S. Blanchard. ""Mechanism and regulation of mycobactin fatty acyl-AMP ligase FadD33."" Journal of Biological Chemistry 288.39 (2013): 28116-28149.",,,,,36,53,5,11,0,0.679245283,7.2,3.272727273,0,Yanzhao Wu; Jiqi Shao; Ruolin He,1,31,38,-4.725,3.763853085
853,Proximal monodeoxycarboxymycobactin C7:0 (methyl) methyl ester,,1,1,0,0,0,0,0,1,0,0,0,0,0,0,0,4,Hydroxamate/Hydroxyphenyloxazoline,Hybrid NRPS/PKS,COC(=O)CCCCCC(=O)N(O)CCCCC(NC(=O)C1(C)COC(c2ccccc2O)=N1)C(=O)OC(C)CC(=O)NC1CCCCNC1=O,"NOH-Lys, aMe-DL-Ser, C4:0-OH(3), O-Me-C7:0-COOH, cLys, SA",6,1,0,C35H51N5O11,717.807861,Mycobacterium tuberculosis H37Rv,1,0,0,0,1,0,0,0,0,0,0,0,0,0,0,0,Actinomycetota,Lys derivatives,,,SA+aMe-DL-Ser,,,,,"Madigan, Cressida A., et al. ""Lipidomic discovery of deoxysiderophores reveals a revised mycobactin biosynthesis pathway in Mycobacterium tuberculosis."" Proceedings of the National Academy of Sciences 109.4 (2012): 1257-1262.","Quadri, Luis EN, et al. ""Identification of a Mycobacterium tuberculosis gene cluster encoding the biosynthetic enzymes for assembly of the virulence-conferring siderophore mycobactin."" Chemistry & biology 5.11 (1998): 631-645.; Vergnolle, Olivia, Hua Xu, and John S. Blanchard. ""Mechanism and regulation of mycobactin fatty acyl-AMP ligase FadD33."" Journal of Biological Chemistry 288.39 (2013): 28116-28145.",,,,,35,51,5,11,0,0.68627451,7,3.181818182,0,Yanzhao Wu; Jiqi Shao; Ruolin He,1,31,39,-4.605,3.793515723
854,Proximal monodeoxycarboxymycobactin C7:0 (serine) methyl ester,,1,1,0,0,0,0,0,1,0,0,0,0,0,0,0,4,Hydroxamate/Hydroxyphenyloxazoline,Hybrid NRPS/PKS,COC(=O)CCCCCC(=O)N(O)CCCCC(NC(=O)C1COC(c2ccccc2O)=N1)C(=O)OC(C)CC(=O)NC1CCCCNC1=O,"cLys, C4:0-OH(3), Ser, SA, NOH-Lys, O-Me-C7:0-COOH",6,1,0,C34H49N5O11,703.781239,Mycobacterium tuberculosis H37Rv,1,0,0,0,1,0,0,0,0,0,0,0,0,0,0,0,Actinomycetota,Lys derivatives,,,SA+Ser,,,,,"Madigan, Cressida A., et al. ""Lipidomic discovery of deoxysiderophores reveals a revised mycobactin biosynthesis pathway in Mycobacterium tuberculosis."" Proceedings of the National Academy of Sciences 109.4 (2012): 1257-1262.","Quadri, Luis EN, et al. ""Identification of a Mycobacterium tuberculosis gene cluster encoding the biosynthetic enzymes for assembly of the virulence-conferring siderophore mycobactin."" Chemistry & biology 5.11 (1998): 631-645.; Vergnolle, Olivia, Hua Xu, and John S. Blanchard. ""Mechanism and regulation of mycobactin fatty acyl-AMP ligase FadD33."" Journal of Biological Chemistry 288.39 (2013): 28116-28141.",,,,,34,49,5,11,0,0.693877551,6.8,3.090909091,0,Yanzhao Wu; Jiqi Shao; Ruolin He,1,31,40,-4.389,3.824043127
861,Proximal monodeoxymycobactin C20:0 (serine),,1,1,0,0,0,0,0,1,0,0,0,0,0,0,0,4,Hydroxamate/Hydroxyphenyloxazoline,Hybrid NRPS/PKS,CCCCCCCCCCCCCCCCCCCC(=O)N(O)CCCCC(NC(=O)C1COC(c2ccccc2O)=N1)C(=O)OC(C)CC(=O)NC1CCCCNC1=O,"Ser, SA, cLys, C4:0-OH(3), NOH-Lys, C20:0",6,1,0,C46H75N5O9,842.117775,Mycobacterium tuberculosis H37Rv,1,0,0,0,1,0,0,0,0,0,0,0,0,0,0,0,Actinomycetota,Lys derivatives,,,SA+Ser,,,,,"Madigan, Cressida A., et al. ""Lipidomic discovery of deoxysiderophores reveals a revised mycobactin biosynthesis pathway in Mycobacterium tuberculosis."" Proceedings of the National Academy of Sciences 109.4 (2012): 1257-1262.","Quadri, Luis EN, et al. ""Identification of a Mycobacterium tuberculosis gene cluster encoding the biosynthetic enzymes for assembly of the virulence-conferring siderophore mycobactin."" Chemistry & biology 5.11 (1998): 631-645.; Vergnolle, Olivia, Hua Xu, and John S. Blanchard. ""Mechanism and regulation of mycobactin fatty acyl-AMP ligase FadD33."" Journal of Biological Chemistry 288.39 (2013): 28116-28131.",,,,,46,75,5,9,0,0.613333333,9.2,5.111111111,0,Yanzhao Wu; Jiqi Shao; Ruolin He,1,31,41,-6.359,3.556562562
860,Proximal monodeoxymycobactin C18:1 (serine),,1,1,0,0,0,0,0,1,0,0,0,0,0,0,0,4,Hydroxamate/Hydroxyphenyloxazoline,Hybrid NRPS/PKS,CCCCCCCCCCCCCCC/C=C\C(=O)N(O)CCCCC(NC(=O)C1COC(c2ccccc2O)=N1)C(=O)OC(C)CC(=O)NC1CCCCNC1=O,"NOH-Lys, Ser, SA, C18:1(9), cLys, C4:0-OH(3)",6,1,0,C44H69N5O9,812.048649,Mycobacterium tuberculosis H37Rv,1,0,0,0,1,0,0,0,0,0,0,0,0,0,0,0,Actinomycetota,Lys derivatives,,,SA+Ser,,,,,"Madigan, Cressida A., et al. ""Lipidomic discovery of deoxysiderophores reveals a revised mycobactin biosynthesis pathway in Mycobacterium tuberculosis."" Proceedings of the National Academy of Sciences 109.4 (2012): 1257-1262.","Quadri, Luis EN, et al. ""Identification of a Mycobacterium tuberculosis gene cluster encoding the biosynthetic enzymes for assembly of the virulence-conferring siderophore mycobactin."" Chemistry & biology 5.11 (1998): 631-645.; Vergnolle, Olivia, Hua Xu, and John S. Blanchard. ""Mechanism and regulation of mycobactin fatty acyl-AMP ligase FadD33."" Journal of Biological Chemistry 288.39 (2013): 28116-28129.",,,,,44,69,5,9,0,0.637681159,8.8,4.888888889,0,Yanzhao Wu; Jiqi Shao; Ruolin He,1,31,42,-6.2,3.608962883
864,Proximal monodeoxymycobactin C22:1 (serine),,1,1,0,0,0,0,0,1,0,0,0,0,0,0,0,4,Hydroxamate/Hydroxyphenyloxazoline,Hybrid NRPS/PKS,CCCCCCCCCCCCCCCCCCC/C=C\C(=O)N(O)CCCCC(NC(=O)C1COC(c2ccccc2O)=N1)C(=O)OC(C)CC(=O)NC1CCCCNC1=O,"Ser, SA, NOH-Lys, C22:1(2), cLys, C4:0-OH(3)",6,1,0,C48H77N5O9,868.155137,Mycobacterium tuberculosis H37Rv,1,0,0,0,1,0,0,0,0,0,0,0,0,0,0,0,Actinomycetota,Lys derivatives,,,SA+Ser,,,,,"Madigan, Cressida A., et al. ""Lipidomic discovery of deoxysiderophores reveals a revised mycobactin biosynthesis pathway in Mycobacterium tuberculosis."" Proceedings of the National Academy of Sciences 109.4 (2012): 1257-1262.","Quadri, Luis EN, et al. ""Identification of a Mycobacterium tuberculosis gene cluster encoding the biosynthetic enzymes for assembly of the virulence-conferring siderophore mycobactin."" Chemistry & biology 5.11 (1998): 631-645.; Vergnolle, Olivia, Hua Xu, and John S. Blanchard. ""Mechanism and regulation of mycobactin fatty acyl-AMP ligase FadD33."" Journal of Biological Chemistry 288.39 (2013): 28116-28137.",,,,,48,77,5,9,0,0.623376623,9.6,5.333333333,0,Yanzhao Wu; Jiqi Shao; Ruolin He,1,31,43,-6.502,3.513353416
856,Proximal monodeoxycarboxymycobactin C7:1 (serine) methyl ester,,1,1,0,0,0,0,0,1,0,0,0,0,0,0,0,4,Hydroxamate/Hydroxyphenyloxazoline,Hybrid NRPS/PKS,COC(=O)CCC/C=C/C(=O)N(O)CCCCC(NC(=O)C1COC(c2ccccc2O)=N1)C(=O)OC(C)CC(=O)NC1CCCCNC1=O,"Ser, SA, C4:0-OH(3), NOH-Lys, cLys, X0",6,0.78,1,C34H47N5O11,701.765357,Mycobacterium tuberculosis H37Rv,1,0,0,0,1,0,0,0,0,0,0,0,0,0,0,0,Actinomycetota,Lys derivatives,,,SA+Ser,,,,,"Madigan, Cressida A., et al. ""Lipidomic discovery of deoxysiderophores reveals a revised mycobactin biosynthesis pathway in Mycobacterium tuberculosis."" Proceedings of the National Academy of Sciences 109.4 (2012): 1257-1262.","Quadri, Luis EN, et al. ""Identification of a Mycobacterium tuberculosis gene cluster encoding the biosynthetic enzymes for assembly of the virulence-conferring siderophore mycobactin."" Chemistry & biology 5.11 (1998): 631-645.; Vergnolle, Olivia, Hua Xu, and John S. Blanchard. ""Mechanism and regulation of mycobactin fatty acyl-AMP ligase FadD33."" Journal of Biological Chemistry 288.39 (2013): 28116-28139.",,,,,34,47,5,11,0,0.723404255,6.8,3.090909091,0,Yanzhao Wu; Jiqi Shao; Ruolin He,1,31,44,-4.391,3.828504075
855,Proximal monodeoxycarboxymycobactin C7:1 (methyl) methyl ester,,1,1,0,0,0,0,0,1,0,0,0,0,0,0,0,4,Hydroxamate/Hydroxyphenyloxazoline,Hybrid NRPS/PKS,COC(=O)CCC/C=C/C(=O)N(O)CCCCC(NC(=O)C1(C)COC(c2ccccc2O)=N1)C(=O)OC(C)CC(=O)NC1CCCCNC1=O,"C4:0-OH(3), NOH-Lys, X0, aMe-DL-Ser, cLys, SA",6,0.784313725,1,C35H49N5O11,715.791979,Mycobacterium tuberculosis H37Rv,1,0,0,0,1,0,0,0,0,0,0,0,0,0,0,0,Actinomycetota,Lys derivatives,,,SA+aMe-DL-Ser,,,,,"Madigan, Cressida A., et al. ""Lipidomic discovery of deoxysiderophores reveals a revised mycobactin biosynthesis pathway in Mycobacterium tuberculosis."" Proceedings of the National Academy of Sciences 109.4 (2012): 1257-1262.","Quadri, Luis EN, et al. ""Identification of a Mycobacterium tuberculosis gene cluster encoding the biosynthetic enzymes for assembly of the virulence-conferring siderophore mycobactin."" Chemistry & biology 5.11 (1998): 631-645.; Vergnolle, Olivia, Hua Xu, and John S. Blanchard. ""Mechanism and regulation of mycobactin fatty acyl-AMP ligase FadD33."" Journal of Biological Chemistry 288.39 (2013): 28116-28143.",,,,,35,49,5,11,0,0.714285714,7,3.181818182,0,Yanzhao Wu; Jiqi Shao; Ruolin He,1,31,45,-4.607,3.797848866
857,Proximal monodeoxycarboxymycobactin C8:1 (methyl) methyl ester,,1,1,0,0,0,0,0,1,0,0,0,0,0,0,0,4,Hydroxamate/Hydroxyphenyloxazoline,Hybrid NRPS/PKS,COC(=O)CCCC/C=C/C(=O)N(O)CCCCC(NC(=O)C1(C)COC(c2ccccc2O)=N1)C(=O)OC(C)CC(=O)NC1CCCCNC1=O,"aMe-DL-Ser, SA, C4:0-OH(3), NOH-Lys, X0, cLys",6,0.769230769,1,C36H51N5O11,729.818601,Mycobacterium tuberculosis H37Rv,1,0,0,0,1,0,0,0,0,0,0,0,0,0,0,0,Actinomycetota,Lys derivatives,,,SA+aMe-DL-Ser,,,,,"Madigan, Cressida A., et al. ""Lipidomic discovery of deoxysiderophores reveals a revised mycobactin biosynthesis pathway in Mycobacterium tuberculosis."" Proceedings of the National Academy of Sciences 109.4 (2012): 1257-1262.","Quadri, Luis EN, et al. ""Identification of a Mycobacterium tuberculosis gene cluster encoding the biosynthetic enzymes for assembly of the virulence-conferring siderophore mycobactin."" Chemistry & biology 5.11 (1998): 631-645.; Vergnolle, Olivia, Hua Xu, and John S. Blanchard. ""Mechanism and regulation of mycobactin fatty acyl-AMP ligase FadD33."" Journal of Biological Chemistry 288.39 (2013): 28116-28147.",,,,,36,51,5,11,0,0.705882353,7.2,3.272727273,0,Yanzhao Wu; Jiqi Shao; Ruolin He,1,31,46,-4.779,3.768064522
863,Proximal monodeoxymycobactin C20:1 (α-methyl serine),,1,1,0,0,0,0,0,1,0,0,0,0,0,0,0,4,Hydroxamate/Hydroxyphenyloxazoline,Hybrid NRPS/PKS,CCCCCCCCCCCCCCCCC/C=C\C(=O)N(O)CCCCC(NC(=O)C1(C)COC(c2ccccc2O)=N1)C(=O)OC(C)CC(=O)NC1CCCCNC1=O,"NOH-Lys, aMe-DL-Ser, SA, cLys, C4:0-OH(3), C20:1(9)",6,1,0,C47H75N5O9,854.128515,Mycobacterium tuberculosis H37Rv,1,0,0,0,1,0,0,0,0,0,0,0,0,0,0,0,Actinomycetota,Lys derivatives,,,SA+aMe-DL-Ser,,,,,"Madigan, Cressida A., et al. ""Lipidomic discovery of deoxysiderophores reveals a revised mycobactin biosynthesis pathway in Mycobacterium tuberculosis."" Proceedings of the National Academy of Sciences 109.4 (2012): 1257-1262.","Quadri, Luis EN, et al. ""Identification of a Mycobacterium tuberculosis gene cluster encoding the biosynthetic enzymes for assembly of the virulence-conferring siderophore mycobactin."" Chemistry & biology 5.11 (1998): 631-645.; Vergnolle, Olivia, Hua Xu, and John S. Blanchard. ""Mechanism and regulation of mycobactin fatty acyl-AMP ligase FadD33."" Journal of Biological Chemistry 288.39 (2013): 28116-28133.",,,,,47,75,5,9,0,0.626666667,9.4,5.222222222,0,Yanzhao Wu; Jiqi Shao; Ruolin He,1,31,47,-6.479,3.536391216
859,Proximal monodeoxymycobactin C16:1 (α-methyl serine),,1,1,0,0,0,0,0,1,0,0,0,0,0,0,0,4,Hydroxamate/Hydroxyphenyloxazoline,Hybrid NRPS/PKS,CCCCCCCCCCCCC/C=C\C(=O)N(O)CCCCC(NC(=O)C1(C)COC(c2ccccc2O)=N1)C(=O)OC(C)CC(=O)NC1CCCCNC1=O,"aMe-DL-Ser, SA, C4:0-OH(3), NOH-Lys, cLys, C16:1(9)",6,1,0,C43H67N5O9,798.022027,Mycobacterium tuberculosis H37Rv,1,0,0,0,1,0,0,0,0,0,0,0,0,0,0,0,Actinomycetota,Lys derivatives,,,SA+aMe-DL-Ser,,,,,"Madigan, Cressida A., et al. ""Lipidomic discovery of deoxysiderophores reveals a revised mycobactin biosynthesis pathway in Mycobacterium tuberculosis."" Proceedings of the National Academy of Sciences 109.4 (2012): 1257-1262.","Quadri, Luis EN, et al. ""Identification of a Mycobacterium tuberculosis gene cluster encoding the biosynthetic enzymes for assembly of the virulence-conferring siderophore mycobactin."" Chemistry & biology 5.11 (1998): 631-645.; Vergnolle, Olivia, Hua Xu, and John S. Blanchard. ""Mechanism and regulation of mycobactin fatty acyl-AMP ligase FadD33."" Journal of Biological Chemistry 288.39 (2013): 28116-28127.",,,,,43,67,5,9,0,0.641791045,8.6,4.777777778,0,Yanzhao Wu; Jiqi Shao; Ruolin He,1,31,48,-6.15,3.634389728
782,Didehydroxy-mycobactin 810,Didehydroxymycobactin 810; Dideoxymycobactin 810; Dideoxy-mycobactin 810; DDM-810,1,0,0,0,0,0,0,1,0,0,0,0,0,0,0,2,Hydroxyphenyloxazoline,Hybrid NRPS/PKS,CCCCCCCCCCCCCCC/C=C\C(=O)NCCCCC(NC(=O)C1(C)COC(c2ccccc2O)=N1)C(=O)OC(C)CC(=O)NC1CCCCNC1=O,"cLys, C4:0-OH(3), aMe-DL-Ser, SA, Lys, C18:1(9)",6,1,0,C45H71N5O8,810.075866,Mycobacterium tuberculosis,1,0,0,0,1,0,0,0,0,0,0,0,0,0,0,0,Actinomycetota,,,,SA+aMe-DL-Ser,,,,,"Moody, D. Branch, et al. ""T cell activation by lipopeptide antigens."" Science 303.5657 (2004): 527-531.","Quadri, Luis EN, et al. ""Identification of a Mycobacterium tuberculosis gene cluster encoding the biosynthetic enzymes for assembly of the virulence-conferring siderophore mycobactin."" Chemistry & biology 5.11 (1998): 631-645.; Vergnolle, Olivia, Hua Xu, and John S. Blanchard. ""Mechanism and regulation of mycobactin fatty acyl-AMP ligase FadD33."" Journal of Biological Chemistry 288.39 (2013): 28116-28125.",,,,,45,71,5,8,0,0.633802817,9,5.625,0,Yanzhao Wu; Jiqi Shao; Ruolin He,1,31,49,-6.359,3.612500017
784,Didehydroxy-mycobactin 838,Didehydroxymycobactin 838; Dideoxymycobactin 838; Dideoxy-mycobactin 838; DDM-838,1,0,0,0,0,0,0,1,0,0,0,0,0,0,0,2,Hydroxyphenyloxazoline,Hybrid NRPS/PKS,CCCCCCCCCCCCCCCCC/C=C\C(=O)NCCCCC(NC(=O)C1(C)COC(c2ccccc2O)=N1)C(=O)OC(C)CC(=O)NC1CCCCNC1=O,"Lys, C20:1(9), aMe-DL-Ser, SA, C4:0-OH(3), cLys",6,1,0,C47H75N5O8,838.12911,Mycobacterium tuberculosis,1,0,0,0,1,0,0,0,0,0,0,0,0,0,0,0,Actinomycetota,,,,SA+aMe-DL-Ser,,,,,"Moody, D. Branch, et al. ""T cell activation by lipopeptide antigens."" Science 303.5657 (2004): 527-531.","Quadri, Luis EN, et al. ""Identification of a Mycobacterium tuberculosis gene cluster encoding the biosynthetic enzymes for assembly of the virulence-conferring siderophore mycobactin."" Chemistry & biology 5.11 (1998): 631-645.; Vergnolle, Olivia, Hua Xu, and John S. Blanchard. ""Mechanism and regulation of mycobactin fatty acyl-AMP ligase FadD33."" Journal of Biological Chemistry 288.39 (2013): 28116-28125.",,,,,47,75,5,8,0,0.626666667,9.4,5.875,0,Yanzhao Wu; Jiqi Shao; Ruolin He,1,31,50,-6.522,3.563354693
785,Didehydroxy-mycobactin 840,Didehydroxymycobactin 840; Dideoxymycobactin 840; Dideoxy-mycobactin 840; DDM-840,1,0,0,0,0,0,0,1,0,0,0,0,0,0,0,2,Hydroxyphenyloxazoline,Hybrid NRPS/PKS,CCCCCCCCCCCCCCCCCCCC(=O)NCCCCC(NC(=O)C1(C)COC(c2ccccc2O)=N1)C(=O)OC(C)CC(=O)NC1CCCCNC1=O,"aMe-DL-Ser, SA, Lys, C20:0, cLys, C4:0-OH(3)",6,1,0,C47H77N5O8,840.144992,Mycobacterium tuberculosis,1,0,0,0,1,0,0,0,0,0,0,0,0,0,0,0,Actinomycetota,,,,SA+aMe-DL-Ser,,,,,"Moody, D. Branch, et al. ""T cell activation by lipopeptide antigens."" Science 303.5657 (2004): 527-531.","Quadri, Luis EN, et al. ""Identification of a Mycobacterium tuberculosis gene cluster encoding the biosynthetic enzymes for assembly of the virulence-conferring siderophore mycobactin."" Chemistry & biology 5.11 (1998): 631-645.; Vergnolle, Olivia, Hua Xu, and John S. Blanchard. ""Mechanism and regulation of mycobactin fatty acyl-AMP ligase FadD33."" Journal of Biological Chemistry 288.39 (2013): 28116-28125.",,,,,47,77,5,8,0,0.61038961,9.4,5.875,0,Yanzhao Wu; Jiqi Shao; Ruolin He,1,31,51,-6.517,3.559916031
783,Didehydroxy-mycobactin 812,Didehydroxymycobactin 812; Dideoxymycobactin 812; Dideoxy-mycobactin 812; DDM-812,1,0,0,0,0,0,0,1,0,0,0,0,0,0,0,2,Hydroxyphenyloxazoline,Hybrid NRPS/PKS,CCCCCCCCCCCCCCCCCC(=O)NCCCCC(NC(=O)C1(C)COC(c2ccccc2O)=N1)C(=O)OC(C)CC(=O)NC1CCCCNC1=O,"Lys, C18:0, aMe-DL-Ser, SA, C4:0-OH(3), cLys",6,1,0,C45H73N5O8,812.091748,Mycobacterium tuberculosis,1,0,0,0,1,0,0,0,0,0,0,0,0,0,0,0,Actinomycetota,,,,SA+aMe-DL-Ser,,,,,"Moody, D. Branch, et al. ""T cell activation by lipopeptide antigens."" Science 303.5657 (2004): 527-531.","Quadri, Luis EN, et al. ""Identification of a Mycobacterium tuberculosis gene cluster encoding the biosynthetic enzymes for assembly of the virulence-conferring siderophore mycobactin."" Chemistry & biology 5.11 (1998): 631-645.; Vergnolle, Olivia, Hua Xu, and John S. Blanchard. ""Mechanism and regulation of mycobactin fatty acyl-AMP ligase FadD33."" Journal of Biological Chemistry 288.39 (2013): 28116-28125.",,,,,45,73,5,8,0,0.616438356,9,5.625,0,Yanzhao Wu; Jiqi Shao; Ruolin He,1,31,52,-6.355,3.608885749
797,Distal monodeoxymycobactin C20:0 (α-methyl serine),,1,1,0,0,0,0,0,1,0,0,0,0,0,0,0,4,Hydroxamate/Hydroxyphenyloxazoline,Hybrid NRPS/PKS,CCCCCCCCCCCCCCCCCCCC(=O)NCCCCC(NC(=O)C1(C)COC(c2ccccc2O)=N1)C(=O)OC(C)CC(=O)NC1CCCCN(O)C1=O,"C4:0-OH(3), Lys, aMe-DL-Ser, OH-cLys, SA, C20:0",6,1,0,C47H77N5O9,856.144397,Mycobacterium tuberculosis H37Rv,1,0,0,0,1,0,0,0,0,0,0,0,0,0,0,0,Actinomycetota,Lys derivatives,,,SA+aMe-DL-Ser,,,,,"Madigan, Cressida A., et al. ""Lipidomic discovery of deoxysiderophores reveals a revised mycobactin biosynthesis pathway in Mycobacterium tuberculosis."" Proceedings of the National Academy of Sciences 109.4 (2012): 1257-1262.","Quadri, Luis EN, et al. ""Identification of a Mycobacterium tuberculosis gene cluster encoding the biosynthetic enzymes for assembly of the virulence-conferring siderophore mycobactin."" Chemistry & biology 5.11 (1998): 631-645.; Vergnolle, Olivia, Hua Xu, and John S. Blanchard. ""Mechanism and regulation of mycobactin fatty acyl-AMP ligase FadD33."" Journal of Biological Chemistry 288.39 (2013): 28116-28134.",,,,,47,77,5,9,0,0.61038961,9.4,5.222222222,0,Yanzhao Wu; Jiqi Shao; Ruolin He,1,31,53,-6.41,3.533046317
793,Distal monodeoxycarboxymycobactin C9:0 (methyl),,1,1,0,0,0,0,0,1,0,0,0,0,0,0,0,4,Hydroxamate/Hydroxyphenyloxazoline,Hybrid NRPS/PKS,CC(CC(=O)NC1CCCCN(O)C1=O)OC(=O)C(CCCCNC(=O)CCCCCCCC(=O)O)NC(=O)C1(C)COC(c2ccccc2O)=N1,"aMe-DL-Ser, SA, Lys, C9:0-COOH, OH-cLys, C4:0-OH(3)",6,1,0,C36H53N5O11,731.834483,Mycobacterium tuberculosis H37Rv,1,0,0,0,1,0,0,0,0,0,0,0,0,0,0,0,Actinomycetota,Lys derivatives,,,SA+aMe-DL-Ser,,,,,"Madigan, Cressida A., et al. ""Lipidomic discovery of deoxysiderophores reveals a revised mycobactin biosynthesis pathway in Mycobacterium tuberculosis."" Proceedings of the National Academy of Sciences 109.4 (2012): 1257-1262.","Quadri, Luis EN, et al. ""Identification of a Mycobacterium tuberculosis gene cluster encoding the biosynthetic enzymes for assembly of the virulence-conferring siderophore mycobactin."" Chemistry & biology 5.11 (1998): 631-645.; Vergnolle, Olivia, Hua Xu, and John S. Blanchard. ""Mechanism and regulation of mycobactin fatty acyl-AMP ligase FadD33."" Journal of Biological Chemistry 288.39 (2013): 28116-28148.",,,,,36,53,5,11,0,0.679245283,7.2,3.272727273,0,Yanzhao Wu; Jiqi Shao; Ruolin He,1,31,54,-4.612,3.763853085
788,Distal monodeoxycarboxymycobactin C7:0 (methyl) methyl ester,,1,1,0,0,0,0,0,1,0,0,0,0,0,0,0,4,Hydroxamate/Hydroxyphenyloxazoline,Hybrid NRPS/PKS,COC(=O)CCCCCC(=O)NCCCCC(NC(=O)C1(C)COC(c2ccccc2O)=N1)C(=O)OC(C)CC(=O)NC1CCCCN(O)C1=O,"Lys, O-Me-C7:0-COOH, C4:0-OH(3), aMe-DL-Ser, SA, OH-cLys",6,1,0,C35H51N5O11,717.807861,Mycobacterium tuberculosis H37Rv,1,0,0,0,1,0,0,0,0,0,0,0,0,0,0,0,Actinomycetota,Lys derivatives,,,SA+aMe-DL-Ser,,,,,"Madigan, Cressida A., et al. ""Lipidomic discovery of deoxysiderophores reveals a revised mycobactin biosynthesis pathway in Mycobacterium tuberculosis."" Proceedings of the National Academy of Sciences 109.4 (2012): 1257-1262.","Quadri, Luis EN, et al. ""Identification of a Mycobacterium tuberculosis gene cluster encoding the biosynthetic enzymes for assembly of the virulence-conferring siderophore mycobactin."" Chemistry & biology 5.11 (1998): 631-645.; Vergnolle, Olivia, Hua Xu, and John S. Blanchard. ""Mechanism and regulation of mycobactin fatty acyl-AMP ligase FadD33."" Journal of Biological Chemistry 288.39 (2013): 28116-28144.",,,,,35,51,5,11,0,0.68627451,7,3.181818182,0,Yanzhao Wu; Jiqi Shao; Ruolin He,1,31,55,-4.465,3.793515723
790,Distal monodeoxycarboxymycobactin C7:1 (methyl) methyl ester,,1,1,0,0,0,0,0,1,0,0,0,0,0,0,0,4,Hydroxamate/Hydroxyphenyloxazoline,Hybrid NRPS/PKS,COC(=O)CCC/C=C/C(=O)NCCCCC(NC(=O)C1(C)COC(c2ccccc2O)=N1)C(=O)OC(C)CC(=O)NC1CCCCN(O)C1=O,"Lys, aMe-DL-Ser, SA, X0, C4:0-OH(3), OH-cLys",6,0.784313725,1,C35H49N5O11,715.791979,Mycobacterium tuberculosis H37Rv,1,0,0,0,1,0,0,0,0,0,0,0,0,0,0,0,Actinomycetota,Lys derivatives,,,SA+aMe-DL-Ser,,,,,"Madigan, Cressida A., et al. ""Lipidomic discovery of deoxysiderophores reveals a revised mycobactin biosynthesis pathway in Mycobacterium tuberculosis."" Proceedings of the National Academy of Sciences 109.4 (2012): 1257-1262.","Quadri, Luis EN, et al. ""Identification of a Mycobacterium tuberculosis gene cluster encoding the biosynthetic enzymes for assembly of the virulence-conferring siderophore mycobactin."" Chemistry & biology 5.11 (1998): 631-645.; Vergnolle, Olivia, Hua Xu, and John S. Blanchard. ""Mechanism and regulation of mycobactin fatty acyl-AMP ligase FadD33."" Journal of Biological Chemistry 288.39 (2013): 28116-28142.",,,,,35,49,5,11,0,0.714285714,7,3.181818182,0,Yanzhao Wu; Jiqi Shao; Ruolin He,1,31,56,-4.474,3.797848866
792,Distal monodeoxycarboxymycobactin C8:1 (methyl) methyl ester,,1,1,0,0,0,0,0,1,0,0,0,0,0,0,0,4,Hydroxamate/Hydroxyphenyloxazoline,Hybrid NRPS/PKS,COC(=O)CCCC/C=C/C(=O)NCCCCC(NC(=O)C1(C)COC(c2ccccc2O)=N1)C(=O)OC(C)CC(=O)NC1CCCCN(O)C1=O,"Lys, X0, OH-cLys, C4:0-OH(3), aMe-DL-Ser, SA",6,0.769230769,1,C36H51N5O11,729.818601,Mycobacterium tuberculosis H37Rv,1,0,0,0,1,0,0,0,0,0,0,0,0,0,0,0,Actinomycetota,Lys derivatives,,,SA+aMe-DL-Ser,,,,,"Madigan, Cressida A., et al. ""Lipidomic discovery of deoxysiderophores reveals a revised mycobactin biosynthesis pathway in Mycobacterium tuberculosis."" Proceedings of the National Academy of Sciences 109.4 (2012): 1257-1262.","Quadri, Luis EN, et al. ""Identification of a Mycobacterium tuberculosis gene cluster encoding the biosynthetic enzymes for assembly of the virulence-conferring siderophore mycobactin."" Chemistry & biology 5.11 (1998): 631-645.; Vergnolle, Olivia, Hua Xu, and John S. Blanchard. ""Mechanism and regulation of mycobactin fatty acyl-AMP ligase FadD33."" Journal of Biological Chemistry 288.39 (2013): 28116-28146.",,,,,36,51,5,11,0,0.705882353,7.2,3.272727273,0,Yanzhao Wu; Jiqi Shao; Ruolin He,1,31,57,-4.642,3.768064522
798,Distal monodeoxymycobactin C20:1 (α-methyl serine),,1,1,0,0,0,0,0,1,0,0,0,0,0,0,0,4,Hydroxamate/Hydroxyphenyloxazoline,Hybrid NRPS/PKS,CCCCCCCCCCCCCCCCC/C=C\C(=O)NCCCCC(NC(=O)C1(C)COC(c2ccccc2O)=N1)C(=O)OC(C)CC(=O)NC1CCCCN(O)C1=O,"Lys, C20:1(9), aMe-DL-Ser, SA, C4:0-OH(3), OH-cLys",6,1,0,C47H75N5O9,854.128515,Mycobacterium tuberculosis H37Rv,1,0,0,0,1,0,0,0,0,0,0,0,0,0,0,0,Actinomycetota,Lys derivatives,,,SA+aMe-DL-Ser,,,,,"Madigan, Cressida A., et al. ""Lipidomic discovery of deoxysiderophores reveals a revised mycobactin biosynthesis pathway in Mycobacterium tuberculosis."" Proceedings of the National Academy of Sciences 109.4 (2012): 1257-1262.","Quadri, Luis EN, et al. ""Identification of a Mycobacterium tuberculosis gene cluster encoding the biosynthetic enzymes for assembly of the virulence-conferring siderophore mycobactin."" Chemistry & biology 5.11 (1998): 631-645.; Vergnolle, Olivia, Hua Xu, and John S. Blanchard. ""Mechanism and regulation of mycobactin fatty acyl-AMP ligase FadD33."" Journal of Biological Chemistry 288.39 (2013): 28116-28132.",,,,,47,75,5,9,0,0.626666667,9.4,5.222222222,0,Yanzhao Wu; Jiqi Shao; Ruolin He,1,31,58,-6.416,3.536391216
794,Distal monodeoxymycobactin C16:1 (α-methyl serine),,1,1,0,0,0,0,0,1,0,0,0,0,0,0,0,4,Hydroxamate/Hydroxyphenyloxazoline,Hybrid NRPS/PKS,CCCCCCCCCCCCC/C=C\C(=O)NCCCCC(NC(=O)C1(C)COC(c2ccccc2O)=N1)C(=O)OC(C)CC(=O)NC1CCCCN(O)C1=O,"Lys, aMe-DL-Ser, SA, C4:0-OH(3), C16:1(9), OH-cLys",6,1,0,C43H67N5O9,798.022027,Mycobacterium tuberculosis H37Rv,1,0,0,0,1,0,0,0,0,0,0,0,0,0,0,0,Actinomycetota,Lys derivatives,,,SA+aMe-DL-Ser,,,,,"Madigan, Cressida A., et al. ""Lipidomic discovery of deoxysiderophores reveals a revised mycobactin biosynthesis pathway in Mycobacterium tuberculosis."" Proceedings of the National Academy of Sciences 109.4 (2012): 1257-1262.","Quadri, Luis EN, et al. ""Identification of a Mycobacterium tuberculosis gene cluster encoding the biosynthetic enzymes for assembly of the virulence-conferring siderophore mycobactin."" Chemistry & biology 5.11 (1998): 631-645.; Vergnolle, Olivia, Hua Xu, and John S. Blanchard. ""Mechanism and regulation of mycobactin fatty acyl-AMP ligase FadD33."" Journal of Biological Chemistry 288.39 (2013): 28116-28126.",,,,,43,67,5,9,0,0.641791045,8.6,4.777777778,0,Yanzhao Wu; Jiqi Shao; Ruolin He,1,31,59,-6.052,3.634389728
795,Distal monodeoxymycobactin C18:1 (serine),,1,1,0,0,0,0,0,1,0,0,0,0,0,0,0,4,Hydroxamate/Hydroxyphenyloxazoline,Hybrid NRPS/PKS,CCCCCCCCCCCCCCC/C=C\C(=O)NCCCCC(NC(=O)C1COC(c2ccccc2O)=N1)C(=O)OC(C)CC(=O)NC1CCCCN(O)C1=O,"Ser, SA, Lys, C18:1(9), OH-cLys, C4:0-OH(3)",6,1,0,C44H69N5O9,812.048649,Mycobacterium tuberculosis H37Rv,1,0,0,0,1,0,0,0,0,0,0,0,0,0,0,0,Actinomycetota,Lys derivatives,,,SA+Ser,,,,,"Madigan, Cressida A., et al. ""Lipidomic discovery of deoxysiderophores reveals a revised mycobactin biosynthesis pathway in Mycobacterium tuberculosis."" Proceedings of the National Academy of Sciences 109.4 (2012): 1257-1262.","Quadri, Luis EN, et al. ""Identification of a Mycobacterium tuberculosis gene cluster encoding the biosynthetic enzymes for assembly of the virulence-conferring siderophore mycobactin."" Chemistry & biology 5.11 (1998): 631-645.; Vergnolle, Olivia, Hua Xu, and John S. Blanchard. ""Mechanism and regulation of mycobactin fatty acyl-AMP ligase FadD33."" Journal of Biological Chemistry 288.39 (2013): 28116-28128.",,,,,44,69,5,9,0,0.637681159,8.8,4.888888889,0,Yanzhao Wu; Jiqi Shao; Ruolin He,1,31,60,-6.112,3.608962883
799,Distal monodeoxymycobactin C22:1 (serine),,1,1,0,0,0,0,0,1,0,0,0,0,0,0,0,4,Hydroxamate/Hydroxyphenyloxazoline,Hybrid NRPS/PKS,CCCCCCCCCCCCCCCCCCC/C=C\C(=O)NCCCCC(NC(=O)C1COC(c2ccccc2O)=N1)C(=O)OC(C)CC(=O)NC1CCCCN(O)C1=O,"Lys, Ser, SA, OH-cLys, C4:0-OH(3), C22:1(2)",6,1,0,C48H77N5O9,868.155137,Mycobacterium tuberculosis H37Rv,1,0,0,0,1,0,0,0,0,0,0,0,0,0,0,0,Actinomycetota,Lys derivatives,,,SA+Ser,,,,,"Madigan, Cressida A., et al. ""Lipidomic discovery of deoxysiderophores reveals a revised mycobactin biosynthesis pathway in Mycobacterium tuberculosis."" Proceedings of the National Academy of Sciences 109.4 (2012): 1257-1262.","Quadri, Luis EN, et al. ""Identification of a Mycobacterium tuberculosis gene cluster encoding the biosynthetic enzymes for assembly of the virulence-conferring siderophore mycobactin."" Chemistry & biology 5.11 (1998): 631-645.; Vergnolle, Olivia, Hua Xu, and John S. Blanchard. ""Mechanism and regulation of mycobactin fatty acyl-AMP ligase FadD33."" Journal of Biological Chemistry 288.39 (2013): 28116-28136.",,,,,48,77,5,9,0,0.623376623,9.6,5.333333333,0,Yanzhao Wu; Jiqi Shao; Ruolin He,1,31,61,-6.447,3.513353416
791,Distal monodeoxycarboxymycobactin C7:1 (serine) methyl ester,,1,1,0,0,0,0,0,1,0,0,0,0,0,0,0,4,Hydroxamate/Hydroxyphenyloxazoline,Hybrid NRPS/PKS,COC(=O)CCC/C=C/C(=O)NCCCCC(NC(=O)C1COC(c2ccccc2O)=N1)C(=O)OC(C)CC(=O)NC1CCCCN(O)C1=O,"Ser, SA, Lys, C4:0-OH(3), X0, OH-cLys",6,0.78,1,C34H47N5O11,701.765357,Mycobacterium tuberculosis H37Rv,1,0,0,0,1,0,0,0,0,0,0,0,0,0,0,0,Actinomycetota,Lys derivatives,,,SA+Ser,,,,,"Madigan, Cressida A., et al. ""Lipidomic discovery of deoxysiderophores reveals a revised mycobactin biosynthesis pathway in Mycobacterium tuberculosis."" Proceedings of the National Academy of Sciences 109.4 (2012): 1257-1262.","Quadri, Luis EN, et al. ""Identification of a Mycobacterium tuberculosis gene cluster encoding the biosynthetic enzymes for assembly of the virulence-conferring siderophore mycobactin."" Chemistry & biology 5.11 (1998): 631-645.; Vergnolle, Olivia, Hua Xu, and John S. Blanchard. ""Mechanism and regulation of mycobactin fatty acyl-AMP ligase FadD33."" Journal of Biological Chemistry 288.39 (2013): 28116-28138.",,,,,34,47,5,11,0,0.723404255,6.8,3.090909091,0,Yanzhao Wu; Jiqi Shao; Ruolin He,1,31,62,-4.264,3.828504075
789,Distal monodeoxycarboxymycobactin C7:0 (serine) methyl ester,,1,1,0,0,0,0,0,1,0,0,0,0,0,0,0,4,Hydroxamate/Hydroxyphenyloxazoline,Hybrid NRPS/PKS,COC(=O)CCCCCC(=O)NCCCCC(NC(=O)C1COC(c2ccccc2O)=N1)C(=O)OC(C)CC(=O)NC1CCCCN(O)C1=O,"C4:0-OH(3), Lys, O-Me-C7:0-COOH, Ser, SA, OH-cLys",6,1,0,C34H49N5O11,703.781239,Mycobacterium tuberculosis H37Rv,1,0,0,0,1,0,0,0,0,0,0,0,0,0,0,0,Actinomycetota,Lys derivatives,,,SA+Ser,,,,,"Madigan, Cressida A., et al. ""Lipidomic discovery of deoxysiderophores reveals a revised mycobactin biosynthesis pathway in Mycobacterium tuberculosis."" Proceedings of the National Academy of Sciences 109.4 (2012): 1257-1262.","Quadri, Luis EN, et al. ""Identification of a Mycobacterium tuberculosis gene cluster encoding the biosynthetic enzymes for assembly of the virulence-conferring siderophore mycobactin."" Chemistry & biology 5.11 (1998): 631-645.; Vergnolle, Olivia, Hua Xu, and John S. Blanchard. ""Mechanism and regulation of mycobactin fatty acyl-AMP ligase FadD33."" Journal of Biological Chemistry 288.39 (2013): 28116-28140.",,,,,34,49,5,11,0,0.693877551,6.8,3.090909091,0,Yanzhao Wu; Jiqi Shao; Ruolin He,1,31,63,-4.254,3.824043127
796,Distal monodeoxymycobactin C20:0 (serine),,1,1,0,0,0,0,0,1,0,0,0,0,0,0,0,4,Hydroxamate/Hydroxyphenyloxazoline,Hybrid NRPS/PKS,CCCCCCCCCCCCCCCCCCCC(=O)NCCCCC(NC(=O)C1COC(c2ccccc2O)=N1)C(=O)OC(C)CC(=O)NC1CCCCN(O)C1=O,"Ser, SA, Lys, C20:0, C4:0-OH(3), OH-cLys",6,1,0,C46H75N5O9,842.117775,Mycobacterium tuberculosis H37Rv,1,0,0,0,1,0,0,0,0,0,0,0,0,0,0,0,Actinomycetota,Lys derivatives,,,SA+Ser,,,,,"Madigan, Cressida A., et al. ""Lipidomic discovery of deoxysiderophores reveals a revised mycobactin biosynthesis pathway in Mycobacterium tuberculosis."" Proceedings of the National Academy of Sciences 109.4 (2012): 1257-1262.","Quadri, Luis EN, et al. ""Identification of a Mycobacterium tuberculosis gene cluster encoding the biosynthetic enzymes for assembly of the virulence-conferring siderophore mycobactin."" Chemistry & biology 5.11 (1998): 631-645.; Vergnolle, Olivia, Hua Xu, and John S. Blanchard. ""Mechanism and regulation of mycobactin fatty acyl-AMP ligase FadD33."" Journal of Biological Chemistry 288.39 (2013): 28116-28130.",,,,,46,75,5,9,0,0.613333333,9.2,5.111111111,0,Yanzhao Wu; Jiqi Shao; Ruolin He,1,31,64,-6.289,3.556562562
801,Exochelin 786SM,,1,2,0,0,0,0,0,1,0,0,0,0,0,0,0,6,Hydroxamate/Hydroxyphenyloxazoline,Putative NRPS,COC(=O)CCCCCCC(=O)N(O)CCCCC(NC(=O)C1COC(c2ccccc2O)=N1)C(=O)OC(C)CC(=O)NC1CCCCN(O)C1=O,"Ser, SA, NOH-Lys, C4:0-OH(3), OH-cLys, O-Me-C8:0-COOH",6,1,0,C35H51N5O12,733.807266,Mycobacterium tuberculosis ATCC 35801,1,0,0,0,1,0,0,0,0,0,0,0,0,0,0,0,Actinomycetota,Lys derivatives,,,SA+Ser,,,,,"Gobin, Jovana, et al. ""Iron acquisition by Mycobacterium tuberculosis: isolation and characterization of a family of iron-binding exochelins."" Proceedings of the National Academy of Sciences 92.11 (1995): 5189-5193.; Hodges, Yvonne K., William E. Antholine, and Lawrence D. Horwitz. ""Effect on ribonucleotide reductase of novel lipophilic iron chelators: the desferri-exochelins."" Biochemical and biophysical research communications 315.3 (2004): 595-598.",,,,,,35,51,5,12,0,0.68627451,7,2.916666667,0,Ruolin He,1,31,65,-4.52,3.759748161
800,Exochelin 772SM,,1,2,0,0,0,0,0,1,0,0,0,0,0,0,0,6,Hydroxamate/Hydroxyphenyloxazoline,Putative NRPS,COC(=O)CCCCCC(=O)N(O)CCCCC(NC(=O)C1COC(c2ccccc2O)=N1)C(=O)OC(C)CC(=O)NC1CCCCN(O)C1=O,"Ser, SA, NOH-Lys, O-Me-C7:0-COOH, OH-cLys, C4:0-OH(3)",6,1,0,C34H49N5O12,719.780644,Mycobacterium tuberculosis ATCC 35801,1,0,0,0,1,0,0,0,0,0,0,0,0,0,0,0,Actinomycetota,Lys derivatives,,,SA+Ser,,,,,"Gobin, Jovana, et al. ""Iron acquisition by Mycobacterium tuberculosis: isolation and characterization of a family of iron-binding exochelins."" Proceedings of the National Academy of Sciences 92.11 (1995): 5189-5193.; Hodges, Yvonne K., William E. Antholine, and Lawrence D. Horwitz. ""Effect on ribonucleotide reductase of novel lipophilic iron chelators: the desferri-exochelins."" Biochemical and biophysical research communications 315.3 (2004): 595-598.",,,,,,34,49,5,12,0,0.693877551,6.8,2.833333333,0,Ruolin He,1,31,66,-4.345,3.78929251
610,Be-32030C,,1,2,0,0,0,0,0,1,0,0,0,0,0,0,0,6,Hydroxamate/Hydroxyphenyloxazoline,Hybrid NRPS/PKS,CCCCCCCC/C=C\CCCCCC(=O)N(O)CCCCC(NC(=O)C1(C)COC(c2ccccc2O)=N1)C(=O)OC(C)CC(=O)NC1CCCCN(O)C1=O,"NOH-Lys, C16:1(7), OH-cLys, C4:0-OH(3), aMe-DL-Ser, SA",6,1,0,C43H67N5O10,814.021432,Nocardia sp. A32030,1,0,0,0,1,0,0,0,0,0,0,0,0,0,0,0,Actinomycetota,lys derivatives,,,SA+aMe-DL-Ser,,,,,"TSUKAMOTO, MASAO, et al. ""BE-32030 A, B, C, D and E, new antitumor substances produced by Nocavdia sp. A32030."" The Journal of antibiotics 50.10 (1997): 815-821.","Muliandi, Adeline, et al. ""Biosynthesis of the 4-methyloxazoline-containing nonribosomal peptides, JBIR-34 and-35, in Streptomyces sp. Sp080513GE-23."" Chemistry & Biology 21.8 (2014): 923-934.",,,,,43,67,5,10,0,0.641791045,8.6,4.3,0,Ruolin He,1,31,6,-6.076,3.60543832
609,Be-32030B,,1,2,1,0,0,0,0,1,0,0,0,0,0,0,1,7,Catecholate/Hydroxamate/Hydroxyphenyloxazoline,Hybrid NRPS/PKS,CCCCCCCCCCCCCC(=O)N(O)CCCCC(NC(=O)C1(C)COC(c2ccccc2O)=N1)C(=O)OC(C)CC(=O)NC1CCCCN(O)C1=O,"aMe-DL-Ser, SA, C4:0-OH(3), NOH-Lys, C14:0, OH-cLys",6,1,0,C41H65N5O10,787.98407,Nocardia sp. A32030,1,0,0,0,1,0,0,0,0,0,0,0,0,0,0,0,Actinomycetota,lys derivatives,diOH-Bz,,SA+aMe-DL-Ser,,,,,"TSUKAMOTO, MASAO, et al. ""BE-32030 A, B, C, D and E, new antitumor substances produced by Nocavdia sp. A32030."" The Journal of antibiotics 50.10 (1997): 815-821.","Muliandi, Adeline, et al. ""Biosynthesis of the 4-methyloxazoline-containing nonribosomal peptides, JBIR-34 and-35, in Streptomyces sp. Sp080513GE-23."" Chemistry & Biology 21.8 (2014): 923-934.",,,,,41,65,5,10,0,0.630769231,8.2,4.1,0,Ruolin He,1,31,5,-5.868,3.652991894
642,Be-32030A,,1,2,0,0,0,0,0,1,0,0,0,0,0,0,0,6,Hydroxamate/Hydroxyphenyloxazoline,Hybrid NRPS/PKS,CCCCCCCCCCCC(=O)N(O)CCCCC(NC(=O)C1(C)COC(c2ccccc2O)=N1)C(=O)OC(C)CC(=O)NC1CCCCN(O)C1=O,"OH-cLys, C4:0-OH(3), NOH-Lys, C12:0, aMe-DL-Ser, SA",6,1,0,C39H61N5O10,759.930826,Nocardia sp. A32030,1,0,0,0,1,0,0,0,0,0,0,0,0,0,0,0,Actinomycetota,lys derivatives,,,SA+aMe-DL-Ser,,,,,"TSUKAMOTO, MASAO, et al. ""BE-32030 A, B, C, D and E, new antitumor substances produced by Nocavdia sp. A32030."" The Journal of antibiotics 50.10 (1997): 815-821.","Muliandi, Adeline, et al. ""Biosynthesis of the 4-methyloxazoline-containing nonribosomal peptides, JBIR-34 and-35, in Streptomyces sp. Sp080513GE-23."" Chemistry & Biology 21.8 (2014): 923-934.",,,,,39,61,5,10,0,0.639344262,7.8,3.9,0,Ruolin He,1,31,1,-5.615,3.706876487
608,Be-32030D,,1,2,1,0,0,0,0,1,0,0,0,0,0,0,1,7,Catecholate/Hydroxamate/Hydroxyphenyloxazoline,Hybrid NRPS/PKS,CCCCCCCCCCCC(=O)N(O)CCCCC(NC(=O)C1(C)COC(c2cccc(O)c2O)=N1)C(=O)OC(C)CC(=O)NC1CCCCN(O)C1=O,"aMe-DL-Ser, diOH-Bz, C4:0-OH(3), NOH-Lys, C12:0, OH-cLys",6,1,0,C39H61N5O11,775.930231,Nocardia sp. A32030,1,0,0,0,1,0,0,0,0,0,0,0,0,0,0,0,Actinomycetota,lys derivatives,diOH-Bz,,SA+aMe-DL-Ser,,,,,"TSUKAMOTO, MASAO, et al. ""BE-32030 A, B, C, D and E, new antitumor substances produced by Nocavdia sp. A32030."" The Journal of antibiotics 50.10 (1997): 815-821.","Muliandi, Adeline, et al. ""Biosynthesis of the 4-methyloxazoline-containing nonribosomal peptides, JBIR-34 and-35, in Streptomyces sp. Sp080513GE-23."" Chemistry & Biology 21.8 (2014): 923-934.",,,,,39,61,5,11,0,0.639344262,7.8,3.545454545,0,Ruolin He,1,31,4,-5.534,3.675794447
749,Be-32030E,,1,2,1,0,0,0,0,1,0,0,0,0,0,0,1,7,Catecholate/Hydroxamate/Hydroxyphenyloxazoline,Hybrid NRPS/PKS,CCCCCCCC/C=C\CCCC(=O)N(O)CCCCC(NC(=O)C1(C)COC(c2cccc(O)c2O)=N1)C(=O)OC(C)CC(=O)NC1CCCCN(O)C1=O,"NOH-Lys, aMe-DL-Ser, diOH-Bz, C4:0-OH(3), OH-cLys, C14:1(7)",6,1,0,C41H63N5O11,801.967593,Nocardia sp. A32030,1,0,0,0,1,0,0,0,0,0,0,0,0,0,0,0,Actinomycetota,lys derivatives,diOH-Bz,,SA+aMe-DL-Ser,,,,,"TSUKAMOTO, MASAO, et al. ""BE-32030 A, B, C, D and E, new antitumor substances produced by Nocavdia sp. A32030."" The Journal of antibiotics 50.10 (1997): 815-821.","Muliandi, Adeline, et al. ""Biosynthesis of the 4-methyloxazoline-containing nonribosomal peptides, JBIR-34 and-35, in Streptomyces sp. Sp080513GE-23."" Chemistry & Biology 21.8 (2014): 923-934.",,,,,41,63,5,11,0,0.650793651,8.2,3.727272727,0,Ruolin He,1,31,67,-5.781,3.627171528
761,Carboxymycobactin T,,1,2,0,0,0,0,0,1,0,0,0,0,0,0,0,6,Hydroxamate/Hydroxyphenyloxazoline,Hybrid NRPS/PKS,CC(CC(=O)N[C@@H]1CCCCN(O)C1=O)OC(=O)[C@@H](CCCCN(O)[C@@H](O)/C=C\CCCCCCC(=O)O)NC(=O)[C@@H]1CO[C@@H](c2ccccc2O)N1,"NOH-Lys, X0, Ser, SA, OH-cLys, C4:0-OH(3)",6,0.754716981,1,C36H55N5O12,749.84977,Mycobacterium tuberculosis,1,0,0,0,1,0,0,0,0,0,0,0,0,0,0,0,Actinomycetota,Lys derivatives,,,SA+Ser,,,,,"Kem, Michelle P., and Alison Butler. ""Acyl peptidic siderophores: structures, biosyntheses and post-assembly modifications."" Biometals 28 (2015): 445-459.","Vergnolle, Olivia, Hua Xu, and John S. Blanchard. ""Mechanism and regulation of mycobactin fatty acyl-AMP ligase FadD33."" Journal of Biological Chemistry 288.39 (2013): 28116-28125.",,,,,36,55,5,12,0,0.654545455,7.2,3,0,Ruolin He,1,31,68,-3.548,3.726958814
641,Madurastatin D2,,1,2,0,0,0,0,0,1,0,0,0,0,0,0,0,6,Hydroxamate/Hydroxyphenyloxazoline,NRPS,CN1[C@H](CCCN(O)C(=O)CCNC(=O)CNC(=O)[C@@H]2COC(c3ccccc3O)=N2)C(=O)N([C@@H]2CCCN(O)C2=O)C1(C)C,"X0, NMe-OH-Orn, bAla, Gly, Ser, SA",6,0.733333333,1,C29H41N7O9,631.678607,Actinomadura sp. WMMA-1423,1,0,0,0,1,0,0,0,0,0,0,0,0,0,0,0,Actinomycetota,Orn derivatives,,,SA+Ser,,,,,"Yan, Jia-Xuan et al. “Madurastatin D1 and D2, Oxazoline Containing Siderophores Isolated from an Actinomadura sp.” Organic letters vol. 21,16 (2019): 6275-6279. doi:10.1021/acs.orglett.9b02159; Yan, Jia-Xuan, et al. ""Madurastatin D1 and D2, oxazoline containing siderophores isolated from an Actinomadura sp."" Organic letters 21.16 (2019): 6275-6279.","Yan, Jia-Xuan, et al. ""Madurastatin D1 and D2, oxazoline containing siderophores isolated from an Actinomadura sp."" Organic letters 21.16 (2019): 6275-6279.; Yan, Jia-Xuan, et al. ""Madurastatin D1 and D2, oxazoline containing siderophores isolated from an Actinomadura sp."" Organic letters 21.16 (2019): 6275-6279.",,,,,29,41,7,9,0,0.707317073,4.142857143,3.222222222,0,Ruolin He,1,33,2,-2.741,3.996387898
640,Madurastatin D1,,1,2,0,0,0,0,0,1,0,0,0,0,0,0,0,6,Hydroxamate/Hydroxyphenyloxazoline,NRPS,C[C@@H]1N(C)[C@H](CCCN(O)C(=O)CCNC(=O)CNC(=O)[C@@H]2COC(c3ccccc3O)=N2)C(=O)N1[C@@H]1CCCN(O)C1=O,"Gly, Ser, NMe-OH-Orn, X0, bAla, SA",6,0.75,1,C28H39N7O9,617.651985,Actinomadura sp. WMMA-1423,1,0,0,0,1,0,0,0,0,0,0,0,0,0,0,0,Actinomycetota,Orn derivatives,,,SA+Ser,,,,,"Yan, Jia-Xuan et al. “Madurastatin D1 and D2, Oxazoline Containing Siderophores Isolated from an Actinomadura sp.” Organic letters vol. 21,16 (2019): 6275-6279. doi:10.1021/acs.orglett.9b02159; Yan, Jia-Xuan, et al. ""Madurastatin D1 and D2, oxazoline containing siderophores isolated from an Actinomadura sp."" Organic letters 21.16 (2019): 6275-6279.","Yan, Jia-Xuan, et al. ""Madurastatin D1 and D2, oxazoline containing siderophores isolated from an Actinomadura sp."" Organic letters 21.16 (2019): 6275-6279.; Yan, Jia-Xuan, et al. ""Madurastatin D1 and D2, oxazoline containing siderophores isolated from an Actinomadura sp."" Organic letters 21.16 (2019): 6275-6279.",,,,,28,39,7,9,0,0.717948718,4,3.111111111,0,Ruolin He,1,33,1,-2.622,4.033315767
581,MBJ-0035,,1,2,0,0,0,0,0,1,0,0,0,0,0,0,0,6,Hydroxamate/Hydroxyphenyloxazoline,NRPS,CN(C(=O)NCCc1ccccc1)[C@@H](CCCN(O)C(=O)CCNC(=O)CNC(=O)[C@H]1COC(c2ccccc2O)=N1)C(=O)N[C@H]1CCCN(O)C1=O,"bAla, Gly, Ser, SA, NMe-OH-Orn, NPhEt-FoAmide, OH-cOrn",7,1,0,C35H46N8O10,738.78886,Streptosporangium sp. 32552,1,0,0,0,1,0,0,0,0,0,0,0,0,0,0,0,Actinomycetota,Orn derivatives,,,SA+Ser,,,,,"Kawahara, Teppei, et al. ""Novel aziridine-containing peptides MBJ-0034 and MBJ-0035 from Streptosporangium sp. 32552."" The Journal of Antibiotics 67.8 (2014): 577-580.; Tyler, Andrew R., et al. ""Structural reassignment and absolute stereochemistry of madurastatin C1 (MBJ-0034) and the related aziridine siderophores: madurastatins A1, B1, and MBJ-0035."" Journal of natural products 80.5 (2017): 1558-1562.",,,,,,35,46,8,10,0,0.760869565,4.375,3.5,0,Ruolin He,1,30,6,-3.693,3.749454361
582,Madurastatin C1,MBJ-0034,2,2,0,0,0,0,0,1,0,0,0,0,0,0,0,6,Hydroxamate/Hydroxyphenyloxazoline,NRPS,CN[C@@H](CCCN(O)C(=O)CCNC(=O)CNC(=O)[C@H]1COC(c2ccccc2O)=N1)C(=O)N[C@H]1CCCN(O)C1=O,"Ser, SA, NMe-OH-Orn, bAla, Gly, OH-cOrn",6,1,0,C26H37N7O9,591.614623,Actinomadura sp. DSMZ 13491; Streptosporangium sp. 32552,1,0,0,0,1,0,0,0,0,0,0,0,0,0,0,0,Actinomycetota,Orn derivatives,,,SA+Ser,,,,,"Kawahara, Teppei, et al. ""Novel aziridine-containing peptides MBJ-0034 and MBJ-0035 from Streptosporangium sp. 32552."" The Journal of Antibiotics 67.8 (2014): 577-580.; Tyler, Andrew R., et al. ""Structural reassignment and absolute stereochemistry of madurastatin C1 (MBJ-0034) and the related aziridine siderophores: madurastatins A1, B1, and MBJ-0035."" Journal of natural products 80.5 (2017): 1558-1562.",,,,,,26,37,7,9,0,0.702702703,3.714285714,2.888888889,0,Shaohua Gu; Ruolin He,1,30,7,-2.51,4.10525956
580,Pseudonochelin,,1,2,0,0,0,0,0,1,0,0,0,0,0,0,0,6,Hydroxamate/Hydroxyphenyloxazoline,NRPS,CC(C)C(=O)Nc1ccc(O)c(C2=N[C@H](C(=O)NCCC(=O)N[C@@H](CO)C(=O)N(O)CCC[C@H](NC=O)C(=O)N[C@H]3CCCN(O)C3=O)CO2)c1,"NFo-OH-Orn, Ser, bAla, Ser, 5NH2-SA, IBA, OH-cOrn",7,1,0,C31H44N8O12,720.728828,Pseudonocardia sp. WMMC193,1,0,0,0,1,0,0,0,0,0,0,0,0,0,0,0,Actinomycetota,Orn derivatives,,,5NH2-SA+Ser,,,,,"Zhang, Fan, et al. ""Genome mining and metabolomics unveil pseudonochelin: A siderophore containing 5-aminosalicylate from a marine-derived Pseudonocardia sp. bacterium."" Organic letters 24.22 (2022): 3998-4002.","Zhang, Fan, et al. ""Genome mining and metabolomics unveil pseudonochelin: A siderophore containing 5-aminosalicylate from a marine-derived Pseudonocardia sp. bacterium."" Organic letters 24.22 (2022): 3998-4002.",,,,,31,44,8,12,0,0.704545455,3.875,2.583333333,0,Ruolin He,1,30,5,-2.827,3.787268747
579,Oxachelin,,2,2,0,0,0,0,0,1,0,0,0,0,0,0,0,6,Hydroxamate/Hydroxyphenyloxazoline,Putative NRPS,O=CN(O)CCC[C@@H](NC(=O)[C@H](CO)NC(=O)[C@@H]1COC(c2ccccc2O)=N1)C(=O)NCCC(=O)N[C@@H]1CCCN(O)C1=O,"Ser, SA, OH-cOrn, bAla, Fo-OH-Orn, Ser",6,1,0,C27H37N7O11,635.624173,Streptomyces sp. RM-14-6; Streptomyces sp. GW9/1258,1,0,0,0,1,0,0,0,0,0,0,0,0,0,0,0,Actinomycetota,Orn derivatives,,,SA+Ser,,,,,"Sontag, Bernd, et al. ""Oxachelin, a novel iron chelator and antifungal agent from Streptomyces sp. GW9/1258."" The Journal of antibiotics 59.10 (2006): 659-663.; Shaaban, Khaled A., et al. ""Spoxazomicin D and oxachelin C, potent neuroprotective carboxamides from the Appalachian coal fire-associated isolate Streptomyces sp. RM-14-6."" Journal of natural products 80.1 (2017): 2-11.",,,,,,27,37,7,11,0,0.72972973,3.857142857,2.454545455,0,Ruolin He,1,30,4,-2.378,3.98621781
578,Amychelin,Amychelin A,2,2,0,0,0,0,0,1,0,0,0,0,0,0,0,6,Hydroxamate/Hydroxyphenyloxazoline,NRPS,O=CN(O)CCC[C@@H](NC(=O)[C@H](CO)NC(=O)[C@@H](CO)NC(=O)[C@H](CO)NC(=O)[C@H]1COC(c2ccccc2O)=N1)C(=O)N[C@@H]1CCCN(O)C1=O,"Ser, SA, Ser, Ser, OH-cOrn, Fo-OH-Orn, Ser",7,1,0,C30H42N8O14,738.701016,Amycolatopsis methanolica 239T; Amycolatopsis sp. AA4,1,0,0,0,1,0,0,0,0,0,0,0,0,0,0,0,Actinomycetota,Orn derivatives,,,SA+Ser,,,,,"Seyedsayamdost, Mohammad R., et al. ""Structure and biosynthesis of amychelin, an unusual mixed-ligand siderophore from Amycolatopsis sp. AA4."" Journal of the American Chemical Society 133.30 (2011): 11434-11437.; Xie, Feng, et al. ""Generation of fluorinated amychelin siderophores against Pseudomonas aeruginosa infections by a combination of genome mining and mutasynthesis."" Cell Chemical Biology 27.12 (2020): 1532-1543.","Seyedsayamdost, Mohammad R., et al. ""Structure and biosynthesis of amychelin, an unusual mixed-ligand siderophore from Amycolatopsis sp. AA4."" Journal of the American Chemical Society 133.30 (2011): 11434-11437.",,,,,30,42,8,14,0,0.714285714,3.75,2.142857143,0,Ruolin He,1,30,3,-1.984,3.749634995
577,Gobichelin A,,1,1,0,0,0,0,0,1,0,0,0,0,0,0,0,4,Hydroxamate/Hydroxyphenyloxazoline,NRPS,NCCCC[C@@H](NC(=O)[C@H](Cc1cnc[nH]1)NC(=O)[C@@H]1COC(c2ccccc2O)=N1)C(=O)N[C@@H](CO)C(=O)N[C@H]1CCCN(O)C1=O,"Lys, His, Ser, SA, Ser, OH-cOrn",6,1,0,C30H41N9O9,671.702753,Streptomyces sp. NRRL F-4415,1,0,0,0,1,0,0,0,0,0,0,0,0,0,0,0,Actinomycetota,Orn derivatives,,,SA+Ser,,,,,"Chen, Yunqiu, et al. ""Gobichelin A and B: mixed-ligand siderophores discovered using proteomics."" Medchemcomm 4.1 (2013): 233-238.","Chen, Yunqiu, et al. ""Gobichelin A and B: mixed-ligand siderophores discovered using proteomics."" Medchemcomm 4.1 (2013): 233-238.",,,,,30,41,9,9,0,0.731707317,3.333333333,3.333333333,0,Ruolin He,1,30,2,-2.687,3.897349082
576,Gobichelin B,,1,1,0,1,0,0,0,0,0,0,0,0,0,0,0,3,Hydroxamate/Phenolate,NRPS,NCCCC[C@@H](NC(=O)[C@H](Cc1cnc[nH]1)NC(=O)[C@H](CO)NC(=O)c1ccccc1O)C(=O)N[C@@H](CO)C(=O)N[C@H]1CCCN(O)C1=O,"OH-cOrn, Ser, Lys, Ser, SA, His",6,1,0,C30H43N9O10,689.71804,Streptomyces sp. NRRL F-4415,1,0,0,0,1,0,0,0,0,0,0,0,0,0,0,0,Actinomycetota,Orn derivatives,,,,,,,,"Chen, Yunqiu, et al. ""Gobichelin A and B: mixed-ligand siderophores discovered using proteomics."" Medchemcomm 4.1 (2013): 233-238.","Chen, Yunqiu, et al. ""Gobichelin A and B: mixed-ligand siderophores discovered using proteomics."" Medchemcomm 4.1 (2013): 233-238.",,,,,30,43,9,10,0,0.697674419,3.333333333,3,0,Ruolin He,1,30,1,-2.241,3.85556222
598,Heterobactin S1,,1,1,2,0,0,0,0,0,0,0,0,0,0,0,0,6,Catecholate/Hydroxamate,NRPS,N/C(=N\C(=O)c1ccc(S(=O)(=O)O)c(O)c1O)NCCCC(NC(=O)c1ccc(S(=O)(=O)O)c(O)c1O)C(=O)NCC(=O)NC1CCCN(O)C1=O,"Arg, 4S-diOH(2,3)-Bz, 4S-diOH(2,3)-Bz, Gly, OH-cOrn",5,1,0,C27H33N7O16S2,775.719034,Rhodococcus erythropolis PR4,1,0,0,0,1,0,0,0,0,0,0,0,0,0,0,0,Actinomycetota,Orn derivatives,4S-diOH-Bz,,,,,,,"Bosello, Mattia, et al. ""Structural characterization of the heterobactin siderophores from Rhodococcus erythropolis PR4 and elucidation of their biosynthetic machinery."" Journal of natural products 76.12 (2013): 2282-2290.","Bosello, Mattia, et al. ""Structural characterization of the heterobactin siderophores from Rhodococcus erythropolis PR4 and elucidation of their biosynthetic machinery."" Journal of natural products 76.12 (2013): 2282-2290.",,,,,27,33,7,16,2,0.818181818,3.857142857,1.6875,13.5,Ruolin He,1,30,23,-2.96,3.676198601
597,Heterobactin S2,,1,1,2,0,0,0,0,0,0,0,0,0,0,0,0,6,Catecholate/Hydroxamate,NRPS,CS(=O)(=O)c1ccc(C(=O)N[C@H](CCCN=C(N)NC(=O)c2cccc(O)c2O)C(=O)NCC(=O)N[C@H]2CCCN(O)C2=O)c(O)c1O,"Arg, diOH-Bz, OH-cOrn, Gly, X0",5,0.708333333,1,C28H35N7O12S,693.683236,Rhodococcus erythropolis PR4,1,0,0,0,1,0,0,0,0,0,0,0,0,0,0,0,Actinomycetota,Orn derivatives,4S-diOH-Bz,,,,,,,"Bosello, Mattia, et al. ""Structural characterization of the heterobactin siderophores from Rhodococcus erythropolis PR4 and elucidation of their biosynthetic machinery."" Journal of natural products 76.12 (2013): 2282-2290.","Bosello, Mattia, et al. ""Structural characterization of the heterobactin siderophores from Rhodococcus erythropolis PR4 and elucidation of their biosynthetic machinery."" Journal of natural products 76.12 (2013): 2282-2290.",,,,,28,35,7,12,1,0.8,4,2.333333333,28,Ruolin He,1,30,22,-3.873,3.846580117
813,Heterobactin A Bosello,,3,1,1,0,0,0,0,0,0,0,0,0,0,0,0,4,Catecholate/Hydroxamate,NRPS,NC(=NCCC[C@@H](NC(=O)c1cccc(O)c1O)C(=O)NCC(=O)N[C@H]1CCCN(O)C1=O)NC(=O)c1cccc(O)c1O,"OH-cOrn, Gly, Arg, diOH-Bz, diOH-Bz",5,1,0,C27H33N7O10,615.593004,Nocardia sp. GA14-001; Nocardia sp. GA14-002; Rhodococcus erythropolis PR4,1,0,0,0,1,0,0,0,0,0,0,0,0,0,0,0,Actinomycetota,Orn derivatives,diOH-Bz,,,,,,,"Bosello, Mattia, et al. ""Structural characterization of the heterobactin siderophores from Rhodococcus erythropolis PR4 and elucidation of their biosynthetic machinery."" Journal of natural products 76.12 (2013): 2282-2290.; Rajwani, Rahim, et al. ""Genome-guided discovery of natural products through multiplexed low-coverage whole-genome sequencing of soil actinomycetes on Oxford Nanopore Flongle."" Msystems 6.6 (2021): e01020-21.","Bosello, Mattia, et al. ""Structural characterization of the heterobactin siderophores from Rhodococcus erythropolis PR4 and elucidation of their biosynthetic machinery."" Journal of natural products 76.12 (2013): 2282-2290.",,,,,27,33,7,10,0,0.818181818,3.857142857,2.7,0,Yanzhao Wu; Jiqi Shao; Ruolin He,1,30,29,-3.82,4.038840734
596,Fuscachelin A,,1,1,2,0,0,0,0,0,0,0,0,0,0,0,0,6,Catecholate/Hydroxamate,NRPS,NC(N)=NCCC[C@@H](NC(=O)c1cccc(O)c1O)C(=O)NCC(=O)NCC(=O)N[C@H]1CCCN(O)C(=O)[C@@H](NC(=O)CNC(=O)CNC(=O)[C@@H](CCCN=C(N)N)NC(=O)c2cccc(O)c2O)COC1=O,"Gly, Gly, Arg, Gly, Arg, Gly, OH-Orn, diOH-Bz, diOH-Bz, Ser",10,1,0,C42H59N15O16,1030.010624,Thermobifida fusca,1,0,0,0,1,0,0,0,0,0,0,0,0,0,0,0,Actinomycetota,Orn derivatives,diOH-Bz,,,,,,,"Dimise, Eric J., Paul F. Widboom, and Steven D. Bruner. ""Structure elucidation and biosynthesis of fuscachelins, peptide siderophores from the moderate thermophile Thermobifida fusca."" Proceedings of the National Academy of Sciences 105.40 (2008): 15311-15316.; Robbel, Lars, et al. ""Erythrochelin–a hydroxamate‐type siderophore predicted from the genome of Saccharopolyspora erythraea."" The FEBS Journal 277.3 (2010): 663-676.","Dimise, Eric J., Paul F. Widboom, and Steven D. Bruner. ""Structure elucidation and biosynthesis of fuscachelins, peptide siderophores from the moderate thermophile Thermobifida fusca."" Proceedings of the National Academy of Sciences 105.40 (2008): 15311-15316.",,,,,42,59,15,16,0,0.711864407,2.8,2.625,0,Shaohua Gu; Ruolin He,1,30,21,-3.579,3.281715597
595,Heterobactin A Carrano,,3,1,1,0,0,0,0,0,0,0,0,0,0,0,0,4,Catecholate/Hydroxamate,NRPS,O=C(CNC(=O)C(CCCNC(=O)c1cccc(O)c1O)NC(=O)c1c(O)ccc2ocnc12)NC1CCCN(O)C1=O,"Orn, diOH-Bz, OH-cOrn, Gly, X0",5,0.720930233,1,C27H30N6O10,598.562478,Rhodococcus erythropolis IGTS8; Rhodococcus erythropolis S43,1,0,0,0,1,0,0,0,0,0,0,0,0,0,0,0,Actinomycetota,Orn derivatives,diOH-Bz,,,,,,,"Carrano, Carl J., et al. ""Heterobactins: a new class of siderophores from Rhodococcus erythropolis IGTS8 containing both hydroxamate and catecholate donor groups."" Biometals 14 (2001): 119-125.; Carrano, Carl J., et al. ""Heterobactins: a new class of siderophores from Rhodococcus erythropolis IGTS8 containing both hydroxamate and catecholate donor groups."" Biometals 14 (2001): 119-125.; Bergeron, Raymond J., Shailendra Singh, and Neelam Bharti. ""Synthesis of heterobactins A and B and Nocardia heterobactin."" Tetrahedron 67.18 (2011): 3163-3169.; Retamal-Morales, Gerardo, et al. ""Isolation and characterization of arsenic-binding siderophores from Rhodococcus erythropolis S43: role of heterobactin B and other heterobactin variants."" Applied Microbiology and Biotechnology 105 (2021): 1731-1744.","Bosello, Mattia, et al. ""Structural characterization of the heterobactin siderophores from Rhodococcus erythropolis PR4 and elucidation of their biosynthetic machinery."" Journal of natural products 76.12 (2013): 2282-2290.",,,,,27,30,6,10,0,0.9,4.5,2.7,0,Shaohua Gu; Ruolin He,1,30,20,-3.869,4.085610382
594,Heterobactin B,,3,1,1,0,0,0,0,0,0,0,0,0,0,0,0,4,Catecholate/Hydroxamate,NRPS,N[C@H](CCCNC(=O)c1cccc(O)c1O)C(=O)NCC(=O)N[C@H]1CCCN(O)C1=O,"Orn, diOH-Bz, OH-cOrn, Gly",4,1,0,C19H27N5O7,437.447817,Rhodococcus erythropolis IGTS8; Rhodococcus erythropolis S43; Streptomyces sp. 2350,1,0,0,0,1,0,0,0,0,0,0,0,0,0,0,0,Actinomycetota,Orn derivatives,diOH-Bz,,,,,,,"Carrano, Carl J., et al. ""Heterobactins: a new class of siderophores from Rhodococcus erythropolis IGTS8 containing both hydroxamate and catecholate donor groups."" Biometals 14 (2001): 119-125.; Bergeron, Raymond J., Shailendra Singh, and Neelam Bharti. ""Synthesis of heterobactins A and B and Nocardia heterobactin."" Tetrahedron 67.18 (2011): 3163-3169.; Lee, Joanna, et al. ""Siderophore production by actinomycetes isolates from two soil sites in Western Australia."" Biometals 25.2 (2012): 285-296.; Retamal-Morales, Gerardo, et al. ""Isolation and characterization of arsenic-binding siderophores from Rhodococcus erythropolis S43: role of heterobactin B and other heterobactin variants."" Applied Microbiology and Biotechnology 105 (2021): 1731-1744.","Bosello, Mattia, et al. ""Structural characterization of the heterobactin siderophores from Rhodococcus erythropolis PR4 and elucidation of their biosynthetic machinery."" Journal of natural products 76.12 (2013): 2282-2290.",,,,,19,27,5,7,0,0.703703704,3.8,2.714285714,0,Shaohua Gu; Ruolin He,1,30,19,-2.214,4.653750425
593,Nocardia heterobactin,JBIR-16,1,1,2,0,0,0,0,0,0,0,0,0,0,0,0,6,Catecholate/Hydroxamate,Putative NRPS,O=C(CNC(=O)C(CCCNC(=O)c1cccc(O)c1O)NC(=O)c1cccc(O)c1O)NC1CCCN(O)C1=O,"Orn, diOH-Bz, diOH-Bz, Gly, OH-cOrn",5,1,0,C26H31N5O10,573.552976,Nocardia tenerifensis,1,0,0,0,1,0,0,0,0,0,0,0,0,0,0,0,Actinomycetota,Orn derivatives,diOH-Bz,,,,,,,"Mukai, Akira, et al. ""Novel siderophore, JBIR-16, isolated from Nocardia tenerifensis NBRC 101015."" The Journal of antibiotics 62.10 (2009): 601-603.; Honsa, Erin Sarah, and Anthony William Maresso. ""Mechanisms of iron import in anthrax."" Biometals 24 (2011): 533-545.",,,,,,26,31,5,10,0,0.838709677,5.2,2.6,0,Shaohua Gu; Ruolin He,1,30,18,-3.621,4.157975712
592,Rhodobactin,,1,1,2,0,0,0,0,0,0,0,0,0,0,0,0,6,Catecholate/Hydroxamate,Putative NRPS,NC(=O)NCCCC(NC(=O)C(CCCNC(=O)c1cccc(O)c1O)NC(=O)c1cccc(O)c1O)C(=O)NC(CCCNC(N)=O)C(=O)NC1CCCN(O)C1=O,"Cit, Orn, diOH-Bz, diOH-Bz, Cit, OH-cOrn",6,1,0,C36H50N10O13,830.842985,Rhodococcus rhodochrous OFS,1,0,0,0,1,0,0,0,0,0,0,0,0,0,0,0,Actinomycetota,Orn derivatives,diOH-Bz,,,,,,,"Dhungana, Suraj, et al. ""Purification and characterization of rhodobactin: a mixed ligand siderophore from Rhodococcus rhodochrous strain OFS."" Biometals 20 (2007): 853-867.",,,,,,36,50,10,13,0,0.72,3.6,2.769230769,0,Ruolin He,1,30,17,-3.773,3.57588495
591,Dehydroxy-qinichelin,,1,1,1,0,0,0,0,0,0,0,0,0,0,0,0,4,Catecholate/Hydroxamate,NRPS,NCCC[C@H](NC(=O)[C@@H](CO)NC(=O)c1cccc(O)c1O)C(=O)N[C@H](CO)C(=O)N[C@@H](CO)C(=O)NCCC[C@H](N)C(=O)N[C@H]1CCCN(O)C1=O,"OH-cOrn, Orn, Ser, Ser, Orn, Ser, diOH-Bz",7,1,0,C31H49N9O13,755.774641,Streptomyces sp. MBT76,1,0,0,0,1,0,0,0,0,0,0,0,0,0,0,0,Actinomycetota,Orn derivatives,diOH-Bz,,,,,,,"Gubbens, Jacob, et al. ""Intertwined Precursor Supply during Biosynthesis of the Catecholate–Hydroxamate Siderophores Qinichelins in Streptomyces sp. MBT76."" ACS chemical biology 12.11 (2017): 2756-2766.","Gubbens, Jacob, et al. ""Intertwined Precursor Supply during Biosynthesis of the Catecholate–Hydroxamate Siderophores Qinichelins in Streptomyces sp. MBT76."" ACS chemical biology 12.11 (2017): 2756-2766.",,,,,31,49,9,13,0,0.632653061,3.444444444,2.384615385,0,Ruolin He,1,30,16,-1.754,3.7151083
590,Qinichelin,,1,2,1,0,0,0,0,0,0,0,0,0,0,0,0,6,Catecholate/Hydroxamate,NRPS,NCCC[C@H](NC(=O)[C@@H](CO)NC(=O)c1cccc(O)c1O)C(=O)N[C@H](CO)C(=O)N[C@@H](CO)C(=O)N(O)CCC[C@H](N)C(=O)N[C@H]1CCCN(O)C1=O,"OH-cOrn, OH-Orn, Ser, Ser, Orn, Ser, diOH-Bz",7,1,0,C31H49N9O14,771.774046,Streptomyces sp. MBT76,1,0,0,0,1,0,0,0,0,0,0,0,0,0,0,0,Actinomycetota,Orn derivatives,diOH-Bz,,,,,,,"Gubbens, Jacob, et al. ""Intertwined Precursor Supply during Biosynthesis of the Catecholate–Hydroxamate Siderophores Qinichelins in Streptomyces sp. MBT76."" ACS chemical biology 12.11 (2017): 2756-2766.","Gubbens, Jacob, et al. ""Intertwined Precursor Supply during Biosynthesis of the Catecholate–Hydroxamate Siderophores Qinichelins in Streptomyces sp. MBT76."" ACS chemical biology 12.11 (2017): 2756-2766.",,,,,31,49,9,14,0,0.632653061,3.444444444,2.214285714,0,Ruolin He,1,30,15,-1.721,3.683777664
589,Acetyl-qinichelin 1,,1,2,1,0,0,0,0,0,0,0,0,0,0,0,0,6,Catecholate/Hydroxamate,NRPS,CC(=O)N[C@@H](CCCN(O)C(=O)[C@H](CO)NC(=O)[C@@H](CO)NC(=O)[C@H](CCCN)NC(=O)[C@@H](CO)NC(=O)c1cccc(O)c1O)C(=O)N[C@H]1CCCN(O)C1=O,"NAc-OH-Orn, Ser, Ser, Orn, Ser, OH-cOrn, diOH-Bz",7,1,0,C33H51N9O15,813.810813,Streptomyces sp. MBT76,1,0,0,0,1,0,0,0,0,0,0,0,0,0,0,0,Actinomycetota,Orn derivatives,diOH-Bz,,,,,,,"Gubbens, Jacob, et al. ""Intertwined Precursor Supply during Biosynthesis of the Catecholate–Hydroxamate Siderophores Qinichelins in Streptomyces sp. MBT76."" ACS chemical biology 12.11 (2017): 2756-2766.","Gubbens, Jacob, et al. ""Intertwined Precursor Supply during Biosynthesis of the Catecholate–Hydroxamate Siderophores Qinichelins in Streptomyces sp. MBT76."" ACS chemical biology 12.11 (2017): 2756-2766.",,,,,33,51,9,15,0,0.647058824,3.666666667,2.2,0,Ruolin He,1,30,14,-1.928,3.605814014
588,Acetyl-qinichelin 2,,1,2,1,0,0,0,0,0,0,0,0,0,0,0,0,6,Catecholate/Hydroxamate,NRPS,CC(=O)NCCC[C@H](NC(=O)[C@@H](CO)NC(=O)c1cccc(O)c1O)C(=O)N[C@H](CO)C(=O)N[C@@H](CO)C(=O)N(O)CCC[C@H](N)C(=O)N[C@H]1CCCN(O)C1=O,"Ser, diOH-Bz, Ser, 5Ac-Orn, OH-Orn, Ser, OH-cOrn",7,1,0,C33H51N9O15,813.810813,Streptomyces sp. MBT76,1,0,0,0,1,0,0,0,0,0,0,0,0,0,0,0,Actinomycetota,Orn derivatives,diOH-Bz,,,,,,,"Gubbens, Jacob, et al. ""Intertwined Precursor Supply during Biosynthesis of the Catecholate–Hydroxamate Siderophores Qinichelins in Streptomyces sp. MBT76."" ACS chemical biology 12.11 (2017): 2756-2766.","Gubbens, Jacob, et al. ""Intertwined Precursor Supply during Biosynthesis of the Catecholate–Hydroxamate Siderophores Qinichelins in Streptomyces sp. MBT76."" ACS chemical biology 12.11 (2017): 2756-2766.",,,,,33,51,9,15,0,0.647058824,3.666666667,2.2,0,Ruolin He,1,30,13,-1.94,3.605814014
586,Oxachelin C,,1,2,0,1,0,0,0,0,0,0,0,0,0,0,0,5,Hydroxamate/Phenolate,Putative NRPS,N[C@@H](COC(=O)c1ccccc1O)C(=O)N[C@@H](CO)C(=O)N[C@H](CCCN(O)C=O)C(=O)NCCC(=O)N[C@@H]1CCCN(O)C1=O,"OH-cOrn, bAla, Ser, SA, Fo-OH-Orn, Ser",6,1,0,C27H39N7O12,653.63946,Streptomyces sp. RM-14-6,1,0,0,0,1,0,0,0,0,0,0,0,0,0,0,0,Actinomycetota,Orn derivatives,,,,,,,,"Shaaban, Khaled A., et al. ""Spoxazomicin D and oxachelin C, potent neuroprotective carboxamides from the Appalachian coal fire-associated isolate Streptomyces sp. RM-14-6."" Journal of natural products 80.1 (2017): 2-11.",,,,,,27,39,7,12,0,0.692307692,3.857142857,2.25,0,Ruolin He,1,30,11,-1.997,3.94093855
587,Oxachelin B,,1,2,0,1,0,0,0,0,0,0,0,0,0,0,0,5,Hydroxamate/Phenolate,Putative NRPS,O=CN(O)CCC[C@@H](NC(=O)[C@H](CO)NC(=O)[C@H](CO)NC(=O)c1ccccc1O)C(=O)NCCC(=O)N[C@@H]1CCCN(O)C1=O,"OH-cOrn, bAla, Fo-OH-Orn, Ser, Ser, SA",6,1,0,C27H39N7O12,653.63946,Streptomyces sp. RM-14-6,1,0,0,0,1,0,0,0,0,0,0,0,0,0,0,0,Actinomycetota,Orn derivatives,,,,,,,,"Shaaban, Khaled A., et al. ""Spoxazomicin D and oxachelin C, potent neuroprotective carboxamides from the Appalachian coal fire-associated isolate Streptomyces sp. RM-14-6."" Journal of natural products 80.1 (2017): 2-11.",,,,,,27,39,7,12,0,0.692307692,3.857142857,2.25,0,Ruolin He,1,30,12,-1.941,3.94093855
665,Dactyloferrin,,1,2,1,0,0,0,0,0,0,0,0,0,0,0,0,6,Catecholate/Hydroxamate,NRPS,CC(=O)N(O)CCC[C@@H](NC(=O)[C@H](CCCN)NC(=O)[C@@H](CCCNC(=N)N)NC(=O)CNC(=O)c1cccc(O)c1O)C(=O)N[C@H](CCCN)C(=O)N[C@H](CO)C(=O)N[C@H]1CCCN(O)C1=O,"Arg, Gly, Orn, Ac-OH-Orn, Ser, Orn, diOH-Bz, OH-cOrn",8,1,0,C40H66N14O14,967.039218,Dactylosporangium fulvum,1,0,0,0,1,0,0,0,0,0,0,0,0,0,0,0,Actinomycetota,Orn derivatives,diOH-Bz,,,,,,,"Caradec, Thibault, et al. ""A Novel Natural Siderophore Antibiotic Conjugate Reveals a Chemical Approach to Macromolecule Coupling."" ACS Central Science 9.11 (2023): 2138-2149.","Caradec, Thibault, et al. ""A Novel Natural Siderophore Antibiotic Conjugate Reveals a Chemical Approach to Macromolecule Coupling."" ACS Central Science 9.11 (2023): 2138-2149.",,,,,40,66,14,14,0,0.606060606,2.857142857,2.857142857,0,Ruolin He,1,30,24,-2.348,3.365085281
664,Chlorodactyloferrin,,1,2,1,0,0,0,0,0,0,0,0,0,0,0,0,6,Catecholate/Hydroxamate,NRPS,CC(=O)N(O)CCC[C@@H](NC(=O)[C@H](CCCN)NC(=O)[C@@H](CCCNC(=N)N)NC(=O)CNC(=O)c1ccc(Cl)c(O)c1O)C(=O)N[C@H](CCCN)C(=O)N[C@H](CO)C(=O)N[C@H]1CCCN(O)C1=O,"Arg, Gly, OH-cOrn, Ser, Orn, 4Cl-diOH(2,3)-Bz, Orn, Ac-OH-Orn",8,1,0,C40H65ClN14O14,1001.484177,Dactylosporangium fulvum,1,0,0,0,1,0,0,0,0,0,0,0,0,0,0,0,Actinomycetota,Orn derivatives,diOH-Bz,,,,,,,"Caradec, Thibault, et al. ""A Novel Natural Siderophore Antibiotic Conjugate Reveals a Chemical Approach to Macromolecule Coupling."" ACS Central Science 9.11 (2023): 2138-2149.","Caradec, Thibault, et al. ""A Novel Natural Siderophore Antibiotic Conjugate Reveals a Chemical Approach to Macromolecule Coupling."" ACS Central Science 9.11 (2023): 2138-2149.",,,,,40,65,14,14,0,0.615384615,2.857142857,2.857142857,0,Ruolin He,1,30,25,-2.314,3.318535524
685,Nobachelin C,,1,2,1,0,0,0,0,0,0,0,0,0,0,0,0,6,Catecholate/Hydroxamate,NRPS,CCC(C)CCCCCCC(=O)N(O)CCC[C@H](NC(=O)[C@@H](CO)NC(=O)[C@H](CO)NC(=O)CNC(=O)CNC(=O)c1ccc(Cl)c(O)c1O)C(=O)N[C@H]1CCCN(O)C1=O,"Ser, Gly, Ser, OH-Orn, OH-cOrn, Gly, aC11:0, 4Cl-diOH(2,3)-Bz",8,1,0,C38H59ClN8O14,887.374833,Nocardiopsis baichengensis,1,0,0,0,1,0,0,0,0,0,0,0,0,0,0,0,Actinomycetota,Orn derivatives,diOH-Bz,,,,,,,"Zhao, Haowen, et al. ""Nobachelins, new siderophores from Nocardiopsis baichengensis protecting Caenorhabditis elegans from Pseudomonas aeruginosa infection."" Synthetic and Systems Biotechnology 8.4 (2023): 640-646.","Zhao, Haowen, et al. ""Nobachelins, new siderophores from Nocardiopsis baichengensis protecting Caenorhabditis elegans from Pseudomonas aeruginosa infection."" Synthetic and Systems Biotechnology 8.4 (2023): 640-646.",,,,,38,59,8,14,0,0.644067797,4.75,2.714285714,0,Ruolin He,1,30,26,-2.883,3.482655931
684,Nobachelin B,,1,2,1,0,0,0,0,0,0,0,0,0,0,0,0,6,Catecholate/Hydroxamate,NRPS,CC(C)CCCCCCC(=O)N(O)CCC[C@H](NC(=O)[C@@H](CO)NC(=O)[C@H](CO)NC(=O)CNC(=O)CNC(=O)c1ccc(Cl)c(O)c1O)C(=O)N[C@H]1CCCN(O)C1=O,"Ser, Gly, Gly, 4Cl-diOH(2,3)-Bz, OH-cOrn, OH-Orn, Ser, iC10:0",8,1,0,C37H57ClN8O14,873.348211,Nocardiopsis baichengensis,1,0,0,0,1,0,0,0,0,0,0,0,0,0,0,0,Actinomycetota,Orn derivatives,diOH-Bz,,,,,,,"Zhao, Haowen, et al. ""Nobachelins, new siderophores from Nocardiopsis baichengensis protecting Caenorhabditis elegans from Pseudomonas aeruginosa infection."" Synthetic and Systems Biotechnology 8.4 (2023): 640-646.","Zhao, Haowen, et al. ""Nobachelins, new siderophores from Nocardiopsis baichengensis protecting Caenorhabditis elegans from Pseudomonas aeruginosa infection."" Synthetic and Systems Biotechnology 8.4 (2023): 640-646.",,,,,37,57,8,14,0,0.649122807,4.625,2.642857143,0,Ruolin He,1,30,27,-2.793,3.504961777
683,Nobachelin A,,1,2,1,0,0,0,0,0,0,0,0,0,0,0,0,6,Catecholate/Hydroxamate,NRPS,CC(C)CCCCCCC(=O)N(O)CCC[C@H](NC(=O)[C@@H](CO)NC(=O)[C@H](CO)NC(=O)CNC(=O)CNC(=O)c1cccc(O)c1O)C(=O)N[C@H]1CCCN(O)C1=O,"OH-Orn, Ser, Ser, iC10:0, Gly, Gly, diOH-Bz, OH-cOrn",8,1,0,C37H58N8O14,838.903252,Nocardiopsis baichengensis,1,0,0,0,1,0,0,0,0,0,0,0,0,0,0,0,Actinomycetota,Orn derivatives,diOH-Bz,,,,,,,"Zhao, Haowen, et al. ""Nobachelins, new siderophores from Nocardiopsis baichengensis protecting Caenorhabditis elegans from Pseudomonas aeruginosa infection."" Synthetic and Systems Biotechnology 8.4 (2023): 640-646.","Zhao, Haowen, et al. ""Nobachelins, new siderophores from Nocardiopsis baichengensis protecting Caenorhabditis elegans from Pseudomonas aeruginosa infection."" Synthetic and Systems Biotechnology 8.4 (2023): 640-646.",,,,,37,58,8,14,0,0.637931034,4.625,2.642857143,0,Ruolin He,1,30,28,-2.877,3.562032742
585,Madurastatin A2,,1,2,0,1,0,0,0,0,0,0,0,0,0,0,0,5,Hydroxamate/Phenolate,NRPS,CNC(CCCN(O)C(=O)CCNC(=O)[C@H](C)NC(=O)[C@@H](CO)NC(=O)c1ccccc1O)C(=O)N[C@H]1CCCN(O)C1=O,"Ser, SA, bAla, Ala, OH-cOrn, NMe-OH-Orn",6,1,0,C27H41N7O10,623.656532,Actinomadura madurae,1,0,0,0,1,0,0,0,0,0,0,0,0,0,0,0,Actinomycetota,Orn derivatives,,,,,,,,"Harada, Ken-ichi, et al. ""Isolation and structural characterization of siderophores, madurastatins, produced by a pathogenic Actinomadura madurae."" The Journal of antibiotics 57.2 (2004): 125-135.",,,,,,27,41,7,10,0,0.658536585,3.857142857,2.7,0,Ruolin He,1,30,10,-2.138,4.017357563
584,Madurastatin A3,,1,2,0,1,0,0,0,0,0,0,0,0,0,0,0,5,Hydroxamate/Phenolate,NRPS,CNC(CCCN(O)C(=O)CCNC(=O)[C@H](C)NC(=O)[C@H](N)COC(=O)c1ccccc1O)C(=O)N[C@H]1CCCN(O)C1=O,"OH-cOrn, NMe-OH-Orn, Ala, Ser, bAla, SA",6,1,0,C27H41N7O10,623.656532,Actinomadura madurae,1,0,0,0,1,0,0,0,0,0,0,0,0,0,0,0,Actinomycetota,Orn derivatives,,,,,,,,"Harada, Ken-ichi, et al. ""Isolation and structural characterization of siderophores, madurastatins, produced by a pathogenic Actinomadura madurae."" The Journal of antibiotics 57.2 (2004): 125-135.",,,,,,27,41,7,10,0,0.658536585,3.857142857,2.7,0,Ruolin He,1,30,9,-2.187,4.017357563
583,Madurastatin A1,,1,2,0,1,0,0,0,0,0,0,0,0,0,0,0,5,Hydroxamate/Phenolate,NRPS,CNC(CCCN(O)C(=O)CCNC(=O)[C@H](C)NC(=O)[C@H]1CN1C(=O)c1ccccc1O)C(=O)N[C@H]1CCCN(O)C1=O,"Azd-2COOH, SA, OH-cOrn, NMe-OH-Orn, bAla, Ala",6,1,0,C27H39N7O9,605.641245,Actinomadura madurae,1,0,0,0,1,0,0,0,0,0,0,0,0,0,0,0,Actinomycetota,Orn derivatives,,,,,,,,"Harada, Ken-ichi, et al. ""Isolation and structural characterization of siderophores, madurastatins, produced by a pathogenic Actinomadura madurae."" The Journal of antibiotics 57.2 (2004): 125-135.",,,,,,27,39,7,9,0,0.692307692,3.857142857,3,0,Ruolin He,1,30,8,-2.395,4.065934634
823,Madurastatin E1,,1,2,0,1,0,0,0,0,0,0,0,0,0,0,0,5,Hydroxamate/Phenolate,NRPS,C[C@H](NC(=O)[C@@H](CO)NC(=O)c1ccccc1O)C(=O)NCCC(=O)N(O)CCC[C@@H]1C(=O)N([C@H]2CCCN(O)C2=O)CN1C,"Ser, SA, bAla, Ala, NMe-OH-Orn, X0",6,0.777777778,1,C28H41N7O10,635.667272,Actinomadura sp. RB99,1,0,0,0,1,0,0,0,0,0,0,0,0,0,0,0,Actinomycetota,Orn derivatives,,,,,,,,"Lee, Seoung Rak, et al. ""GNPS‐Guided Discovery of Madurastatin Siderophores from the Termite‐Associated Actinomadura sp. RB99."" Chemistry–A European Journal 28.36 (2022): e202200612.",,,,,,28,41,7,10,0,0.682926829,4,2.8,0,Ruolin He,1,30,30,-2.112,3.986107232
824,Madurastatin F,,1,1,0,1,0,0,0,0,0,0,0,0,0,0,0,3,Hydroxamate/Phenolate,NRPS,C[C@H](NC(=O)[C@@H](CO)NC(=O)c1ccccc1O)C(=O)NCCC(=O)N(O)CCCCC(=O)N(C)[C@H]1CC[C@H]2ON2C1=O,"5OHNH2-PA, bAla, Ala, Ser, SA, X0",6,0.76744186,1,C27H38N6O10,606.626006,Actinomadura sp. RB99,1,0,0,0,1,0,0,0,0,0,0,0,0,0,0,0,Actinomycetota,Orn derivatives,,,,,,,,"Lee, Seoung Rak, et al. ""GNPS‐Guided Discovery of Madurastatin Siderophores from the Termite‐Associated Actinomadura sp. RB99."" Chemistry–A European Journal 28.36 (2022): e202200612.",,,,,,27,38,6,10,0,0.710526316,4.5,2.7,0,Ruolin He,1,30,31,-2.451,4.063224362
575,Maduraferrin,,1,1,0,1,0,0,0,0,0,0,0,0,0,0,0,3,Hydroxamate/Phenolate,Putative NRPS,CN1C(=O)C2CCCNN2C(=O)C1CCCN(O)C(=O)C(CO)NC(=O)CNC(=O)CCNC(=O)c1ccccc1O,"NMe-OH-Orn, Ser, 3COOH-HexHPd, Gly, bAla, SA",6,1,0,C26H37N7O9,591.614623,Actinomadura madurae,1,0,0,0,1,0,0,0,0,0,0,0,0,0,0,0,Actinomycetota,Orn derivatives,,,,,,,,"Keller‐Schierlein, Walter, et al. ""Stoffwechselprodukte von Mikroorganismen. 250. Mitteilung. Maduraferrin, ein neuartiger Siderophor aus Actinomadura madurae."" Helvetica chimica acta 71.6 (1988): 1528-1540.",,,,,,26,37,7,9,0,0.702702703,3.714285714,2.888888889,0,Shaohua Gu; Ruolin He,1,29,1,-2.248,4.10525956
563,Asterobactin,Asterobactin A,1,2,0,1,0,0,0,0,0,0,0,0,0,0,0,5,Hydroxamate/Phenolate,Putative NRPS,CCCCCCCCC(OC(=O)C(CCCN(O)C=O)NC(=O)C(O)COC(=O)c1ccccc1O)C(C)C(=O)NC(CCCN(O)C(=N)N)C(=O)NO,"Fo-OH-Orn, GlyA, NOH-NOH-Arg, C11:0-Me(2)-OH(3), SA",5,1,0,C34H55N7O13,769.841101,Nocardia asteroides,1,0,0,0,1,0,0,0,0,0,0,0,0,0,0,0,Actinomycetota,Orn derivatives,,,,,,,,"Nemoto, Akira, et al. ""Asterobactin, a new siderophore group antibiotic from Nocardia asteroides."" The Journal of antibiotics 55.6 (2002): 593-597.","Nemoto, Akira, et al. ""Asterobactin, a new siderophore group antibiotic from Nocardia asteroides."" The Journal of antibiotics 55.6 (2002): 593-597.",,,,,34,55,7,13,0,0.618181818,4.857142857,2.615384615,0,Ruolin He,1,27,1,-3.189,3.687512
564,Asterobactin B,,1,2,0,1,0,0,0,0,0,0,0,0,0,0,0,5,Hydroxamate/Phenolate,Putative NRPS,CCCCCCCCCC(OC(=O)C(CCCN(O)C=O)NC(=O)C(O)COC(=O)c1ccccc1O)C(C)C(=O)NC(CCCN(O)C(=N)N)C(=O)NO,"Fo-OH-Orn, GlyA, NOH-NOH-Arg, 3OH-2Me-C12:0, SA",5,1,0,C35H57N7O13,783.867723,Nocardia asteroides,1,0,0,0,1,0,0,0,0,0,0,0,0,0,0,0,Actinomycetota,Orn derivatives,,,,,,,,"Nemoto, Akira, et al. ""Asterobactin, a new siderophore group antibiotic from Nocardia asteroides."" The Journal of antibiotics 55.6 (2002): 593-597.","Nemoto, Akira, et al. ""Asterobactin, a new siderophore group antibiotic from Nocardia asteroides."" The Journal of antibiotics 55.6 (2002): 593-597.",,,,,35,57,7,13,0,0.614035088,5,2.692307692,0,Ruolin He,1,27,2,-3.345,3.660721032
565,Asterobactin C,,1,2,0,1,0,0,0,0,0,0,0,0,0,0,0,5,Hydroxamate/Phenolate,Putative NRPS,CCCCCCCCCCCC(OC(=O)C(CCCN(O)C=O)NC(=O)C(O)COC(=O)c1ccccc1O)C(C)C(=O)NC(CCCN(O)C(=N)N)C(=O)NO,"GlyA, SA, Fo-OH-Orn, NOH-NOH-Arg, 3OH-2MeTeEnA",5,1,0,C37H61N7O13,811.920967,Nocardia asteroides,1,0,0,0,1,0,0,0,0,0,0,0,0,0,0,0,Actinomycetota,Orn derivatives,,,,,,,,"Nemoto, Akira, et al. ""Asterobactin, a new siderophore group antibiotic from Nocardia asteroides."" The Journal of antibiotics 55.6 (2002): 593-597.","Nemoto, Akira, et al. ""Asterobactin, a new siderophore group antibiotic from Nocardia asteroides."" The Journal of antibiotics 55.6 (2002): 593-597.",,,,,37,61,7,13,0,0.606557377,5.285714286,2.846153846,0,Ruolin He,1,27,3,-3.662,3.609191432
226,Lystabactin C,,1,2,1,0,0,0,0,0,0,0,0,0,0,0,0,6,Catecholate/Hydroxamate,Hybrid NRPS/PKS,COC(=O)[C@H](CCCN(O)C=O)NC(=O)[C@@H](CC(N)=O)NC(=O)[C@H](CCCN(O)C=O)NC(=O)[C@@H](CO)NC(=O)C[C@H](O)[C@@H](N)CCCCNC(=O)c1cccc(O)c1O,"Ser, 1-(3OH-PA)-Put, diOH-Bz, Me-2NH2-5Fo-OH-NH2-PA, Asn, Fo-OH-Orn",6,1,0,C35H55N9O16,857.863462,Pseudoalteromonas sp.,1,0,0,0,0,0,0,1,0,0,0,0,0,0,0,0,Pseudomonadota,Orn derivatives,diOH-Bz,,,,,,,"Zane, Hannah K., and Alison Butler. ""Isolation, structure elucidation, and iron-binding properties of lystabactins, siderophores isolated from a marine Pseudoalteromonas sp."" Journal of Natural Products 76.4 (2013): 648-654.",,,,,,35,55,9,16,0,0.636363636,3.888888889,2.1875,0,Ruolin He,1,26,6,-1.87,3.53020301
227,Lystabactin A,,1,2,1,0,0,0,0,0,0,0,0,0,0,0,0,6,Catecholate/Hydroxamate,Hybrid NRPS/PKS,NC(=O)C[C@@H](NC(=O)[C@H](CCCN(O)C=O)NC(=O)[C@@H](CO)NC(=O)C[C@H](O)[C@@H](N)CCCCNC(=O)c1cccc(O)c1O)C(=O)N[C@@H](CCCN(O)C=O)C(=O)O,"1-(3OH-PA)-Put, diOH-Bz, Asn, Fo-OH-Orn, Fo-OH-Orn, Ser",6,1,0,C34H53N9O16,843.83684,Pseudoalteromonas sp.,1,0,0,0,0,0,0,1,0,0,0,0,0,0,0,0,Pseudomonadota,Orn derivatives,diOH-Bz,,,,,,,"Zane, Hannah K., and Alison Butler. ""Isolation, structure elucidation, and iron-binding properties of lystabactins, siderophores isolated from a marine Pseudoalteromonas sp."" Journal of Natural Products 76.4 (2013): 648-654.",,,,,,34,53,9,16,0,0.641509434,3.777777778,2.125,0,Ruolin He,1,26,7,-1.835,3.553649744
230,Frankobactin B3,,1,1,0,1,0,0,0,0,0,0,0,0,0,0,0,3,Hydroxamate/Phenolate,NRPS,C[C@H](O)[C@@H](NC(=O)CNC(=O)[C@H](CO)NC(=O)c1ccccc1O)C(=O)N(C)C(CCCNO)C(=O)N[C@@H](CCCN)C(=O)N[C@@H](CCCN(O)C=O)C(=O)O,"Orn, NMe-OH-Orn, Gly, Ser, SA, Fo-OH-Orn, aThr/Thr",7,1,0,C33H53N9O14,799.82729,Frankia sp. CH37,1,0,0,0,1,0,0,0,0,0,0,0,0,0,0,0,Actinomycetota,Orn derivatives,,,,,,,,"Mohr, Jan Frieder, et al. ""Frankobactin metallophores produced by nitrogen-fixing Frankia actinobacteria function in toxic metal sequestration."" Journal of Natural Products 84.4 (2021): 1216-1225.","Mohr, Jan Frieder, et al. ""Frankobactin metallophores produced by nitrogen-fixing Frankia actinobacteria function in toxic metal sequestration."" Journal of Natural Products 84.4 (2021): 1216-1225.",,,,,33,53,9,14,0,0.622641509,3.666666667,2.357142857,0,Ruolin He,1,26,10,-1.669,3.631080619
231,Frankobactin A3,,1,1,0,1,0,0,0,0,0,0,0,0,0,0,0,3,Hydroxamate/Phenolate,NRPS,C[C@H](O)[C@@H](NC(=O)CCNC(=O)[C@H](CO)NC(=O)c1ccccc1O)C(=O)N(C)C(CCCNO)C(=O)N[C@@H](CCCN)C(=O)N[C@@H](CCCN(O)C=O)C(=O)O,"Orn, NMe-OH-Orn, aThr/Thr, bAla, Ser, SA, Fo-OH-Orn",7,1,0,C34H55N9O14,813.853912,Frankia sp. CH37,1,0,0,0,1,0,0,0,0,0,0,0,0,0,0,0,Actinomycetota,Orn derivatives,,,,,,,,"Mohr, Jan Frieder, et al. ""Frankobactin metallophores produced by nitrogen-fixing Frankia actinobacteria function in toxic metal sequestration."" Journal of Natural Products 84.4 (2021): 1216-1225.","Mohr, Jan Frieder, et al. ""Frankobactin metallophores produced by nitrogen-fixing Frankia actinobacteria function in toxic metal sequestration."" Journal of Natural Products 84.4 (2021): 1216-1225.",,,,,34,55,9,14,0,0.618181818,3.777777778,2.428571429,0,Ruolin He,1,26,11,-1.711,3.605737124
229,Chlorocatechelin B,,1,1,1,0,0,0,0,0,0,1,0,0,0,0,0,6,Alpha-Aminocarboxylate/Catecholate/Hydroxamate,Putative NRPS,NCCC[C@@H](NC(=O)c1ccc(Cl)c(O)c1O)C(=O)N[C@H](CCCN(O)C=O)C(=O)O,"Fo-OH-Orn, Orn, 4Cl-diOH(2,3)-Bz",3,1,0,C18H25ClN4O8,460.866797,Streptomyces sp. ML93-86F2,1,0,0,0,1,0,0,0,0,0,0,0,0,0,0,0,Actinomycetota,Orn derivatives,diOH-Bz,,,,,,,"Kishimoto, Shinji, et al. ""Chlorocatechelins A and B from Streptomyces sp.: New siderophores containing chlorinated catecholate groups and an acylguanidine structure."" Organic letters 16.23 (2014): 6108-6111.",,,,,,18,25,4,8,0,0.72,4.5,2.25,0,Ruolin He,1,26,9,-2.036,4.553157746
228,Chlorocatechelin A,,1,1,2,0,0,0,0,0,0,0,0,0,0,0,0,6,Catecholate/Hydroxamate,Putative NRPS,N/C(=N/C(=O)c1ccc(Cl)c(O)c1O)NCCC[C@@H](NC(=O)c1ccc(Cl)c(O)c1O)C(=O)N[C@H](CCCN(O)C=O)C(=O)O,"Arg, 4Cl-diOH(2,3)-Bz, Fo-OH-Orn, 4Cl-diOH(2,3)-Bz",4,1,0,C26H30Cl2N6O11,673.456943,Streptomyces sp. ML93-86F2,1,0,0,0,1,0,0,0,0,0,0,0,0,0,0,0,Actinomycetota,Orn derivatives,diOH-Bz,,,,,,,"Kishimoto, Shinji, et al. ""Chlorocatechelins A and B from Streptomyces sp.: New siderophores containing chlorinated catecholate groups and an acylguanidine structure."" Organic letters 16.23 (2014): 6108-6111.",,,,,,26,302,6,11,0,0.086092715,4.333333333,2.363636364,0,Ruolin He,1,26,8,-3.413,3.893207989
833,Mirubactin B,,1,1,1,1,0,0,0,0,0,0,0,0,0,0,0,5,Catecholate/Hydroxamate/Phenolate,NRPS,O=CN(O)CCC[C@@H](NC(=O)[C@@H](CCCN=c1[nH]c(=O)c2cccc(O)c2o1)NC(=O)c1cccc(O)c1O)C(=O)O,"Fo-OH-Orn, Cit, diOH-Bz, diOH-Bz",4,1,0,C26H29N5O11,587.536499,Streptomyces sp. CB02460,1,0,0,0,1,0,0,0,0,0,0,0,0,0,0,0,Actinomycetota,Orn derivatives,diOH-Bz,,,,,,,"Pu, Hong, et al. ""Degradation of mirubactin to multiple siderophores with varying Fe (III) chelation properties."" Organic & Biomolecular Chemistry 20.25 (2022): 5066-5070.","Giessen, Tobias W., et al. ""Isolation, structure elucidation, and biosynthesis of an unusual hydroxamic acid ester-containing siderophore from Actinosynnema mirum."" Journal of natural products 75.5 (2012): 905-914.",,,,,26,29,5,11,0,0.896551724,5.2,2.363636364,0,Ruolin He,1,26,12,-3.848,4.116952502
224,Mirubactin,Mirubactin A,2,0,2,0,0,0,0,0,0,1,0,0,0,0,0,6,Alpha-Aminocarboxylate/Catecholate,NRPS,N/C(=N\CCC[C@@H](NC(=O)c1cccc(O)c1O)C(=O)N[C@H](CCCN(O)C=O)C(=O)O)NOC(=O)c1cccc(O)c1O,"diOH-Bz, Fo-OH-Orn, diOH-Bz, Arg",4,1,0,C26H32N6O12,620.56643,Actinosynnema mirum; Amycolatopsis sp. GA10-003,1,0,0,0,1,0,0,0,0,0,0,0,0,0,0,0,Actinomycetota,,diOH-Bz,,,,,,,"Giessen, Tobias W., et al. ""Isolation, structure elucidation, and biosynthesis of an unusual hydroxamic acid ester-containing siderophore from Actinosynnema mirum."" Journal of natural products 75.5 (2012): 905-914.; Kishimoto, Shinji, Shinichi Nishimura, and Hideaki Kakeya. ""Total synthesis and structure revision of mirubactin, and its iron binding activity."" Chemistry Letters 44.10 (2015): 1303-1305.; Rajwani, Rahim, et al. ""Genome-guided discovery of natural products through multiplexed low-coverage whole-genome sequencing of soil actinomycetes on Oxford Nanopore Flongle."" Msystems 6.6 (2021): e01020-21.; Pu, Hong, et al. ""Degradation of mirubactin to multiple siderophores with varying Fe (III) chelation properties."" Organic & Biomolecular Chemistry 20.25 (2022): 5066-5070.","Giessen, Tobias W., et al. ""Isolation, structure elucidation, and biosynthesis of an unusual hydroxamic acid ester-containing siderophore from Actinosynnema mirum."" Journal of natural products 75.5 (2012): 905-914.",,,,,26,32,6,12,0,0.8125,4.333333333,2.166666667,0,Shaohua Gu; Ruolin He,1,26,4,-3.191,4.025541614
225,Rhodochelin,,1,2,1,0,0,0,0,0,0,0,0,0,0,0,0,6,Catecholate/Hydroxamate,NRPS,CC(OC(=O)[C@@H](N)CCCN(O)C=O)[C@H](NC(=O)c1cccc(O)c1O)C(=O)N[C@@H](CCCN(O)C=O)C(=O)O,"aThr/Thr, Fo-OH-Orn, diOH-Bz, Fo-OH-Orn",4,1,0,C23H33N5O12,571.535448,Rhodococcus jostii RHA1,1,0,0,0,1,0,0,0,0,0,0,0,0,0,0,0,Actinomycetota,Orn derivatives,diOH-Bz,,,,,,,"Bosello, Mattia, et al. ""Biosynthesis of the siderophore rhodochelin requires the coordinated expression of three independent gene clusters in Rhodococcus jostii RHA1."" Journal of the American Chemical Society 133.12 (2011): 4587-4595.","Bosello, Mattia, et al. ""Biosynthesis of the siderophore rhodochelin requires the coordinated expression of three independent gene clusters in Rhodococcus jostii RHA1."" Journal of the American Chemical Society 133.12 (2011): 4587-4595.",,,,,23,33,5,12,0,0.696969697,4.6,1.916666667,0,Ruolin He,1,26,5,-1.92,4.164016739
834,Mirubactin C,,2,1,1,0,0,0,0,0,0,0,0,0,0,0,0,4,Catecholate/Hydroxamate,NRPS,NCCC[C@@H](NC(=O)c1cccc(O)c1O)C(=O)N[C@H](CCCN(O)C=O)C(=O)O,"Orn, diOH-Bz, Fo-OH-Orn",3,1,0,C18H26N4O8,426.421838,Streptomyces sp. CB02460; Streptomyces drozdowiczii MDA8-470,1,0,0,0,1,0,0,0,0,0,0,0,0,0,0,0,Actinomycetota,Orn derivatives,diOH-Bz,,,,,,,"Kepplinger, Bernhard, et al. ""Mirubactin C rescues the lethal effect of cell wall biosynthesis mutations in Bacillus subtilis."" Frontiers in Microbiology 13 (2022): 1004737.; Pu, Hong, et al. ""Degradation of mirubactin to multiple siderophores with varying Fe (III) chelation properties."" Organic & Biomolecular Chemistry 20.25 (2022): 5066-5070.","Giessen, Tobias W., et al. ""Isolation, structure elucidation, and biosynthesis of an unusual hydroxamic acid ester-containing siderophore from Actinosynnema mirum."" Journal of natural products 75.5 (2012): 905-914.",,,,,18,26,4,8,0,0.692307692,4.5,2.25,0,Ruolin He,1,26,13,-1.755,4.703937403
835,Mirubactin D,,1,1,1,0,0,0,0,0,0,0,0,0,0,0,0,4,Catecholate/Hydroxamate,NRPS,N=C(N)NCCC[C@@H](NC(=O)c1cccc(O)c1O)C(=O)N[C@H](CCCN(O)C=O)C(=O)O,"Fo-OH-Orn, Arg, diOH-Bz",3,1,0,C19H28N6O8,468.461866,Streptomyces sp. CB02460,1,0,0,0,1,0,0,0,0,0,0,0,0,0,0,0,Actinomycetota,Orn derivatives,diOH-Bz,,,,,,,"Pu, Hong, et al. ""Degradation of mirubactin to multiple siderophores with varying Fe (III) chelation properties."" Organic & Biomolecular Chemistry 20.25 (2022): 5066-5070.","Giessen, Tobias W., et al. ""Isolation, structure elucidation, and biosynthesis of an unusual hydroxamic acid ester-containing siderophore from Actinosynnema mirum."" Journal of natural products 75.5 (2012): 905-914.",,,,,19,28,6,8,0,0.678571429,3.166666667,2.375,0,Ruolin He,1,26,14,-2.073,4.522154335
222,Fuscachelin B,,1,1,2,0,0,0,0,0,0,0,0,0,0,0,0,6,Catecholate/Hydroxamate,NRPS,NC(N)=NCCC[C@@H](NC(=O)c1cccc(O)c1O)C(=O)NCC(=O)NCC(=O)N[C@@H](CCCN(O)C(=O)[C@H](CO)NC(=O)CNC(=O)CNC(=O)[C@@H](CCCN=C(N)N)NC(=O)c1cccc(O)c1O)C(=O)O,"Arg, diOH-Bz, Gly, Arg, diOH-Bz, Gly, Gly, Gly, OH-Orn, Ser",10,1,0,C42H61N15O17,1048.025911,Thermobifida fusca,1,0,0,0,1,0,0,0,0,0,0,0,0,0,0,0,Actinomycetota,Orn derivatives,diOH-Bz,,,,,,,"Dimise, Eric J., Paul F. Widboom, and Steven D. Bruner. ""Structure elucidation and biosynthesis of fuscachelins, peptide siderophores from the moderate thermophile Thermobifida fusca."" Proceedings of the National Academy of Sciences 105.40 (2008): 15311-15316.","Dimise, Eric J., Paul F. Widboom, and Steven D. Bruner. ""Structure elucidation and biosynthesis of fuscachelins, peptide siderophores from the moderate thermophile Thermobifida fusca."" Proceedings of the National Academy of Sciences 105.40 (2008): 15311-15316.",,,,,42,61,15,17,0,0.68852459,2.8,2.470588235,0,Shaohua Gu; Ruolin He,1,26,2,-2.833,3.259218875
223,Fuscachelin C,,1,1,2,0,0,0,0,0,0,0,0,0,0,0,0,6,Catecholate/Hydroxamate,NRPS,NC(=O)[C@H](CCCN(O)C(=O)[C@H](CO)NC(=O)CNC(=O)CNC(=O)[C@@H](CCCN=C(N)N)NC(=O)c1cccc(O)c1O)NC(=O)CNC(=O)CNC(=O)[C@@H](CCCN=C(N)N)NC(=O)c1cccc(O)c1O,"Gly, Gly, X0, Ser, Gly, Arg, diOH-Bz, Arg, diOH-Bz, Gly",10,0.864864865,1,C42H62N16O16,1047.04115,Thermobifida fusca,1,0,0,0,1,0,0,0,0,0,0,0,0,0,0,0,Actinomycetota,Orn derivatives,diOH-Bz,,,,,,,"Dimise, Eric J., Paul F. Widboom, and Steven D. Bruner. ""Structure elucidation and biosynthesis of fuscachelins, peptide siderophores from the moderate thermophile Thermobifida fusca."" Proceedings of the National Academy of Sciences 105.40 (2008): 15311-15316.","Dimise, Eric J., Paul F. Widboom, and Steven D. Bruner. ""Structure elucidation and biosynthesis of fuscachelins, peptide siderophores from the moderate thermophile Thermobifida fusca."" Proceedings of the National Academy of Sciences 105.40 (2008): 15311-15316.",,,,,42,62,16,16,0,0.677419355,2.625,2.625,0,Shaohua Gu; Ruolin He,1,26,3,-2.835,3.260434024
221,Alterobactin B,,1,0,1,0,0,0,2,0,0,0,0,0,0,0,0,6,Alpha-Hydroxycarboxylate/Catecholate,Hybrid NRPS/PKS,NC(N)=NCCC[C@H](NC(=O)CNC(=O)[C@@H](CO)NC(=O)C[C@H](O)[C@H](N)CCCCNC(=O)c1cccc(O)c1O)C(=O)N[C@H](C(=O)NCC(=O)N[C@H](C(=O)O)[C@H](O)C(=O)O)[C@H](O)C(=O)O,"Ser, 1-(3OH-PA)-Put, diOH-Bz, OH-Asp, Arg, Gly, OH-Asp, Gly",8,1,0,C36H55N11O19,945.885823,Pseudoalteromonas luteoviolacea,1,0,0,0,0,0,0,1,0,0,0,0,0,0,0,0,Pseudomonadota,,diOH-Bz,Asp,,,,,,"Reid, Richard T., et al. ""A siderophore from a marine bacterium with an exceptional ferric ion affinity constant."" Nature 366.6454 (1993): 455-458.",,,,,,36,55,11,19,0,0.654545455,3.272727273,1.894736842,0,Shaohua Gu; Ruolin He,1,26,1,-1.754,3.394888968
220,Chryseomonin,,1,0,1,0,0,0,0,0,0,1,0,0,0,0,0,4,Alpha-Aminocarboxylate/Catecholate,Putative NRPS,NCCCCC(NC(=O)c1c(-[n+]2ccccc2)ccc(O)c1O)C(=O)NC(CO)C(=O)O,"Lys, diOH-6py-Bz, Ser",3,1,0,C21H27N4O7+,447.462594,Pseudomonas luteola,1,0,0,0,0,0,0,1,0,0,0,0,0,0,0,0,Pseudomonadota,,diOH-Bz,,,,,,,"Adolphs, M., K. Taraz, and H. Budzikiewicz. ""Catecholate siderophores from Chryseomonas luteola."" Zeitschrift für Naturforschung C 51.5-6 (1996): 281-285.",,,,,,21,27,4,7,0,0.777777778,5.25,3,0,Ruolin He,1,25,13,-1.76,4.609773916
215,Chrysobactin,,3,0,1,0,0,0,0,0,0,1,0,0,0,0,0,4,Alpha-Aminocarboxylate/Catecholate,NRPS,NCCCC[C@@H](NC(=O)c1cccc(O)c1O)C(=O)N[C@@H](CO)C(=O)O,"Lys, diOH-Bz, Ser",3,1,0,C16H23N3O7,369.370427,Dickeya chrysanthemi; Dickeya chrysanthemi; Serratia sp.,1,0,0,0,0,0,0,1,0,0,0,0,0,0,0,0,Pseudomonadota,,diOH-Bz,,,,,,,"Hider, Robert C., and Xiaole Kong. ""Chemistry and biology of siderophores."" Natural product reports 27.5 (2010): 637-657.; Sandy, Moriah, and Alison Butler. ""Chrysobactin siderophores produced by Dickeya chrysanthemi EC16."" Journal of natural products 74.5 (2011): 1207-1212.; Ganley, Jack G., et al. ""A systematic analysis of mosquito-microbiome biosynthetic gene clusters reveals antimalarial siderophores that reduce mosquito reproduction capacity."" Cell Chemical Biology 27.7 (2020): 817-826.",,,,,,16,23,3,7,0,0.695652174,5.333333333,2.285714286,0,Shaohua Gu; Ruolin He,1,25,8,-1.517,4.998410089
216,Dichrysobactin,,2,0,2,0,0,0,0,0,0,1,0,0,0,0,0,6,Alpha-Aminocarboxylate/Catecholate,Putative NRPS,NCCCC[C@@H](NC(=O)c1cccc(O)c1O)C(=O)N[C@@H](COC(=O)[C@H](CO)NC(=O)[C@@H](CCCCN)NC(=O)c1cccc(O)c1O)C(=O)O,"Ser, Lys, diOH-Bz, Ser, Lys, diOH-Bz",6,1,0,C32H44N6O13,720.725567,Dickeya chrysanthemi; Serratia sp.,1,0,0,0,0,0,0,1,0,0,0,0,0,0,0,0,Pseudomonadota,,diOH-Bz,,,,,,,"Sandy, Moriah, and Alison Butler. ""Chrysobactin siderophores produced by Dickeya chrysanthemi EC16."" Journal of natural products 74.5 (2011): 1207-1212.; Ganley, Jack G., et al. ""A systematic analysis of mosquito-microbiome biosynthetic gene clusters reveals antimalarial siderophores that reduce mosquito reproduction capacity."" Cell Chemical Biology 27.7 (2020): 817-826.",,,,,,32,44,6,13,0,0.727272727,5.333333333,2.461538462,0,Shaohua Gu; Ruolin He,1,25,9,-2.445,3.787275701
821,Linear trichrysobactin,,2,0,3,0,0,0,0,0,0,0,0,0,0,0,0,6,Catecholate,Putative NRPS,NCCCC[C@@H](NC(=O)c1cccc(O)c1O)C(=O)N[C@@H](COC(=O)[C@H](COC(=O)[C@H](CO)NC(=O)[C@@H](CCCCN)NC(=O)c1cccc(O)c1O)NC(=O)[C@@H](CCCCN)NC(=O)c1cccc(O)c1O)C(=O)O,"Ser, Ser, Lys, diOH-Bz, Ser, Lys, diOH-Bz, Lys, diOH-Bz",9,1,0,C48H65N9O19,1072.080707,Serratia sp.; Dickeya chrysanthemi,1,0,0,0,0,0,0,1,0,0,0,0,0,0,0,0,Pseudomonadota,,diOH-Bz,,,,,,,"Sandy, Moriah, and Alison Butler. ""Chrysobactin siderophores produced by Dickeya chrysanthemi EC16."" Journal of natural products 74.5 (2011): 1207-1212.; Ganley, Jack G., et al. ""A systematic analysis of mosquito-microbiome biosynthetic gene clusters reveals antimalarial siderophores that reduce mosquito reproduction capacity."" Cell Chemical Biology 27.7 (2020): 817-826.",,,,,,48,65,9,19,0,0.738461538,5.333333333,2.526315789,0,Yanzhao Wu; Jiqi Shao; Ruolin He,1,25,10,-2.929,3.230042896
218,Frederiksenibactin,,1,0,3,0,0,0,0,0,0,0,0,0,0,0,0,6,Catecholate,NRPS,NCCCC[C@H](NC(=O)c1cccc(O)c1O)C(=O)N[C@@H](COC(=O)[C@H](COC(=O)[C@H](CO)NC(=O)[C@H](CCCCN)NC(=O)c1cccc(O)c1O)NC(=O)[C@H](CCCCN)NC(=O)c1cccc(O)c1O)C(=O)O,"Ser, Lys, diOH-Bz, Lys, diOH-Bz, Ser, Ser, Lys, diOH-Bz",9,1,0,C48H65N9O19,1072.080707,Yersinia frederiksenii ATCC 33641,1,0,0,0,0,0,0,1,0,0,0,0,0,0,0,0,Pseudomonadota,,diOH-Bz,,,,,,,"Stow, Parker R., et al. ""Genomics-driven discovery of chiral triscatechol siderophores with enantiomeric Fe (iii) coordination."" Chemical Science 12.37 (2021): 12485-12493.","Stow, Parker R., et al. ""Genomics-driven discovery of chiral triscatechol siderophores with enantiomeric Fe (iii) coordination."" Chemical Science 12.37 (2021): 12485-12493.",,,,,48,65,9,19,0,0.738461538,5.333333333,2.526315789,0,Ruolin He,1,25,11,-2.929,3.230042896
219,Turnerbactin,,1,0,3,0,0,0,0,0,0,0,0,0,0,0,0,6,Catecholate,NRPS,NCCC[C@H](NC(=O)c1cccc(O)c1O)C(=O)N[C@@H](COC(=O)[C@H](COC(=O)[C@H](CO)NC(=O)[C@H](CCCN)NC(=O)c1cccc(O)c1O)NC(=O)[C@H](CCCN)NC(=O)c1cccc(O)c1O)C(=O)O,"Ser, Ser, Orn, diOH-Bz, Orn, diOH-Bz, Orn, diOH-Bz, Ser",9,1,0,C45H59N9O19,1030.000841,Teredinibacter turnerae T7901,1,0,0,0,0,0,0,1,0,0,0,0,0,0,0,0,Pseudomonadota,,diOH-Bz,,,,,,,"Han, Andrew W., et al. ""Turnerbactin, a novel triscatecholate siderophore from the shipworm endosymbiont Teredinibacter turnerae T7901."" PloS one 8.10 (2013): e76151.","Han, Andrew W., et al. ""Turnerbactin, a novel triscatecholate siderophore from the shipworm endosymbiont Teredinibacter turnerae T7901."" PloS one 8.10 (2013): e76151.",,,,,45,59,9,19,0,0.762711864,5,2.368421053,0,Ruolin He,1,25,12,-2.747,3.281727969
828,Mediterraneabactin,,1,0,3,0,0,0,0,0,0,0,0,0,0,0,0,6,Catecholate,NRPS,NCCC[C@@H](NC(=O)c1cccc(O)c1O)C(=O)N[C@@H](COC(=O)[C@H](COC(=O)[C@H](CO)NC(=O)[C@@H](CCCN)NC(=O)c1cccc(O)c1O)NC(=O)[C@@H](CCCN)NC(=O)c1cccc(O)c1O)C(=O)O,"Ser, Ser, Orn, diOH-Bz, Orn, diOH-Bz, Orn, diOH-Bz, Ser",9,1,0,C45H59N9O19,1030.000841,Marinomonas mediterranea MMB-1,1,0,0,0,0,0,0,1,0,0,0,0,0,0,0,0,Pseudomonadota,,diOH-Bz,,,,,,,"Butler, Alison, et al. ""Mining elements of siderophore chirality encoded in microbial genomes."" FEBS letters 597.1 (2023): 134-140.","Butler, Alison, et al. ""Mining elements of siderophore chirality encoded in microbial genomes."" FEBS letters 597.1 (2023): 134-140.",,,,,45,59,9,19,0,0.762711864,5,2.368421053,0,Yanzhao Wu; Jiqi Shao; Ruolin He,1,25,14,-2.747,3.281727969
213,Divanchrobactin,,1,0,2,0,0,0,0,0,0,1,0,0,0,0,0,6,Alpha-Aminocarboxylate/Catecholate,NRPS,N=C(N)NCCC[C@@H](NC(=O)c1cccc(O)c1O)C(=O)N[C@@H](COC(=O)[C@H](CO)NC(=O)[C@@H](CCCNC(=N)N)NC(=O)c1cccc(O)c1O)C(=O)O,"Ser, Ser, Arg, diOH-Bz, Arg, diOH-Bz",6,1,0,C32H44N10O13,776.752379,Vibrio campbellii DS40M4,1,0,0,0,0,0,0,1,0,0,0,0,0,0,0,0,Pseudomonadota,,diOH-Bz,,,,,,,"Sandy, Moriah, et al. ""Vanchrobactin and anguibactin siderophores produced by Vibrio sp. DS40M4."" Journal of natural products 73.6 (2010): 1038-1043.",,,,,,32,44,10,13,0,0.727272727,3.2,2.461538462,0,Shaohua Gu; Ruolin He,1,25,6,-2.674,3.674222692
212,Trivanchrobactin,,1,0,3,0,0,0,0,0,0,0,0,0,0,0,0,6,Catecholate,Putative NRPS,N=C(N)NCCC[C@@H](NC(=O)c1cccc(O)c1O)C(=O)N[C@@H](COC(=O)[C@H](COC(=O)[C@H](CO)NC(=O)[C@@H](CCCNC(=N)N)NC(=O)c1cccc(O)c1O)NC(=O)[C@@H](CCCNC(=N)N)NC(=O)c1cccc(O)c1O)C(=O)O,"Ser, Arg, diOH-Bz, Ser, Ser, Arg, Arg, diOH-Bz, diOH-Bz",9,1,0,C48H65N15O19,1156.120925,Vibrio campbellii DS40M4,1,0,0,0,0,0,0,1,0,0,0,0,0,0,0,0,Pseudomonadota,,diOH-Bz,,,,,,,"Sandy, Moriah, et al. ""Vanchrobactin and anguibactin siderophores produced by Vibrio sp. DS40M4."" Journal of natural products 73.6 (2010): 1038-1043.",,,,,,48,65,15,19,0,0.738461538,3.2,2.526315789,0,Shaohua Gu; Ruolin He,1,25,5,-3.205,3.1351473
877,Ruckerbactin,,1,0,3,0,0,0,0,0,0,0,0,0,0,0,0,6,Catecholate,NRPS,NC(N)=NCCC[C@H](NC(=O)c1cccc(O)c1O)C(=O)N[C@@H](COC(=O)[C@H](COC(=O)[C@H](CO)NC(=O)[C@H](CCCN=C(N)N)NC(=O)c1cccc(O)c1O)NC(=O)[C@H](CCCN=C(N)N)NC(=O)c1cccc(O)c1O)C(=O)O,"Ser, Ser, Ser, Arg, diOH-Bz, Arg, diOH-Bz, Arg, diOH-Bz",9,1,0,C48H65N15O19,1156.120925,Yersinia ruckeri YRB,1,0,0,0,0,0,0,1,0,0,0,0,0,0,0,0,Pseudomonadota,,diOH-Bz,,,,,,,"Thomsen, Emil, et al. ""Ruckerbactin produced by Yersinia ruckeri YRB is a diastereomer of the siderophore Trivanchrobactin produced by Vibrio campbellii DS40M4."" Journal of Natural Products 85.1 (2021): 264-269.","Thomsen, Emil, et al. ""Ruckerbactin produced by Yersinia ruckeri YRB is a diastereomer of the siderophore Trivanchrobactin produced by Vibrio campbellii DS40M4."" Journal of Natural Products 85.1 (2021): 264-269.",,,,,48,65,15,19,0,0.738461538,3.2,2.526315789,0,Yanzhao Wu; Jiqi Shao; Ruolin He,1,25,15,-3.329,3.1351473
214,Vanchrobactin,,2,0,1,0,0,0,0,0,0,1,0,0,0,0,0,4,Alpha-Aminocarboxylate/Catecholate,NRPS,NC(N)=NCCC[C@@H](NC(=O)c1cccc(O)c1O)C(=O)N[C@@H](CO)C(=O)O,"Arg, diOH-Bz, Ser",3,1,0,C16H23N5O7,397.383833,Vibrio anguillarum; Vibrio campbellii DS40M4,1,0,0,0,0,0,0,1,0,0,0,0,0,0,0,0,Pseudomonadota,,diOH-Bz,,,,,,,"Sandy, Moriah, et al. ""Vanchrobactin and anguibactin siderophores produced by Vibrio sp. DS40M4."" Journal of natural products 73.6 (2010): 1038-1043.; Espada, Alfonso, et al. ""An approach to speed up the isolation of hydrophilic metabolites from natural sources at semipreparative level by using a hydrophilic–lipophilic balance/mixed-mode strong cation exchange–high-performance liquid chromatography/mass spectrometry system."" Journal of Chromatography A 1218.13 (2011): 1790-1794.; Iglesias, Emilia, et al. ""Iron (III) complexation by Vanchrobactin, a siderophore of the bacterial fish pathogen Vibrio anguillarum."" Metallomics 3.5 (2011): 521-528.",,,,,,16,23,5,7,0,0.695652174,3.2,2.285714286,0,Shaohua Gu; Ruolin He,1,25,7,-1.776,4.845915492
208,Benarthin,,1,0,1,0,0,0,0,0,0,1,0,0,0,0,0,4,Alpha-Aminocarboxylate/Catecholate,Putative NRPS,C[C@@H](O)[C@H](NC(=O)[C@H](CCCN=C(N)N)NC(=O)c1cccc(O)c1O)C(=O)O,"Arg, diOH-Bz, aThr/Thr",3,1,0,C17H25N5O7,411.410455,Streptomyces sp. YM5-799,1,0,0,0,1,0,0,0,0,0,0,0,0,0,0,0,Actinomycetota,,diOH-Bz,,,,,,,"Matsuo, Yoshihide, et al. ""Streptobactin, a tricatechol-type siderophore from marine-derived Streptomyces sp. YM5-799."" Journal of natural products 74.11 (2011): 2371-2376.",,,,,,17,25,5,7,0,0.68,3.4,2.428571429,0,Shaohua Gu; Ruolin He,1,25,1,-1.886,4.775464964
209,Untitled siderophore 2,,1,0,2,0,0,0,0,0,0,1,0,0,0,0,0,6,Alpha-Aminocarboxylate/Catecholate,NRPS,CC(O)C(NC(=O)C(CCCNC(=N)N)NC(=O)c1cccc(O)c1O)C(=O)NC(C(=O)O)C(C)OC(=O)C(NC(=O)C(CCCNC(=N)N)NC(=O)c1cccc(O)c1O)C(C)O,"Arg, diOH-Bz, aThr/Thr, aThr/Thr, Arg, diOH-Bz, aThr/Thr",7,1,0,C38H55N11O15,905.909683,Streptomyces lilacinus NRRL B-1968,1,0,0,0,1,0,0,0,0,0,0,0,0,0,0,0,Actinomycetota,,diOH-Bz,,,,,,,"Albright, Jessica C., et al. ""Strain-specific proteogenomics accelerates the discovery of natural products via their biosynthetic pathways."" Journal of Industrial Microbiology and Biotechnology 41.2 (2014): 451-459.","Albright, Jessica C., et al. ""Strain-specific proteogenomics accelerates the discovery of natural products via their biosynthetic pathways."" Journal of Industrial Microbiology and Biotechnology 41.2 (2014): 451-459.",,,,,38,55,11,15,0,0.690909091,3.454545455,2.533333333,0,Ruolin He,1,25,2,-2.707,3.453959198
211,Dibenarthin,,1,0,2,0,0,0,0,0,0,1,0,0,0,0,0,6,Alpha-Aminocarboxylate/Catecholate,NRPS,C[C@@H](O)[C@H](NC(=O)[C@H](CCCNC(=N)N)NC(=O)c1cccc(O)c1O)C(=O)O[C@H](C)[C@H](NC(=O)[C@H](CCCNC(=N)N)NC(=O)c1cccc(O)c1O)C(=O)O,"Arg, diOH-Bz, Arg, diOH-Bz, aThr/Thr, aThr/Thr",6,1,0,C34H48N10O13,804.805623,Streptomyces sp. YM5-799,1,0,0,0,1,0,0,0,0,0,0,0,0,0,0,0,Actinomycetota,,diOH-Bz,,,,,,,"Matsuo, Yoshihide, et al. ""Streptobactin, a tricatechol-type siderophore from marine-derived Streptomyces sp. YM5-799."" Journal of natural products 74.11 (2011): 2371-2376.",,,,,,34,48,10,13,0,0.708333333,3.4,2.615384615,0,Shaohua Gu; Ruolin He,1,25,4,-2.864,3.622011618
210,Tribenarthin,,1,0,3,0,0,0,0,0,0,0,0,0,0,0,0,6,Catecholate,Putative NRPS,C[C@@H](O)[C@H](NC(=O)[C@H](CCCNC(=N)N)NC(=O)c1cccc(O)c1O)C(=O)O[C@H](C)[C@H](NC(=O)[C@H](CCCNC(=N)N)NC(=O)c1cccc(O)c1O)C(=O)O[C@H](C)[C@H](NC(=O)[C@H](CCCNC(=N)N)NC(=O)c1cccc(O)c1O)C(=O)O,"aThr/Thr, Arg, aThr/Thr, aThr/Thr, Arg, Arg, diOH-Bz, diOH-Bz, diOH-Bz",9,1,0,C51H71N15O19,1198.200791,Streptomyces sp. YM5-799,1,0,0,0,1,0,0,0,0,0,0,0,0,0,0,0,Actinomycetota,,diOH-Bz,,,,,,,"Matsuo, Yoshihide, et al. ""Streptobactin, a tricatechol-type siderophore from marine-derived Streptomyces sp. YM5-799."" Journal of natural products 74.11 (2011): 2371-2376.",,,,,,51,71,15,19,0,0.718309859,3.4,2.684210526,0,Shaohua Gu; Ruolin He,1,25,3,-3.467,3.091311911
825,Madurastatin G1,,1,0,0,1,0,0,0,0,0,0,0,0,0,0,0,1,Phenolate,NRPS,C[C@H](NC(=O)[C@@H](CO)NC(=O)c1ccccc1O)C(=O)NCCC(=O)O,"Ser, SA, bAla, Ala",4,1,0,C16H21N3O7,367.354545,Actinomadura sp. RB99,1,0,0,0,1,0,0,0,0,0,0,0,0,0,0,0,Actinomycetota,,,,,,,,,"Lee, Seoung Rak, et al. ""GNPS‐Guided Discovery of Madurastatin Siderophores from the Termite‐Associated Actinomadura sp. RB99."" Chemistry–A European Journal 28.36 (2022): e202200612.",,,,,,16,21,3,7,0,0.761904762,5.333333333,2.285714286,0,Ruolin He,1,51,1,-1.722,5.010050746
202,Amonabactin T732,,5,0,2,0,0,0,0,0,0,1,0,0,0,0,0,6,Alpha-Aminocarboxylate/Catecholate,NRPS,NC(CCCCNC(=O)c1cccc(O)c1O)C(=O)NC(CCCCNC(=O)c1cccc(O)c1O)C(=O)NC(Cc1c[nH]c2ccccc12)C(=O)O,"Lys, Lys, Trp, diOH-Bz, diOH-Bz",5,1,0,C37H44N6O10,732.781052,Aeromonas hydrophila ATCC 7966; Stutzerimonas stutzeri JM 300; Stutzerimonas stutzeri DSM 50238; Pseudomonas balearica DSM 6082; Aeromonas salmonicida subsp. Salmonicida,1,0,0,0,0,0,0,1,0,0,0,0,0,0,0,0,Pseudomonadota,,diOH-Bz,,,,,,,"Telford, Jason R., and Kenneth N. Raymond. ""Coordination chemistry of the amonabactins, bis (catecholate) siderophores from Aeromonas hydrophila."" Inorganic chemistry 37.18 (1998): 4578-4583.; Zawadzka, Anna M., et al. ""Identification of siderophores of Pseudomonas stutzeri."" Canadian journal of microbiology 52.12 (2006): 1164-1176.; Rey-Varela, Diego, et al. ""The outer membrane protein FstC of Aeromonas salmonicida subsp. salmonicida acts as receptor for amonabactin siderophores and displays a wide ligand plasticity. Structure–activity relationships of synthetic amonabactin analogues."" ACS Infectious Diseases 5.11 (2019): 1936-1951.","Balado, Miguel, et al. ""Two catechol siderophores, acinetobactin and amonabactin, are simultaneously produced by Aeromonas salmonicida subsp. salmonicida sharing part of the biosynthetic pathway."" ACS chemical biology 10.12 (2015): 2850-2860.",,,,,37,44,6,10,0,0.840909091,6.166666667,3.7,0,Shaohua Gu; Ruolin He,1,34,1,-4.215,3.761881458
203,Amonabactin T,Amonabactin T789,5,0,2,0,0,0,0,0,0,1,0,0,0,0,0,6,Alpha-Aminocarboxylate/Catecholate,NRPS,N[C@@H](CCCCNC(=O)CCNC(=O)c1cccc(O)c1O)C(=O)N[C@H](CCCCNC(=O)c1cccc(O)c1O)C(=O)N[C@H](Cc1c[nH]c2ccccc12)C(=O)O,"Lys, Lys, diOH-Bz, bAla, Trp, diOH-Bz",6,1,0,C40H49N7O11,803.859085,Aeromonas hydrophila ATCC 7966; Stutzerimonas stutzeri JM 300; Stutzerimonas stutzeri DSM 50238; Pseudomonas balearica DSM 6082; Aeromonas salmonicida subsp. Salmonicida,1,0,0,0,0,0,0,1,0,0,0,0,0,0,0,0,Pseudomonadota,,diOH-Bz,,,,,,,"Barghouthi, S., et al. ""Amonabactin, a novel tryptophan-or phenylalanine-containing phenolate siderophore in Aeromonas hydrophila."" Journal of bacteriology 171.4 (1989): 1811-1816.; Telford, Jason R., and Kenneth N. Raymond. ""Coordination chemistry of the amonabactins, bis (catecholate) siderophores from Aeromonas hydrophila."" Inorganic chemistry 37.18 (1998): 4578-4583.; Stintzi, Alain, and Kenneth N. Raymond. ""Amonabactin-mediated iron acquisition from transferrin and lactoferrin by Aeromonas hydrophila: direct measurement of individual microscopic rate constants."" JBIC Journal of Biological Inorganic Chemistry 5 (2000): 57-66.; Zawadzka, Anna M., et al. ""Identification of siderophores of Pseudomonas stutzeri."" Canadian journal of microbiology 52.12 (2006): 1164-1176.; Rey-Varela, Diego, et al. ""The outer membrane protein FstC of Aeromonas salmonicida subsp. salmonicida acts as receptor for amonabactin siderophores and displays a wide ligand plasticity. Structure–activity relationships of synthetic amonabactin analogues."" ACS Infectious Diseases 5.11 (2019): 1936-1951.","Balado, Miguel, et al. ""Two catechol siderophores, acinetobactin and amonabactin, are simultaneously produced by Aeromonas salmonicida subsp. salmonicida sharing part of the biosynthetic pathway."" ACS chemical biology 10.12 (2015): 2850-2860.","Hider, Robert C., and Xiaole Kong. ""Chemistry and biology of siderophores."" Natural product reports 27.5 (2010): 637-657.",34.5,26,,40,49,7,11,0,0.816326531,5.714285714,3.636363636,0,Shaohua Gu; Ruolin He,1,34,2,-4.171,3.62372958
206,Amonabactin P,Amonabactin P750,5,0,2,0,0,0,0,0,0,1,0,0,0,0,0,6,Alpha-Aminocarboxylate/Catecholate,NRPS,NC(CCCCNC(=O)CNC(=O)c1cccc(O)c1O)C(=O)NC(CCCCNC(=O)c1cccc(O)c1O)C(=O)NC(Cc1ccccc1)C(=O)O,"Phe, Lys, Lys, Gly, diOH-Bz, diOH-Bz",6,1,0,C37H46N6O11,750.796339,Aeromonas hydrophila ATCC 7966; Stutzerimonas stutzeri JM 300; Stutzerimonas stutzeri DSM 50238; Pseudomonas balearica DSM 6082; Aeromonas salmonicida subsp. Salmonicida,1,0,0,0,0,0,0,1,0,0,0,0,0,0,0,0,Pseudomonadota,,diOH-Bz,,,,,,,"Barghouthi, S., et al. ""Amonabactin, a novel tryptophan-or phenylalanine-containing phenolate siderophore in Aeromonas hydrophila."" Journal of bacteriology 171.4 (1989): 1811-1816.; Telford, Jason R., and Kenneth N. Raymond. ""Coordination chemistry of the amonabactins, bis (catecholate) siderophores from Aeromonas hydrophila."" Inorganic chemistry 37.18 (1998): 4578-4583.; Stintzi, Alain, and Kenneth N. Raymond. ""Amonabactin-mediated iron acquisition from transferrin and lactoferrin by Aeromonas hydrophila: direct measurement of individual microscopic rate constants."" JBIC Journal of Biological Inorganic Chemistry 5 (2000): 57-66.; Zawadzka, Anna M., et al. ""Identification of siderophores of Pseudomonas stutzeri."" Canadian journal of microbiology 52.12 (2006): 1164-1176.; Rey-Varela, Diego, et al. ""The outer membrane protein FstC of Aeromonas salmonicida subsp. salmonicida acts as receptor for amonabactin siderophores and displays a wide ligand plasticity. Structure–activity relationships of synthetic amonabactin analogues."" ACS Infectious Diseases 5.11 (2019): 1936-1951.","Balado, Miguel, et al. ""Two catechol siderophores, acinetobactin and amonabactin, are simultaneously produced by Aeromonas salmonicida subsp. salmonicida sharing part of the biosynthetic pathway."" ACS chemical biology 10.12 (2015): 2850-2860.",,,,,37,46,6,11,0,0.804347826,6.166666667,3.363636364,0,Shaohua Gu; Ruolin He,1,34,3,-3.792,3.725056339
207,Amonabactin P693,,5,0,2,0,0,0,0,0,0,1,0,0,0,0,0,6,Alpha-Aminocarboxylate/Catecholate,NRPS,N[C@@H](CCCCNC(=O)c1cccc(O)c1O)C(=O)N[C@@H](CCCCNC(=O)c1cccc(O)c1O)C(=O)N[C@H](Cc1ccccc1)C(=O)O,"Lys, Lys, diOH-Bz, Phe, diOH-Bz",5,1,0,C35H43N5O10,693.744928,Aeromonas hydrophila ATCC 7966; Stutzerimonas stutzeri JM 300; Stutzerimonas stutzeri DSM 50238; Pseudomonas balearica DSM 6082; Aeromonas salmonicida subsp. Salmonicida,1,0,0,0,0,0,0,1,0,0,0,0,0,0,0,0,Pseudomonadota,,diOH-Bz,,,,,,,"Telford, Jason R., and Kenneth N. Raymond. ""Coordination chemistry of the amonabactins, bis (catecholate) siderophores from Aeromonas hydrophila."" Inorganic chemistry 37.18 (1998): 4578-4583.; Zawadzka, Anna M., et al. ""Identification of siderophores of Pseudomonas stutzeri."" Canadian journal of microbiology 52.12 (2006): 1164-1176.; Rey-Varela, Diego, et al. ""The outer membrane protein FstC of Aeromonas salmonicida subsp. salmonicida acts as receptor for amonabactin siderophores and displays a wide ligand plasticity. Structure–activity relationships of synthetic amonabactin analogues."" ACS Infectious Diseases 5.11 (2019): 1936-1951.","Balado, Miguel, et al. ""Two catechol siderophores, acinetobactin and amonabactin, are simultaneously produced by Aeromonas salmonicida subsp. salmonicida sharing part of the biosynthetic pathway."" ACS chemical biology 10.12 (2015): 2850-2860.",,,,,35,43,5,10,0,0.813953488,7,3.5,0,Shaohua Gu; Ruolin He,1,34,4,-3.888,3.846440967
160,Azotochelin,,1,0,2,0,0,0,0,0,0,1,0,0,0,0,0,6,Alpha-Aminocarboxylate/Catecholate,NRPS,O=C(NCCCC[C@H](NC(=O)c1cccc(O)c1O)C(=O)O)c1cccc(O)c1O,"Lys, diOH-Bz, diOH-Bz",3,1,0,C20H22N2O8,418.398148,Azotobacter vinelandii,1,0,0,0,0,0,0,1,0,0,0,0,0,0,0,0,Pseudomonadota,,diOH-Bz,,,,,,,"Duhme, A-K., et al. ""The stability of the molybdenum-azotochelin complex and its effect on siderophore production in Azotobacter vinelandii."" JBIC Journal of Biological Inorganic Chemistry 3 (1998): 520-526.; Hider, Robert C., and Xiaole Kong. ""Chemistry and biology of siderophores."" Natural product reports 27.5 (2010): 637-657.",,,,,,20,22,2,8,0,0.909090909,10,2.5,0,Shaohua Gu; Ruolin He,1,34,5,-3.182,4.741692795
161,Protochelin,,1,0,3,0,0,0,0,0,0,0,0,0,0,0,0,6,Catecholate,NRPS,O=C(NCCCCNC(=O)C(CCCCNC(=O)c1cccc(O)c1O)NC(=O)c1cccc(O)c1O)c1cccc(O)c1O,"Put, Lys, diOH-Bz, diOH-Bz, diOH-Bz",5,1,0,C31H36N4O10,624.639678,Azotobacter vinelandii,1,0,0,0,0,0,0,1,0,0,0,0,0,0,0,0,Pseudomonadota,,diOH-Bz,,,,,,,"Duhme, A-K., et al. ""The stability of the molybdenum-azotochelin complex and its effect on siderophore production in Azotobacter vinelandii."" JBIC Journal of Biological Inorganic Chemistry 3 (1998): 520-526.; Hider, Robert C., and Xiaole Kong. ""Chemistry and biology of siderophores."" Natural product reports 27.5 (2010): 637-657.","Baars, Oliver, et al. ""The siderophore metabolome of Azotobacter vinelandii."" Applied and environmental microbiology 82.1 (2016): 27-39.",,,,,31,36,4,10,0,0.861111111,7.75,3.1,0,Shaohua Gu; Ruolin He,1,34,6,-4.313,4.01476627
162,Protochelin B,,1,0,3,0,0,0,0,0,0,0,0,0,0,0,0,6,Catecholate,NRPS,O=C(NCCCCC(NC(=O)c1cccc(O)c1O)C(=O)NCCCNC(=O)c1cccc(O)c1O)c1cccc(O)c1O,"DAP, Lys, diOH-Bz, diOH-Bz, diOH-Bz",5,1,0,C30H34N4O10,610.613056,Azotobacter vinelandii,1,0,0,0,0,0,0,1,0,0,0,0,0,0,0,0,Pseudomonadota,,diOH-Bz,,,,,,,"Baars, Oliver, et al. ""The siderophore metabolome of Azotobacter vinelandii."" Applied and environmental microbiology 82.1 (2016): 27-39.","Baars, Oliver, et al. ""The siderophore metabolome of Azotobacter vinelandii."" Applied and environmental microbiology 82.1 (2016): 27-39.",,,,,30,34,4,10,0,0.882352941,7.5,3,0,Shaohua Gu; Ruolin He,1,34,7,-4.215,4.05231723
850,Protochelin C,,1,0,2,0,0,0,0,0,0,0,0,0,0,0,0,4,Catecholate,NRPS,NCCCCC(NC(=O)c1cccc(O)c1O)C(=O)NCCCCNC(=O)c1cccc(O)c1O,"Put, Lys, diOH-Bz, diOH-Bz",4,1,0,C24H32N4O7,488.534519,Azotobacter vinelandii,1,0,0,0,0,0,0,1,0,0,0,0,0,0,0,0,Pseudomonadota,,diOH-Bz,,,,,,,"Baars, Oliver, et al. ""The siderophore metabolome of Azotobacter vinelandii."" Applied and environmental microbiology 82.1 (2016): 27-39.","Baars, Oliver, et al. ""The siderophore metabolome of Azotobacter vinelandii."" Applied and environmental microbiology 82.1 (2016): 27-39.",,,,,24,32,4,7,0,0.75,6,3.428571429,0,Ruolin He,1,34,8,-2.954,4.443698489
163,Cepaciachelin,Protochelin E,2,0,2,0,0,0,0,0,0,0,0,0,0,0,0,4,Catecholate,NRPS,NCCCCNC(=O)C(CCCCNC(=O)c1cccc(O)c1O)NC(=O)c1cccc(O)c1O,"Lys, diOH-Bz, diOH-Bz, Put",4,1,0,C24H32N4O7,488.534519,Burkholderia ambifaria AMMD; Azotobacter vinelandii,1,0,0,0,0,0,0,1,0,0,0,0,0,0,0,0,Pseudomonadota,,diOH-Bz,,,,,,,"Barelmann, I., et al. ""Cepaciachelin, a new catecholate siderophore from Burkholderia (Pseudomonas) cepacia."" Zeitschrift für Naturforschung C 51.9-10 (1996): 627-630.; Baars, Oliver, et al. ""The siderophore metabolome of Azotobacter vinelandii."" Applied and environmental microbiology 82.1 (2016): 27-39.; Esmaeel, Qassim, et al. ""Burkholderia genome mining for nonribosomal peptide synthetases reveals a great potential for novel siderophores and lipopeptides synthesis."" MicrobiologyOpen 5.3 (2016): 512-526.","Esmaeel, Qassim, et al. ""Burkholderia genome mining for nonribosomal peptide synthetases reveals a great potential for novel siderophores and lipopeptides synthesis."" MicrobiologyOpen 5.3 (2016): 512-526.",,,,,24,32,4,7,0,0.75,6,3.428571429,0,Ruolin He,1,34,9,-2.954,4.443698489
201,Streptobactin,Griseobactin,5,0,3,0,0,0,0,0,0,0,0,0,0,0,0,6,Catecholate,NRPS,C[C@H]1OC(=O)[C@@H](NC(=O)[C@H](CCCNC(=N)N)NC(=O)c2cccc(O)c2O)[C@@H](C)OC(=O)[C@@H](NC(=O)[C@H](CCCNC(=N)N)NC(=O)c2cccc(O)c2O)[C@@H](C)OC(=O)[C@H]1NC(=O)[C@H](CCCNC(=N)N)NC(=O)c1cccc(O)c1O,"aThr/Thr, aThr/Thr, Arg, diOH-Bz, Arg, diOH-Bz, Arg, diOH-Bz, aThr/Thr",9,1,0,C51H69N15O18,1180.185504,Streptomyces sp. YM5-799; Streptomyces sp. ATCC 700974; Streptomyces griseus; Streptomyces lilacinus NRRL B-1968; Streptomyces sp. MBT76,1,0,0,0,1,0,0,0,0,0,0,0,0,0,0,0,Actinomycetota,,diOH-Bz,,,,,,,"Patzer, Silke I., and Volkmar Braun. ""Gene cluster involved in the biosynthesis of griseobactin, a catechol-peptide siderophore of Streptomyces sp. ATCC 700974."" Journal of bacteriology 192.2 (2010): 426-435.; Matsuo, Yoshihide, et al. ""Streptobactin, a tricatechol-type siderophore from marine-derived Streptomyces sp. YM5-799."" Journal of natural products 74.11 (2011): 2371-2376.; Albright, Jessica C., et al. ""Strain-specific proteogenomics accelerates the discovery of natural products via their biosynthetic pathways."" Journal of Industrial Microbiology and Biotechnology 41.2 (2014): 451-459.; Gubbens, Jacob, et al. ""Intertwined Precursor Supply during Biosynthesis of the Catecholate–Hydroxamate Siderophores Qinichelins in Streptomyces sp. MBT76."" ACS Chemical Biology 12.11 (2017): 2756-2766.","Albright, Jessica C., et al. ""Strain-specific proteogenomics accelerates the discovery of natural products via their biosynthetic pathways."" Journal of Industrial Microbiology and Biotechnology 41.2 (2014): 451-459.",,,,,51,69,15,18,0,0.739130435,3.4,2.833333333,0,Shaohua Gu; Ruolin He,1,24,4,-4.631,3.109801014
200,Cyclic trichrysobactin,,2,0,3,0,0,0,0,0,0,0,0,0,0,0,0,6,Catecholate,NRPS,NCCCC[C@@H](NC(=O)c1cccc(O)c1O)C(=O)N[C@H]1COC(=O)[C@@H](NC(=O)[C@@H](CCCCN)NC(=O)c2cccc(O)c2O)COC(=O)[C@@H](NC(=O)[C@@H](CCCCN)NC(=O)c2cccc(O)c2O)COC1=O,"Lys, diOH-Bz, Lys, diOH-Bz, Ser, Ser, Ser, Lys, diOH-Bz",9,1,0,C48H63N9O18,1054.06542,Dickeya chrysanthemi EC16; Serratia sp.,1,0,0,0,0,0,0,1,0,0,0,0,0,0,0,0,Pseudomonadota,,diOH-Bz,,,,,,,"Sandy, Moriah, and Alison Butler. ""Chrysobactin siderophores produced by Dickeya chrysanthemi EC16."" Journal of natural products 74.5 (2011): 1207-1212.; Ganley, Jack G., et al. ""A systematic analysis of mosquito-microbiome biosynthetic gene clusters reveals antimalarial siderophores that reduce mosquito reproduction capacity."" Cell Chemical Biology 27.7 (2020): 817-826.","Stow, Parker R., et al. ""Genomics-driven discovery of chiral triscatechol siderophores with enantiomeric Fe (iii) coordination."" Chemical Science 12.37 (2021): 12485-12493.",,,,,48,63,9,18,0,0.761904762,5.333333333,2.666666667,0,Shaohua Gu; Ruolin He,1,24,3,-3.803,3.251802582
199,Amphi-enterobactin C12-OH,,1,0,3,0,0,0,0,0,0,0,0,0,0,0,0,6,Catecholate,NRPS,CCCCCCCCCC(O)CC(=O)NC1COC(=O)C(NC(=O)c2cccc(O)c2O)COC(=O)C(NC(=O)c2cccc(O)c2O)COC(=O)C(NC(=O)c2cccc(O)c2O)COC1=O,"Ser, Ser, diOH-Bz, Ser, diOH-Bz, C12:0-OH(3), Ser, diOH-Bz",8,1,0,C45H54N4O19,954.927621,Vibrio harveyi,1,0,0,0,0,0,0,1,0,0,0,0,0,0,0,0,Pseudomonadota,,diOH-Bz,,,,,,,"Zane, Hannah K., et al. ""Biosynthesis of amphi-enterobactin siderophores by Vibrio harveyi BAA-1116: identification of a bifunctional nonribosomal peptide synthetase condensation domain."" Journal of the American Chemical Society 136.15 (2014): 5615-5618.",,,,,,45,54,4,19,0,0.833333333,11.25,2.368421053,0,Ruolin He,1,24,2,-5.326,3.382031858
198,Amphi-enterobactin,,1,0,3,0,0,0,0,0,0,0,0,0,0,0,0,6,Catecholate,NRPS,CCCCCCCCCCCC(=O)NC1COC(=O)C(NC(=O)c2cccc(O)c2O)COC(=O)C(NC(=O)c2cccc(O)c2O)COC(=O)C(NC(=O)c2cccc(O)c2O)COC1=O,"Ser, Ser, Ser, diOH-Bz, diOH-Bz, Ser, C12:0, diOH-Bz",8,1,0,C45H54N4O18,938.928216,Vibrio harveyi,1,0,0,0,0,0,0,1,0,0,0,0,0,0,0,0,Pseudomonadota,,diOH-Bz,,,,,,,"Zane, Hannah K., et al. ""Biosynthesis of amphi-enterobactin siderophores by Vibrio harveyi BAA-1116: identification of a bifunctional nonribosomal peptide synthetase condensation domain."" Journal of the American Chemical Society 136.15 (2014): 5615-5618.",,,,,,45,54,4,18,0,0.833333333,11.25,2.5,0,Ruolin He,1,24,1,-5.997,3.404905178
197,Petrocidin A,,1,0,1,0,0,0,0,0,0,0,0,0,0,0,0,2,Catecholate,Putative NRPS,CC(C)C[C@@H]1NC(=O)[C@H](NC(=O)c2cccc(O)c2O)CCCNC1=O,"Orn, diOH-Bz, Leu",3,1,0,C18H25N3O5,363.408979,Streptomyces sp. SBT348,1,0,0,0,1,0,0,0,0,0,0,0,0,0,0,0,Actinomycetota,,diOH-Bz,,,,,,,"Cheng, Cheng, et al. ""Isolation of petrocidin A, a new cytotoxic cyclic dipeptide from the marine sponge-derived bacterium Streptomyces sp. SBT348."" Marine drugs 15.12 (2017): 383.",,,,,,18,25,3,5,0,0.72,6,3.6,0,Ruolin He,1,23,1,-3.154,5.033113767
852,Protochelin F,,1,0,3,0,0,0,0,0,0,0,0,0,0,0,0,6,Catecholate,NRPS,O=C1NCCCCNC(=O)C(NC(=O)c2cccc(O)c2O)CCCCNC(=O)c2c(ccc(O)c2O)-c2cc(O)c(O)c1c2,"Lys, diOH-Bz, diOH-Bz, Put, diOH-Bz",5,1,0,C31H34N4O10,622.623796,Azotobacter vinelandii,1,0,0,0,0,0,0,1,0,0,0,0,0,0,0,0,Pseudomonadota,,diOH-Bz,,,,,,,"Baars, Oliver, et al. ""The siderophore metabolome of Azotobacter vinelandii."" Applied and environmental microbiology 82.1 (2016): 27-39.","Baars, Oliver, et al. ""The siderophore metabolome of Azotobacter vinelandii."" Applied and environmental microbiology 82.1 (2016): 27-39.",,,,,31,34,4,10,0,0.911764706,7.75,3.1,0,Ruolin He,1,23,2,-5.397,4.020086064
886,Salmochelin MGE,Monoglucosyl-enterobactin; MGE,2,0,3,0,0,0,0,0,0,0,0,0,0,0,0,6,Catecholate,NRPS,O=C(N[C@H]1COC(=O)[C@@H](NC(=O)c2cccc(O)c2O)COC(=O)[C@@H](NC(=O)c2cc([C@@H]3O[C@H](CO)[C@@H](O)[C@H](O)[C@H]3O)cc(O)c2O)COC1=O)c1cccc(O)c1O,"Ser, Ser, Ser, X0, diOH-Bz, diOH-Bz",6,0.644067797,1,C36H37N3O20,831.688666,Escherichia coli 83972; Escherichia coli χ7122,1,0,0,0,0,0,0,1,0,0,0,0,0,0,0,0,Pseudomonadota,,diOH-Bz,,,,,,,"Watts, Rebecca E., et al. ""Contribution of siderophore systems to growth and urinary tract colonization of asymptomatic bacteriuria Escherichia coli."" Infection and immunity 80.1 (2012): 333-344.; Caza, Mélissa, et al. ""Catecholate siderophore esterases Fes, IroD and IroE are required for salmochelins secretion following utilization, but only IroD contributes to virulence of extra‐intestinal pathogenic E scherichia coli."" Molecular microbiology 97.4 (2015): 717-732.",,,,,,36,37,3,20,0,0.972972973,12,1.8,0,Yanzhao Wu; Jiqi Shao; Ruolin He,1,16,3,-3.841,3.574422355
193,Salmochelin S4,Diglucosylated enterobactin; Diglucosyl-enterobactin,5,0,3,0,0,0,0,0,0,0,0,0,0,0,0,6,Catecholate,NRPS,O=C(N[C@H]1COC(=O)[C@@H](NC(=O)c2cc([C@@H]3O[C@H](CO)[C@@H](O)[C@H](O)[C@H]3O)cc(O)c2O)COC(=O)[C@@H](NC(=O)c2cc([C@@H]3O[C@H](CO)[C@@H](O)[C@H](O)[C@H]3O)cc(O)c2O)COC1=O)c1cccc(O)c1O,"Ser, Ser, Ser, diOH-Bz, X0, X0",6,0.4,2,C42H47N3O25,993.829541,Escherichia coli CFT073; Salmonella enterica subsp. enterica serovar Typhimurium str. TR7095 H5547; Escherichia coli χ7122; Escherichia coli Nissle 1917; Escherichia coli 83972,1,0,0,0,0,0,0,1,0,0,0,0,0,0,0,0,Pseudomonadota,,diOH-Bz,,,,,,,"Bister, Bojan, et al. ""The structure of salmochelins: C-glucosylated enterobactins of Salmonella enterica §."" Biometals 17 (2004): 471-481.; Lin, Hening, et al. ""In vitro characterization of salmochelin and enterobactin trilactone hydrolases IroD, IroE, and Fes."" Journal of the American Chemical Society 127.31 (2005): 11075-11084.; Valdebenito, Marianne, Silke I. Müller, and Klaus Hantke. ""Special conditions allow binding of the siderophore salmochelin to siderocalin (NGAL-lipocalin)."" FEMS microbiology letters 277.2 (2007): 182-187.; Caza, Mélissa, et al. ""Specific roles of the iroBCDEN genes in virulence of an avian pathogenic Escherichia coli O78 strain and in production of salmochelins."" Infection and immunity 76.8 (2008): 3539-3549.; Watts, Rebecca E., et al. ""Contribution of siderophore systems to growth and urinary tract colonization of asymptomatic bacteriuria Escherichia coli."" Infection and immunity 80.1 (2012): 333-344.",,,,,,42,47,3,25,0,0.893617021,14,1.68,0,Shaohua Gu; Ruolin He,1,16,1,-3.233,3.328676575
194,Enterobactin,Enterochelin,31,0,3,0,0,0,0,0,0,0,0,0,0,0,0,6,Catecholate,NRPS,O=C(N[C@H]1COC(=O)[C@@H](NC(=O)c2cccc(O)c2O)COC(=O)[C@@H](NC(=O)c2cccc(O)c2O)COC1=O)c1cccc(O)c1O,"Ser, Ser, Ser, diOH-Bz, diOH-Bz, diOH-Bz",6,1,0,C30H27N3O15,669.547791,Escherichia coli; Salmonella enterica subsp. enterica serovar Typhimurium str. SL1344; Salmonella typhimurium; Serratia marcescens; Serratia sp. Ag2; Escherichia coli 83972; Escherichia coli MG1655; Escherichia coli UTI89; Escherichia coli CFT073; Escherichia coli ASB1; Escherichia coli ASB2; Escherichia coli ASB3; Escherichia coli ASB4; Escherichia coli ASB5; Escherichia coli acute1; Escherichia coli acute1; Escherichia coli acute2; Escherichia coli acute3; Escherichia coli acute4; Escherichia coli rUTI1; Escherichia coli rUTI2; Escherichia coli rUTI3; Escherichia coli rUTI4; Escherichia coli rUTI5; Escherichia coli pyelo1; Escherichia coli pyelo2; Escherichia coli pyelo3; Escherichia coli pyelo4; Salmonella enterica subsp. enterica serovar Typhimurium str. 14028S; Escherichia coli χ7122; Escherichia coli S88,1,0,0,0,0,0,0,1,0,0,0,0,0,0,0,0,Pseudomonadota,,diOH-Bz,,,,,,,"O'brien, I. G., and F. Gibson. ""The structure of enterochelin and related 2, 3-dihydroxy-N-benzoyne conjugates from Eschericha coli."" Biochimica et Biophysica Acta (BBA)-General Subjects 215.2 (1970): 393-402.; Pollack, J. Ri, and J. B. Neilands. ""Enterobactin, an iron transport compound from Salmonella typhimurium."" Biochemical and biophysical research communications 38.5 (1970): 989-992.; Guterman, S. K., and L. Dann. ""Excretion of enterochelin by exbA and exbB mutants of Escherichia coli."" Journal of Bacteriology 114.3 (1973): 1225-1230.; Miles, A. A., and P. L. Khimji. ""Enterobacterial chelators of iron: their occurrence, detection, and relation to pathogenicity."" Journal of medical microbiology 8.4 (1975): 477-490.; Angerer, A. N. N. E. M. A. R. I. E., B. A. R. B. A. R. A. Klupp, and V. O. L. K. M. A. R. Braun. ""Iron transport systems of Serratia marcescens."" Journal of bacteriology 174.4 (1992): 1378-1387.; Gehring, Amy M., Kenneth A. Bradley, and Christopher T. Walsh. ""Enterobactin biosynthesis in Escherichia coli: isochorismate lyase (EntB) is a bifunctional enzyme that is phosphopantetheinylated by EntD and then acylated by EntE using ATP and 2, 3-dihydroxybenzoate."" Biochemistry 36.28 (1997): 8495-8503.; Clarke, Teresa E., et al. ""X-ray crystallographic structures of the Escherichia coli periplasmic protein FhuD bound to hydroxamate-type siderophores and the antibiotic albomycin."" Journal of Biological Chemistry 277.16 (2002): 13966-13972.; Bister, Bojan, et al. ""The structure of salmochelins: C-glucosylated enterobactins of Salmonella enterica §."" Biometals 17 (2004): 471-481.; Memon, B. A. ""Detection of siderophores by thin layer chromatography."" JOURNAL-CHEMICAL SOCIETY OF PAKISTAN 27.6 (2005): 658.; Crouch, Marie‐Laure V., et al. ""Biosynthesis and IroC‐dependent export of the siderophore salmochelin are essential for virulence of Salmonella enterica serovar Typhimurium."" Molecular microbiology 67.5 (2008): 971-983.; Henderson, Jeffrey P., et al. ""Quantitative metabolomics reveals an epigenetic blueprint for iron acquisition in uropathogenic Escherichia coli."" PLoS pathogens 5.2 (2009): e1000305.; Vagrali, Manjula A. ""Siderophore production by uropathogenic Escherichia coli."" Indian Journal of Pathology and Microbiology 52.1 (2009): 126-127.; D'Onofrio, Anthony, et al. ""Siderophores from neighboring organisms promote the growth of uncultured bacteria."" Chemistry & biology 17.3 (2010): 254-264.; Hider, Robert C., and Xiaole Kong. ""Chemistry and biology of siderophores."" Natural product reports 27.5 (2010): 637-657.; Robbel, Lars, et al. ""Erythrochelin–a hydroxamate‐type siderophore predicted from the genome of Saccharopolyspora erythraea."" The FEBS Journal 277.3 (2010): 663-676.; Sandy, Moriah, et al. ""Vanchrobactin and anguibactin siderophores produced by Vibrio sp. DS40M4."" Journal of natural products 73.6 (2010): 1038-1043.; Garénaux, Amélie, Mélissa Caza, and Charles M. Dozois. ""The Ins and Outs of siderophore mediated iron uptake by extra-intestinal pathogenic Escherichia coli."" Veterinary microbiology 153.1-2 (2011): 89-98.; Schmiederer, Timo, et al. ""The E. coli Siderophores Enterobactin and Salmochelin Form Six‐Coordinate Silicon Complexes at Physiological pH."" Angewandte Chemie International Edition 18.50 (2011): 4230-4233.; Watts, Rebecca E., et al. ""Contribution of siderophore systems to growth and urinary tract colonization of asymptomatic bacteriuria Escherichia coli."" Infection and immunity 80.1 (2012): 333-344.; Achard, Maud ES, et al. ""An antioxidant role for catecholate siderophores in Salmonella."" Biochemical Journal 454.3 (2013): 543-549.; Caza, Mélissa, et al. ""Catecholate siderophore esterases Fes, IroD and IroE are required for salmochelins secretion following utilization, but only IroD contributes to virulence of extra‐intestinal pathogenic E scherichia coli."" Molecular microbiology 97.4 (2015): 717-732.; Genuini, Mathieu, et al. ""ShiF acts as an auxiliary factor of aerobactin secretion in meningitis Escherichia coli strain S88."" BMC microbiology 19 (2019): 1-8.; Ganley, Jack G., et al. ""A systematic analysis of mosquito-microbiome biosynthetic gene clusters reveals antimalarial siderophores that reduce mosquito reproduction capacity."" Cell Chemical Biology 27.7 (2020): 817-826.",,"Hider, Robert C., and Xiaole Kong. ""Chemistry and biology of siderophores."" Natural product reports 27.5 (2010): 637-657.",49,35.5,-750,30,27,3,15,0,1.111111111,10,2,0,Shaohua Gu; Ruolin He,1,16,2,-5.36,3.902458132
196,Paenibactin,,1,0,3,0,0,0,0,0,0,0,0,0,0,0,0,6,Catecholate,NRPS,CC(NC(=O)c1cccc(O)c1O)C(=O)NC1C(=O)OC(C)C(NC(=O)C(C)NC(=O)c2cccc(O)c2O)C(=O)OC(C)C(NC(=O)C(C)NC(=O)c2cccc(O)c2O)C(=O)OC1C,"aThr/Thr, Ala, Ala, diOH-Bz, aThr/Thr, aThr/Thr, diOH-Bz, Ala, diOH-Bz",9,1,0,C42H48N6O18,924.861756,Paenibacillus elgii,1,0,0,0,0,0,1,0,0,0,0,0,0,0,0,0,Bacillota,,diOH-Bz,,,,,,,"Wen, Yanping, et al. ""Identification and analysis of the gene cluster involved in biosynthesis of paenibactin, a catecholate siderophore produced by Paenibacillus elgii B69."" Environmental microbiology 13.10 (2011): 2726-2737.",,,,,,42,48,6,18,0,0.875,7,2.333333333,0,Shaohua Gu; Ruolin He,1,22,4,-5.344,3.425490185
195,Bacillibactin,,5,0,3,0,0,0,0,0,0,0,0,0,0,0,0,6,Catecholate,NRPS,C[C@H]1OC(=O)[C@@H](NC(=O)CNC(=O)c2cccc(O)c2O)[C@@H](C)OC(=O)[C@@H](NC(=O)CNC(=O)c2cccc(O)c2O)[C@@H](C)OC(=O)[C@H]1NC(=O)CNC(=O)c1cccc(O)c1O,"aThr/Thr, aThr/Thr, Gly, diOH-Bz, Gly, diOH-Bz, aThr/Thr, Gly, diOH-Bz",9,1,0,C39H42N6O18,882.78189,Bacillus anthracis; Bacillus cereus; Bacillus thuringiensis; Paenibacillus larvae; Bacillus sp. PKU-MA00093,1,0,0,0,0,0,1,0,0,0,0,0,0,0,0,0,Bacillota,,diOH-Bz,,,,,,,"Wilson, Melissa K., et al. ""Siderophores of Bacillus anthracis, Bacillus cereus, and Bacillus thuringiensis."" Biochemical and biophysical research communications 348.1 (2006): 320-325.; Hertlein, Gillian, et al. ""Production of the catechol type siderophore bacillibactin by the honey bee pathogen Paenibacillus larvae."" PLoS One 9.9 (2014): e108272.; Zhou, Mengjie, et al. ""Bacillibactin and bacillomycin analogues with cytotoxicities against human cancer cell lines from marine Bacillus sp. PKU-MA00093 and PKU-MA00092."" Marine Drugs 16.1 (2018): 22.","Hertlein, Gillian, et al. ""Production of the catechol type siderophore bacillibactin by the honey bee pathogen Paenibacillus larvae."" PLoS One 9.9 (2014): e108272.",,,,,39,42,6,18,0,0.928571429,6.5,2.166666667,0,Shaohua Gu; Ruolin He,1,22,3,-4.933,3.48990277
747,Bacillibactin F,,1,0,2,0,0,0,0,0,0,0,0,0,0,0,0,4,Catecholate,NRPS,C[C@H]1OC(=O)[C@@H](NC(=O)CNC(=O)c2cccc(O)c2O)[C@@H](C)OC(=O)[C@@H](NC(=O)CNC(=O)c2cccc(O)c2O)[C@@H](C)OC(=O)[C@H]1NC(=O)CNC(=O)c1ccccc1,"Gly, diOH-Bz, Gly, Bz, Gly, diOH-Bz, aThr/Thr, aThr/Thr, aThr/Thr",9,1,0,C39H42N6O16,850.78308,Bacillus sp.,1,0,0,0,0,0,1,0,0,0,0,0,0,0,0,0,Bacillota,,diOH-Bz,,,,,,,"Wu, Qihao, et al. ""Bacillibactins E and F from a Marine Sponge-Associated Bacillus sp."" Journal of natural products 84.1 (2020): 136-141.","Wu, Qihao, et al. ""Bacillibactins E and F from a Marine Sponge-Associated Bacillus sp."" Journal of natural products 84.1 (2020): 136-141.",,,,,39,42,6,16,0,0.928571429,6.5,2.4375,0,Ruolin He,1,22,1,-5.013,3.54196778
746,Bacillibactin E,,1,0,2,0,0,0,0,0,0,0,0,0,0,0,0,4,Catecholate,NRPS,C[C@H]1OC(=O)[C@@H](NC(=O)CNC(=O)c2cccc(O)c2O)[C@@H](C)OC(=O)[C@@H](NC(=O)CNC(=O)c2cccc(O)c2O)[C@@H](C)OC(=O)[C@H]1NC(=O)CNC(=O)c1cccnc1,"aThr/Thr, Gly, diOH-Bz, aThr/Thr, aThr/Thr, Gly, Nia, Gly, diOH-Bz",9,1,0,C38H41N7O16,851.771102,Bacillus sp.,1,0,0,0,0,0,1,0,0,0,0,0,0,0,0,0,Bacillota,,diOH-Bz,,,,,,,"Wu, Qihao, et al. ""Bacillibactins E and F from a Marine Sponge-Associated Bacillus sp."" Journal of natural products 84.1 (2020): 136-141.","Wu, Qihao, et al. ""Bacillibactins E and F from a Marine Sponge-Associated Bacillus sp."" Journal of natural products 84.1 (2020): 136-141.",,,,,38,41,7,16,0,0.926829268,5.428571429,2.375,0,Ruolin He,1,22,2,-4.729,3.540317494
178,Vulnibactin 3,,1,0,1,0,0,0,0,1,0,0,0,0,0,0,0,4,Catecholate/Hydroxyphenyloxazoline,NRPS,CC1OC(c2ccccc2O)=NC1C(=O)NCCCNCCCNC(=O)c1cccc(O)c1O,"NSpd, aThr/Thr, diOH-Bz, SA",4,1,0,C24H30N4O6,470.519232,Vibrio vulnificus,1,0,0,0,0,0,0,1,0,0,0,0,0,0,0,0,Pseudomonadota,,diOH-Bz,,SA+Thr,,,,,"Okujo, Noriyuki, et al. ""Structure of vulnibactin, a new polyamine-containing siderophore from Vibrio vulnificus."" Biometals 7 (1994): 109-116.; Okujo, Noriyuki, et al. ""Involvement of vulnibactin and exocellular protease in utilization of transferrin-and lactoferrin-bound iron by Vibrio vulnificus."" Microbiology and immunology 40.8 (1996): 595-598.; Ratledge, Colin, and Lynn G. Dover. ""Iron metabolism in pathogenic bacteria."" Annual reviews in microbiology 54.1 (2000): 881-941.","Tan, Wenzhi, et al. ""Molecular characterization of vulnibactin biosynthesis in Vibrio vulnificus indicates the existence of an alternative siderophore."" Frontiers in Microbiology 5 (2014): 1.",,,,,24,30,4,6,0,0.8,6,4,0,Ruolin He,1,20,4,-3.219,4.513884567
177,Serratiochelin A,Serratiochelin,2,0,2,0,0,0,0,1,0,0,0,0,0,0,1,5,Catecholate/Hydroxyphenyloxazoline,NRPS,C[C@H]1OC(c2cccc(O)c2O)=N[C@@H]1C(=O)NCCCNC(=O)c1cccc(O)c1O,"aThr/Thr, diOH-Bz, DAP, diOH-Bz",4,1,0,C21H23N3O7,429.424127,Serratia marcescens; Serratia sp. V4,1,0,0,0,0,0,0,1,0,0,0,0,0,0,0,0,Pseudomonadota,,diOH-Bz,,diOH-Bz+Ser,,,,,"Ehlert, G., K. Taraz, and H. Budzikiewicz. ""Serratiochelin, a new catecholate siderophore from Serratia marcescens."" Zeitschrift Für Naturforschung C 49.1-2 (1994): 11-17.; Seyedsayamdost, Mohammad R., et al. ""Mixing and matching siderophore clusters: structure and biosynthesis of serratiochelins from Serratia sp. V4."" Journal of the American Chemical Society 134.33 (2012): 13550-13553.","Seyedsayamdost, Mohammad R., et al. ""Mixing and matching siderophore clusters: structure and biosynthesis of serratiochelins from Serratia sp. V4."" Journal of the American Chemical Society 134.33 (2012): 13550-13553.",,,,,21,23,3,7,0,0.913043478,7,3,0,Shaohua Gu; Ruolin He,1,20,3,-3.702,4.690081602
176,Photobactin,,1,0,1,0,0,0,0,1,0,0,0,0,0,0,0,4,Catecholate/Hydroxyphenyloxazoline,Putative NRPS,CC1OC(c2cccc(O)c2O)=NC1C(=O)NCCCCNC(=O)c1cccc(O)c1O,"aThr/Thr, diOH-Bz, Put, diOH-Bz",4,1,0,C22H25N3O7,443.450749,Photorhabdus luminescens,1,0,0,0,0,0,0,1,0,0,0,0,0,0,0,0,Pseudomonadota,,diOH-Bz,,diOH-Bz+Thr,,,,,"Ciche, Todd A., et al. ""Photobactin: a catechol siderophore produced by Photorhabdus luminescens, an entomopathogen mutually associated with Heterorhabditis bacteriophora NC1 nematodes."" Applied and Environmental Microbiology 69.8 (2003): 4706-4713.",,,,,,22,25,3,7,0,0.88,7.333333333,3.142857143,0,Ruolin He,1,20,2,-3.808,4.627212764
183,Vibriobactin,,2,0,3,0,0,0,0,2,0,0,0,0,0,0,2,8,Catecholate/Hydroxyphenyloxazoline,NRPS,C[C@@H]1OC(c2cccc(O)c2O)=N[C@H]1C(=O)NCCCN(CCCNC(=O)c1cccc(O)c1O)C(=O)[C@H]1N=C(c2cccc(O)c2O)O[C@@H]1C,"aThr/Thr, diOH-Bz, NSpd, diOH-Bz, aThr/Thr, diOH-Bz",6,1,0,C35H39N5O11,705.712569,Vibrio anguillarum; Vibrio cholerae,1,0,0,0,0,0,0,1,0,0,0,0,0,0,0,0,Pseudomonadota,,diOH-Bz,,diOH-Bz+Thr,,,,,"Griffiths, G. L., et al. ""Vibriobactin, a siderophore from Vibrio cholerae."" Journal of Biological Chemistry 259.1 (1984): 383-385.; Haygood, Margo G., Pamela D. Holt, and Alison Butler. ""Aerobactin production by a planktonic marine Vibrio sp."" Limnology and Oceanography 38.5 (1993): 1091-1097.; Henderson, Douglas P., and Shelley M. Payne. ""Vibrio cholerae iron transport systems: roles of heme and siderophore iron transport in virulence and identification of a gene associated with multiple iron transport systems."" Infection and immunity 62.11 (1994): 5120-5125.; Ratledge, Colin, and Lynn G. Dover. ""Iron metabolism in pathogenic bacteria."" Annual reviews in microbiology 54.1 (2000): 881-941.; Li, Ning, et al. ""Unique iron coordination in iron-chelating molecule vibriobactin helps Vibrio cholerae evade mammalian siderocalin-mediated immune response."" Journal of Biological Chemistry 287.12 (2012): 8912-8919.","Keating, Thomas A., C. Gary Marshall, and Christopher T. Walsh. ""Vibriobactin biosynthesis in Vibrio cholerae: VibH is an amide synthase homologous to nonribosomal peptide synthetase condensation domains."" Biochemistry 39.50 (2000): 15513-15521.",,,,,35,39,5,11,0,0.897435897,7,3.181818182,0,Shaohua Gu; Ruolin He,1,20,9,-5.029,3.819786883
182,Fluvibactin,Fluviabactin,1,0,3,0,0,0,0,1,0,0,0,0,0,0,1,7,Catecholate/Hydroxyphenyloxazoline,Putative NRPS,C[C@H]1OC(c2cccc(O)c2O)=N[C@@H]1C(=O)N(CCCNC(=O)c1cccc(O)c1O)CCCNC(=O)c1cccc(O)c1O,"NSpd, diOH-Bz, aThr/Thr, diOH-Bz, diOH-Bz",5,1,0,C31H34N4O10,622.623796,Vibrio fluvialis AQ 0012,1,0,0,0,0,0,0,1,0,0,0,0,0,0,0,0,Pseudomonadota,,diOH-Bz,,diOH-Bz+Thr,,,,,"Ratledge, Colin, and Lynn G. Dover. ""Iron metabolism in pathogenic bacteria."" Annual reviews in microbiology 54.1 (2000): 881-941.",,,,,,31,34,4,10,0,0.911764706,7.75,3.1,0,Shaohua Gu; Ruolin He,1,20,8,-4.604,4.020086064
181,Agrobactin,,1,0,3,0,0,0,0,0,0,0,0,0,0,0,1,5,Catecholate,NRPS,C[C@H]1OC(c2cccc(O)c2O)=N[C@@H]1C(=O)N(CCCCNC(=O)c1cccc(O)c1O)CCCNC(=O)c1cccc(O)c1O,"Spd, diOH-Bz, aThr/Thr, diOH-Bz, diOH-Bz",5,1,0,C32H36N4O10,636.650418,Agrobacterium tumefaciens,1,0,0,0,0,0,0,1,0,0,0,0,0,0,0,0,Pseudomonadota,,diOH-Bz,,,,,,,"Ong, Sally A., T. Peterson, and J. B. Neilands. ""Agrobactin, a siderophore from Agrobacterium tumefaciens."" Journal of Biological Chemistry 254.6 (1979): 1860-1865.",,,,,,32,36,4,10,0,0.888888889,8,3.2,0,Shaohua Gu; Ruolin He,1,20,7,-4.701,3.983587814
180,Parabactin,,1,0,2,0,0,0,0,1,0,0,0,0,0,0,0,6,Catecholate/Hydroxyphenyloxazoline,NRPS,C[C@H]1OC(c2ccccc2O)=N[C@@H]1C(=O)N(CCCCNC(=O)c1cccc(O)c1O)CCCNC(=O)c1cccc(O)c1O,"aThr/Thr, SA, Spd, diOH-Bz, diOH-Bz",5,1,0,C32H36N4O9,620.651013,Paracoccus denitrificans,1,0,0,0,0,0,0,1,0,0,0,0,0,0,0,0,Pseudomonadota,,diOH-Bz,,SA+Thr,,,,,"Peterson, T., et al. ""Structure and behavior of spermidine siderophores."" Journal of the American Chemical Society 102.26 (1980): 7715-7718.",,,,,,32,36,4,9,0,0.888888889,8,3.555555556,0,Shaohua Gu; Ruolin He,1,20,6,-4.762,4.025316798
179,Vulnibactin,Vulnibactin 1,1,0,1,0,0,0,0,2,0,0,0,0,0,0,0,6,Catecholate/Hydroxyphenyloxazoline,NRPS,CC1OC(c2ccccc2O)=NC1C(=O)NCCCN(CCCNC(=O)c1cccc(O)c1O)C(=O)[C@H]1N=C(c2ccccc2O)O[C@@H]1C,"aThr/Thr, SA, NSpd, aThr/Thr, SA, diOH-Bz",6,1,0,C35H39N5O9,673.713759,Vibrio vulnificus,1,0,0,0,0,0,0,1,0,0,0,0,0,0,0,0,Pseudomonadota,,diOH-Bz,,SA+Thr,,,,,"Okujo, Noriyuki, et al. ""Structure of vulnibactin, a new polyamine-containing siderophore from Vibrio vulnificus."" Biometals 7 (1994): 109-116.; Okujo, Noriyuki, et al. ""Involvement of vulnibactin and exocellular protease in utilization of transferrin-and lactoferrin-bound iron by Vibrio vulnificus."" Microbiology and immunology 40.8 (1996): 595-598.; Ratledge, Colin, and Lynn G. Dover. ""Iron metabolism in pathogenic bacteria."" Annual reviews in microbiology 54.1 (2000): 881-941.","Tan, Wenzhi, et al. ""Molecular characterization of vulnibactin biosynthesis in Vibrio vulnificus indicates the existence of an alternative siderophore."" Frontiers in Microbiology 5 (2014): 1.",,,,,35,39,5,9,0,0.897435897,7,3.888888889,0,Shaohua Gu; Ruolin He,1,20,5,-5.118,3.89260306
185,Nigribactin,,1,0,2,0,0,0,0,1,0,0,0,0,0,0,0,6,Catecholate/Hydroxyphenyloxazoline,Putative NRPS,O=C(NCCCN(CCCNC(=O)c1cccc(O)c1O)C(=O)C1COC(c2ccccc2O)=N1)c1cccc(O)c1O,"NSpd, diOH-Bz, Ser, SA, diOH-Bz",5,1,0,C30H32N4O9,592.597769,Vibrio nigripulchritudo,1,0,0,0,0,0,0,1,0,0,0,0,0,0,0,0,Pseudomonadota,,diOH-Bz,,SA+Ser,,,,,"Nielsen, Anita, et al. ""Nigribactin, a novel siderophore from Vibrio nigripulchritudo, modulates Staphylococcus aureus virulence gene expression."" Marine drugs 10.11 (2012): 2584-2595.","Zhao, Yanxia, et al. ""Production of a fungal furocoumarin by a polyketide synthase gene cluster confers the chemo‐resistance of Neurospora crassa to the predation by fungivorous arthropods."" Environmental microbiology 19.10 (2017): 3920-3929.",,,,,30,32,4,9,0,0.9375,7.5,3.333333333,0,Shaohua Gu; Ruolin He,1,20,11,-4.491,4.102458463
184,Labrenzbactin,,1,0,2,1,0,0,0,1,0,0,0,0,0,0,1,6,Catecholate/Hydroxyphenyloxazoline/Phenolate,Putative NRPS,COc1cccc(C(=O)NCCCCN(CCCNC(=O)c2cccc(O)c2O)C(=O)[C@@H]2COC(c3cccc(O)c3O)=N2)c1O,"Ser, diOH-Bz, Spd, diOH-Bz, 2OH-3MeO-Bz",5,1,0,C32H36N4O10,636.650418,Labrenzia sp.,1,0,0,0,0,0,0,1,0,0,0,0,0,0,0,0,Pseudomonadota,,diOH-Bz,,diOH-Bz+Ser,,,,,"Raj Sharma, Amit, et al. ""Labrenzbactin from a coral-associated bacterium Labrenzia sp."" The Journal of Antibiotics 72.8 (2019): 634-639.",,,,,,32,36,4,10,0,0.888888889,8,3.2,0,Ruolin He,1,20,10,-4.412,3.983587814
175,Pseudochelin A,,1,0,2,0,0,0,0,0,0,0,0,0,0,0,0,4,Catecholate,NRPS,O=C(NCCCC[C@@H]1CN=C(c2cccc(O)c2O)N1)c1cccc(O)c1O,"Hex-1,2,6-triamine, 3Me-CAol, diOH-Bz",3,1,0,C20H23N3O5,385.414577,Pseudoalteromonas piscicida S2040,1,0,0,0,0,0,0,1,0,0,0,0,0,0,0,0,Pseudomonadota,,diOH-Bz,,,,,,,"Sonnenschein, Eva C., et al. ""Pseudochelin A, a siderophore of Pseudoalteromonas piscicida S2040."" Tetrahedron 73.18 (2017): 2633-2637.","Sonnenschein, Eva C., et al. ""Pseudochelin A, a siderophore of Pseudoalteromonas piscicida S2040."" Tetrahedron 73.18 (2017): 2633-2637.",,,,,20,23,3,5,0,0.869565217,6.666666667,4,0,Ruolin He,1,20,1,-3.562,4.909039632
172,Hyalachelin B,,1,0,2,0,0,0,0,0,0,0,0,0,0,0,0,4,Catecholate,Hybrid NRPS/NIS,NC[C@H](CCCCNC(=O)c1cccc(O)c1O)N1C(=O)c2c(ccc(O)c2O)[C@@H](c2ccccc2)[C@]1(O)C(=O)O,"Hex-1,2,6-triamine, diOH-Bz, X0",3,0.463414634,1,C29H31N3O9,565.572385,Hyalangium minutum MCy9135,1,0,0,0,0,0,0,0,0,1,0,0,0,0,0,0,Myxococcota,,diOH-Bz,,,,,,,"Nadmid, Suvd, et al. ""Hyalachelins A–C, unusual siderophores isolated from the terrestrial myxobacterium Hyalangium minutum."" Organic letters 16.16 (2014): 4130-4133.","Nadmid, Suvd. ""Isolation and characterization of novel natural compounds from Myxobacteria."" (2015).",,,,,29,31,3,9,0,0.935483871,9.666666667,3.222222222,0,Ruolin He,1,19,1,-3.802,4.182057806
173,Hyalachelin A,,1,0,2,0,0,0,0,0,0,0,0,0,0,0,0,4,Catecholate,Hybrid NRPS/NIS,NC[C@H](CCCCNC(=O)c1cccc(O)c1O)N1C(=O)c2c(ccc(O)c2O)[C@@H](c2ccc(O)cc2)[C@]1(O)C(=O)O,"Hex-1,2,6-triamine, diOH-Bz, X0",3,0.452380952,1,C29H31N3O10,581.57179,Hyalangium minutum MCy9135,1,0,0,0,0,0,0,0,0,1,0,0,0,0,0,0,Myxococcota,,diOH-Bz,,,,,,,"Nadmid, Suvd, et al. ""Hyalachelins A–C, unusual siderophores isolated from the terrestrial myxobacterium Hyalangium minutum."" Organic letters 16.16 (2014): 4130-4133.","Nadmid, Suvd. ""Isolation and characterization of novel natural compounds from Myxobacteria."" (2015).",,,,,29,31,3,10,0,0.935483871,9.666666667,2.9,0,Ruolin He,1,19,2,-3.81,4.134272563
174,Hyalachelin C,,1,0,2,0,0,0,0,0,0,0,0,0,0,0,0,4,Catecholate,Hybrid NRPS/NIS,NC[C@H](CCCCNC(=O)c1cccc(O)c1O)N1C(=O)c2c(ccc(O)c2O)[C@@H](c2c[nH]c3ccccc23)[C@]1(O)C(=O)O,"Hex-1,2,6-triamine, X0, diOH-Bz",3,0.431818182,1,C31H32N4O9,604.608509,Hyalangium minutum MCy9135,1,0,0,0,0,0,0,0,0,1,0,0,0,0,0,0,Myxococcota,,diOH-Bz,,,,,,,"Nadmid, Suvd, et al. ""Hyalachelins A–C, unusual siderophores isolated from the terrestrial myxobacterium Hyalangium minutum."" Organic letters 16.16 (2014): 4130-4133.","Nadmid, Suvd. ""Isolation and characterization of novel natural compounds from Myxobacteria."" (2015).",,,,,31,32,4,9,0,0.96875,7.75,3.444444444,0,Ruolin He,1,19,3,-4.162,4.068783947
171,Acinetoamonabactin,,1,0,3,0,0,0,0,0,0,0,0,0,0,0,0,6,Catecholate,Putative NRPS,NC(CNC(=O)c1cccc(O)c1O)(CNC(=O)c1cccc(O)c1O)CNC(=O)c1cccc(O)c1O,"2NH2Me-p-triamine, diOH-Bz, diOH-Bz, diOH-Bz",4,1,0,C25H26N4O9,526.496423,Acinetobacter soli MTCC 5918,1,0,0,0,0,0,0,1,0,0,0,0,0,0,0,0,Pseudomonadota,,diOH-Bz,,,,,,,"Mudhulkar, Raju, et al. ""Identification of a new siderophore acinetoamonabactin produced by a salt‐tolerant bacterium Acinetobacter soli."" ChemistrySelect 3.28 (2018): 8207-8211.",,,,,,25,26,4,9,0,0.961538462,6.25,2.777777778,0,Ruolin He,1,18,18,-3.434,4.307670158
170,Itoic acid,"2,3-dihydroxybenzoylglycine",1,0,1,0,1,0,0,0,0,0,0,0,0,0,0,3,Carboxylate/Catecholate,NRPS,O=C(O)CNC(=O)c1cccc(O)c1O,"Gly, diOH-Bz",2,1,0,C9H9NO5,211.171857,Bacillus subtilis,1,0,0,0,0,0,1,0,0,0,0,0,0,0,0,0,Bacillota,,diOH-Bz,,,,,,,"Ito, Takeru, and J. B. Neilands. ""Products of “low-iron fermentation” with Bacillus subilis: isolation, characterization and synthesis of 2, 3-dihydroxybenzoylglycine1, 2."" Journal of the American Chemical Society 80.17 (1958): 4645-4647.; Ito, Takeru. ""Enzymatic determination of itoic acid, a Bacillus subtilis siderophore, and 2, 3-dihydroxybenzoic acid."" Applied and environmental microbiology 59.7 (1993): 2343-2345.; Hider, Robert C., and Xiaole Kong. ""Chemistry and biology of siderophores."" Natural product reports 27.5 (2010): 637-657.",,,,,,9,9,1,5,0,1,9,1.8,0,Shaohua Gu; Ruolin He,1,18,17,-1.662,6.371486935
169,"N1,N7-bis-(2,3-dihydroxybenzoyl)norpermidine",,1,0,2,0,0,0,0,0,0,0,0,0,0,0,0,4,Catecholate,Putative NRPS,O=C(NCCCNCCCNC(=O)c1cccc(O)c1O)c1cccc(O)c1O,"NSpd, diOH-Bz, diOH-Bz",3,1,0,C20H25N3O6,403.429864,Vibrio fluvialis AQ 0012,1,0,0,0,0,0,0,1,0,0,0,0,0,0,0,0,Pseudomonadota,,diOH-Bz,,,,,,,"Yamamoto, Shigeo, et al. ""Structures of two polyamine-containing catecholate siderophores from Vibrio fluvialis."" The Journal of Biochemistry 113.5 (1993): 538-544.",,,,,,20,25,3,6,0,0.8,6.666666667,3.333333333,0,Ruolin He,1,18,16,-2.662,4.815099764
168,Brucebactin,Lysochelin,3,0,2,0,0,0,0,0,0,0,0,0,0,0,0,4,Catecholate,NRPS,O=C(NCCCCNCCCNC(=O)c1cccc(O)c1O)c1cccc(O)c1O,"Spd, diOH-Bz, diOH-Bz",3,1,0,C21H27N3O6,417.456486,Brucella abortus 2308; Lysobacter enzymogenes OH11; Lysobacter sp. 3655,1,0,0,0,0,0,0,1,0,0,0,0,0,0,0,0,Pseudomonadota,,diOH-Bz,,,,,,,"González Carreró, Manuel I et al. “Brucella abortus strain 2308 produces brucebactin, a highly efficient catecholic siderophore.” Microbiology (Reading, England) vol. 148,Pt 2 (2002): 353-360. doi:10.1099/00221287-148-2-353; Reitz, Zachary L., and Alison Butler. ""Precursor-directed biosynthesis of catechol compounds in Acinetobacter bouvetii DSM 14964."" Chemical Communications 56.81 (2020): 12222-12225.; Miller, Amanda Lynn, et al. ""Identification and Biosynthetic Study of the Siderophore Lysochelin in the Biocontrol Agent Lysobacter enzymogenes."" Journal of Agricultural and Food Chemistry (2023).; Zhang, Fang, et al. ""Production of the siderophore lysochelin in rich media through maltose-promoted high-density growth of Lysobacter sp. 3655."" Frontiers in Microbiology 15 (2024): 1433983.","Miller, Amanda Lynn, et al. ""Identification and Biosynthetic Study of the Siderophore Lysochelin in the Biocontrol Agent Lysobacter enzymogenes."" Journal of Agricultural and Food Chemistry (2023).",,,,,21,27,3,6,0,0.777777778,7,3.5,0,Ruolin He,1,18,15,-2.768,4.746194666
167,Propanochelin,,1,0,2,0,0,0,0,0,0,0,0,0,0,0,0,4,Catecholate,NRPS,O=C(NCCCNC(=O)c1cccc(O)c1O)c1cccc(O)c1O,"DAP, diOH-Bz, diOH-Bz",3,1,0,C17H18N2O6,346.335354,Acinetobacter bouvetii DSM 14964,1,0,0,0,0,0,0,1,0,0,0,0,0,0,0,0,Pseudomonadota,,diOH-Bz,,,,,,,"Reitz, Zachary L., and Alison Butler. ""Precursor-directed biosynthesis of catechol compounds in Acinetobacter bouvetii DSM 14964."" Chemical Communications 56.81 (2020): 12222-12225.","Reitz, Zachary L., and Alison Butler. ""Precursor-directed biosynthesis of catechol compounds in Acinetobacter bouvetii DSM 14964."" Chemical Communications 56.81 (2020): 12222-12225.",,,,,17,18,2,6,0,0.944444444,8.5,2.833333333,0,Ruolin He,1,18,14,-3.073,5.137415404
166,Butanochelin,,1,0,2,0,0,0,0,0,0,0,0,0,0,0,0,4,Catecholate,NRPS,O=C(NCCCCNC(=O)c1cccc(O)c1O)c1cccc(O)c1O,"Put, diOH-Bz, diOH-Bz",3,1,0,C18H20N2O6,360.361976,Acinetobacter bouvetii DSM 14964,1,0,0,0,0,0,0,1,0,0,0,0,0,0,0,0,Pseudomonadota,,diOH-Bz,,,,,,,"Reitz, Zachary L., and Alison Butler. ""Precursor-directed biosynthesis of catechol compounds in Acinetobacter bouvetii DSM 14964."" Chemical Communications 56.81 (2020): 12222-12225.","Reitz, Zachary L., and Alison Butler. ""Precursor-directed biosynthesis of catechol compounds in Acinetobacter bouvetii DSM 14964."" Chemical Communications 56.81 (2020): 12222-12225.",,,,,18,20,2,6,0,0.9,9,3,0,Ruolin He,1,18,13,-3.157,5.05118288
165,Pentanochelin,,1,0,2,0,0,0,0,0,0,0,0,0,0,0,0,4,Catecholate,NRPS,O=C(NCCCCCNC(=O)c1cccc(O)c1O)c1cccc(O)c1O,"Cad, diOH-Bz, diOH-Bz",3,1,0,C19H22N2O6,374.388598,Acinetobacter bouvetii DSM 14964,1,0,0,0,0,0,0,1,0,0,0,0,0,0,0,0,Pseudomonadota,,diOH-Bz,,,,,,,"Reitz, Zachary L., and Alison Butler. ""Precursor-directed biosynthesis of catechol compounds in Acinetobacter bouvetii DSM 14964."" Chemical Communications 56.81 (2020): 12222-12225.","Reitz, Zachary L., and Alison Butler. ""Precursor-directed biosynthesis of catechol compounds in Acinetobacter bouvetii DSM 14964."" Chemical Communications 56.81 (2020): 12222-12225.",,,,,19,22,2,6,0,0.863636364,9.5,3.166666667,0,Ruolin He,1,18,12,-3.274,4.969841784
164,Aminochelin,,1,0,1,0,0,0,0,0,0,0,0,0,0,0,0,2,Catecholate,NRPS,NCCCCNC(=O)c1cccc(O)c1O,"Put, diOH-Bz",2,1,0,C11H16N2O3,224.256817,Azotobacter vinelandii,1,0,0,0,0,0,0,1,0,0,0,0,0,0,0,0,Pseudomonadota,,diOH-Bz,,,,,,,"Page, William J., and Margaret Von Tigerstrom. ""Aminochelin, a catecholamine siderophore produced by Azotobacter vinelandii."" Microbiology 134.2 (1988): 453-460.","Baars, Oliver, et al. ""The siderophore metabolome of Azotobacter vinelandii."" Applied and Environmental Microbiology 82.1 (2016): 27-39.",,,,,11,16,2,3,0,0.6875,5.5,3.666666667,0,Shaohua Gu; Ruolin He,1,18,11,-1.339,6.204211198
851,Protochelin D,,1,0,2,0,0,0,0,0,0,0,0,0,0,0,0,4,Catecholate,NRPS,NC(CCCCNC(=O)c1cccc(O)c1O)C(=O)NCCCCNC(=O)c1cccc(O)c1O,"Lys, diOH-Bz, Put, diOH-Bz",4,1,0,C24H32N4O7,488.534519,Azotobacter vinelandii,1,0,0,0,0,0,0,1,0,0,0,0,0,0,0,0,Pseudomonadota,,diOH-Bz,,,,,,,"Baars, Oliver, et al. ""The siderophore metabolome of Azotobacter vinelandii."" Applied and environmental microbiology 82.1 (2016): 27-39.","Baars, Oliver, et al. ""The siderophore metabolome of Azotobacter vinelandii."" Applied and environmental microbiology 82.1 (2016): 27-39.",,,,,24,32,4,7,0,0.75,6,3.428571429,0,Ruolin He,1,18,7,-2.98,4.443698489
158,Myxochelin B,,4,0,2,0,0,0,0,0,0,0,0,0,0,0,0,4,Catecholate,NRPS,NC[C@H](CCCCNC(=O)c1cccc(O)c1O)NC(=O)c1cccc(O)c1O,"Hex-1,2,6-triamine, diOH-Bz, diOH-Bz",3,1,0,C20H25N3O6,403.429864,Archangium disciforme; myxobacterium MSr12020; Pseudoalteromonas piscicida S2040; Archangium sp. SDU34,1,0,0,0,0,0,0,0.25,0,0.75,0,0,0,0,0,0,Myxococcota/Pseudomonadota,,diOH-Bz,,,,,,,"Li, Yanyan, Kira J. Weissman, and Rolf Müller. ""Myxochelin biosynthesis: direct evidence for two-and four-electron reduction of a carrier protein-bound thioester."" Journal of the American Chemical Society 130.24 (2008): 7554-7555.; Sonnenschein, Eva C., et al. ""Pseudochelin A, a siderophore of Pseudoalteromonas piscicida S2040."" Tetrahedron 73.18 (2017): 2633-2637.; Wang, De-Gao, et al. ""The discovery and biosynthesis of nicotinic myxochelins from an Archangium sp. SDU34."" Journal of Natural Products 84.10 (2021): 2744-2748.","Li, Yanyan, Kira J. Weissman, and Rolf Müller. ""Myxochelin biosynthesis: direct evidence for two-and four-electron reduction of a carrier protein-bound thioester."" Journal of the American Chemical Society 130.24 (2008): 7554-7555.",,,,,20,25,3,6,0,0.8,6.666666667,3.333333333,0,Ruolin He,1,18,5,-2.74,4.815099764
159,Myxochelin A,Myxochelin,5,0,2,0,0,0,0,0,0,0,0,0,0,0,0,4,Catecholate,NRPS,O=C(NCCCC[C@@H](CO)NC(=O)c1cccc(O)c1O)c1cccc(O)c1O,"2Meol-Cad, diOH-Bz, diOH-Bz",3,1,0,C20H24N2O7,404.414625,Archangium disciforme; myxobacterium MSr12020; Micromonospora sp. TMD166; Pseudoalteromonas piscicida S2040; Archangium sp. SDU34,1,0,0,0,0.2,0,0,0.2,0,0.6,0,0,0,0,0,0,Myxococcota/Actinomycetota/Pseudomonadota,,diOH-Bz,,,,,,,"KUNZE, BRIGITTE, et al. ""Myxochelin A, a new iron-chelating compound from Angiococcus disciformis (Myxobacterales) Production, isolation, physico-chemical and biological properties."" The Journal of antibiotics 42.1 (1989): 14-17.; Li, Yanyan, Kira J. Weissman, and Rolf Müller. ""Myxochelin biosynthesis: direct evidence for two-and four-electron reduction of a carrier protein-bound thioester."" Journal of the American Chemical Society 130.24 (2008): 7554-7555.; Sonnenschein, Eva C., et al. ""Pseudochelin A, a siderophore of Pseudoalteromonas piscicida S2040."" Tetrahedron 73.18 (2017): 2633-2637.; Wang, De-Gao, et al. ""The discovery and biosynthesis of nicotinic myxochelins from an Archangium sp. SDU34."" Journal of Natural Products 84.10 (2021): 2744-2748.; Hao, Xiaomeng, et al. ""Discovery of Sporachelins by Genome Mining of a Micromonospora Strain."" Journal of Natural Products 87.12 (2024): 2730-2737.","Li, Yanyan, Kira J. Weissman, and Rolf Müller. ""Myxochelin biosynthesis: direct evidence for two-and four-electron reduction of a carrier protein-bound thioester."" Journal of the American Chemical Society 130.24 (2008): 7554-7555.",,,,,20,24,2,7,0,0.833333333,10,2.857142857,0,Shaohua Gu; Ruolin He,1,18,6,-2.762,4.810145912
901,Sporachelin C,,1,0,2,0,0,0,0,0,0,0,0,0,0,0,0,4,Catecholate,NRPS,CC(=O)OC[C@H](CCCCNC(=O)c1cccc(O)c1O)NC(=O)c1cccc(O)c1O,"X0, diOH-Bz, diOH-Bz",3,0.625,1,C22H26N2O8,446.451392,Micromonospora sp. TMD166,1,0,0,0,1,0,0,0,0,0,0,0,0,0,0,0,Actinomycetota,,diOH-Bz,,,,,,,"Hao, Xiaomeng, et al. ""Discovery of Sporachelins by Genome Mining of a Micromonospora Strain."" Journal of Natural Products 87.12 (2024): 2730-2737.","Hao, Xiaomeng, et al. ""Discovery of Sporachelins by Genome Mining of a Micromonospora Strain."" Journal of Natural Products 87.12 (2024): 2730-2737.",,,,,22,26,2,8,0,0.846153846,11,2.75,0,Ruolin He,1,18,8,-3.524,4.614147426
903,Sporachelin E,,1,0,2,0,0,0,0,0,0,0,0,0,0,0,0,4,Catecholate,NRPS,CC(C)C(=O)OC[C@H](CCCCNC(=O)c1cccc(O)c1O)NC(=O)c1cccc(O)c1O,"2Meol-Cad, diOH-Bz, IBA, diOH-Bz",4,1,0,C24H30N2O8,474.504636,Micromonospora sp. TMD166,1,0,0,0,1,0,0,0,0,0,0,0,0,0,0,0,Actinomycetota,,diOH-Bz,,,,,,,"Hao, Xiaomeng, et al. ""Discovery of Sporachelins by Genome Mining of a Micromonospora Strain."" Journal of Natural Products 87.12 (2024): 2730-2737.","Hao, Xiaomeng, et al. ""Discovery of Sporachelins by Genome Mining of a Micromonospora Strain."" Journal of Natural Products 87.12 (2024): 2730-2737.",,,,,24,30,2,8,0,0.8,12,3,0,Ruolin He,1,18,9,-3.914,4.498016935
902,Sporachelin D,,1,0,2,0,0,0,0,0,0,0,0,0,0,0,0,4,Catecholate,NRPS,CCC(=O)OC[C@H](CCCCNC(=O)c1cccc(O)c1O)NC(=O)c1cccc(O)c1O,"2Meol-Cad, diOH-Bz, Pra, diOH-Bz",4,1,0,C23H28N2O8,460.478014,Micromonospora sp. TMD166,1,0,0,0,1,0,0,0,0,0,0,0,0,0,0,0,Actinomycetota,,diOH-Bz,,,,,,,"Hao, Xiaomeng, et al. ""Discovery of Sporachelins by Genome Mining of a Micromonospora Strain."" Journal of Natural Products 87.12 (2024): 2730-2737.","Hao, Xiaomeng, et al. ""Discovery of Sporachelins by Genome Mining of a Micromonospora Strain."" Journal of Natural Products 87.12 (2024): 2730-2737.",,,,,23,28,2,8,0,0.821428571,11.5,2.875,0,Ruolin He,1,18,10,-3.705,4.554765226
898,Sporachelin A,,1,0,2,0,0,0,0,0,0,0,0,0,0,0,0,4,Catecholate,NRPS,O=C(Cc1ccccc1)OC[C@H](CCCCNC(=O)c1cccc(O)c1O)NC(=O)c1cccc(O)c1O,"2Meol-Cad, diOH-Bz, Pha, diOH-Bz",4,1,0,C28H30N2O8,522.547596,Micromonospora sp. TMD166,1,0,0,0,1,0,0,0,0,0,0,0,0,0,0,0,Actinomycetota,,diOH-Bz,,,,,,,"Hao, Xiaomeng, et al. ""Discovery of Sporachelins by Genome Mining of a Micromonospora Strain."" Journal of Natural Products 87.12 (2024): 2730-2737.","Hao, Xiaomeng, et al. ""Discovery of Sporachelins by Genome Mining of a Micromonospora Strain."" Journal of Natural Products 87.12 (2024): 2730-2737.",,,,,28,30,2,8,0,0.933333333,14,3.5,0,Ruolin He,1,18,21,-4.665,4.321132805
900,Sporachelin B,,1,0,2,1,0,0,0,0,0,0,0,0,0,0,0,5,Catecholate/Phenolate,NRPS,O=C(Cc1ccc(O)cc1)OC[C@H](CCCCNC(=O)c1cccc(O)c1O)NC(=O)c1cccc(O)c1O,"2Meol-Cad, 4OH-PhAc, diOH-Bz, diOH-Bz",4,1,0,C28H30N2O9,538.547001,Micromonospora sp. TMD166,1,0,0,0,1,0,0,0,0,0,0,0,0,0,0,0,Actinomycetota,,diOH-Bz,,,,,,,"Hao, Xiaomeng, et al. ""Discovery of Sporachelins by Genome Mining of a Micromonospora Strain."" Journal of Natural Products 87.12 (2024): 2730-2737.","Hao, Xiaomeng, et al. ""Discovery of Sporachelins by Genome Mining of a Micromonospora Strain."" Journal of Natural Products 87.12 (2024): 2730-2737.",,,,,28,30,2,9,0,0.933333333,14,3.111111111,0,Ruolin He,1,18,22,-4.616,4.267495575
899,Sporachelin A1,,1,0,1,0,0,0,0,0,0,0,0,0,0,0,0,2,Catecholate,NRPS,O=C(Cc1ccccc1)OC[C@H](CCCCNC(=O)c1cccc(O)c1O)NC(=O)c1cccnc1,"2Meol-Cad, Nia, Pha, diOH-Bz",4,1,0,C27H29N3O6,491.536808,Micromonospora sp. TMD166,1,0,0,0,1,0,0,0,0,0,0,0,0,0,0,0,Actinomycetota,,diOH-Bz,,,,,,,"Hao, Xiaomeng, et al. ""Discovery of Sporachelins by Genome Mining of a Micromonospora Strain."" Journal of Natural Products 87.12 (2024): 2730-2737.","Hao, Xiaomeng, et al. ""Discovery of Sporachelins by Genome Mining of a Micromonospora Strain."" Journal of Natural Products 87.12 (2024): 2730-2737.",,,,,27,29,3,6,0,0.931034483,9,4.5,0,Ruolin He,1,18,23,-4.471,4.432375231
837,Myxochelin N1,,1,0,1,0,0,0,0,0,0,0,0,0,0,0,0,2,Catecholate,NRPS,O=C(N[C@H](CO)CCCCNC(=O)c1cccc(O)c1O)c1cccnc1,"2Meol-Cad, diOH-Bz, Nia",3,1,0,C19H23N3O5,373.403837,Corallococcus sp. MCy9049,1,0,0,0,0,0,0,0,0,1,0,0,0,0,0,0,Myxococcota,,diOH-Bz,,,,,,,"Frank, Nicolas A., et al. ""Expanding the myxochelin natural product family by nicotinic acid containing congeners."" Molecules 26.16 (2021): 4929.","Li, Yanyan, Kira J. Weissman, and Rolf Müller. ""Myxochelin biosynthesis: direct evidence for two-and four-electron reduction of a carrier protein-bound thioester."" Journal of the American Chemical Society 130.24 (2008): 7554-7555.",,,,,19,23,3,5,0,0.826086957,6.333333333,3.8,0,Yanzhao Wu; Jiqi Shao; Ruolin He,1,18,24,-2.558,4.975402607
838,Myxochelin N2,,1,0,1,0,0,0,0,0,0,0,0,0,0,0,0,2,Catecholate,NRPS,O=C(NCCCC[C@@H](CO)NC(=O)c1cccc(O)c1O)c1cccnc1,"2Meol-Cad, Nia, diOH-Bz",3,1,0,C19H23N3O5,373.403837,Corallococcus sp. MCy9049,1,0,0,0,0,0,0,0,0,1,0,0,0,0,0,0,Myxococcota,,diOH-Bz,,,,,,,"Frank, Nicolas A., et al. ""Expanding the myxochelin natural product family by nicotinic acid containing congeners."" Molecules 26.16 (2021): 4929.","Li, Yanyan, Kira J. Weissman, and Rolf Müller. ""Myxochelin biosynthesis: direct evidence for two-and four-electron reduction of a carrier protein-bound thioester."" Journal of the American Chemical Society 130.24 (2008): 7554-7555.",,,,,19,23,3,5,0,0.826086957,6.333333333,3.8,0,Yanzhao Wu; Jiqi Shao; Ruolin He,1,18,25,-2.558,4.975402607
679,Myxochelin B-succinate,,1,0,2,0,0,0,0,0,0,0,0,0,0,0,0,4,Catecholate,NRPS,O=C(O)CCC(=O)NC[C@H](CCCCNC(=O)c1cccc(O)c1O)NC(=O)c1cccc(O)c1O,"Hex-1,2,6-triamine, diOH-Bz, Suc, diOH-Bz",4,1,0,C24H29N3O9,503.502803,myxobacterium MSr12020,1,0,0,0,0,0,0,0,0,1,0,0,0,0,0,0,Myxococcota,,diOH-Bz,,,,,,,"Okoth, Dorothy A., et al. ""Discovery, Biosynthesis and biological activity of a succinylated myxochelin from the myxobacterial strain MSr12020."" Microorganisms 10.10 (2022): 1959.","Okoth, Dorothy A., et al. ""Discovery, Biosynthesis and biological activity of a succinylated myxochelin from the myxobacterial strain MSr12020."" Microorganisms 10.10 (2022): 1959.",,,,,24,29,3,9,0,0.827586207,8,2.666666667,0,Ruolin He,1,18,19,-3.306,4.388246411
155,Agrobactin A,,1,0,3,0,0,0,0,0,0,0,0,0,0,0,0,6,Catecholate,NRPS,CC(O)C(NC(=O)c1cccc(O)c1O)C(=O)N(CCCCNC(=O)c1cccc(O)c1O)CCCNC(=O)c1cccc(O)c1O,"Spd, aThr/Thr, diOH-Bz, diOH-Bz, diOH-Bz",5,1,0,C32H38N4O11,654.665705,Agrobacterium tumefaciens,1,0,0,0,0,0,0,1,0,0,0,0,0,0,0,0,Pseudomonadota,,diOH-Bz,,,,,,,"Peterson, T., et al. ""Structure and behavior of spermidine siderophores."" Journal of the American Chemical Society 102.26 (1980): 7715-7718.",,,,,,32,38,4,11,0,0.842105263,8,2.909090909,0,Shaohua Gu; Ruolin He,1,18,2,-3.631,3.938414671
154,Parabactin A,,1,0,2,1,0,0,0,0,0,0,0,0,0,0,0,5,Catecholate/Phenolate,NRPS,C[C@@H](O)[C@H](NC(=O)c1ccccc1O)C(=O)N(CCCCNC(=O)c1cccc(O)c1O)CCCNC(=O)c1cccc(O)c1O,"aThr/Thr, SA, Spd, diOH-Bz, diOH-Bz",5,1,0,C32H38N4O10,638.6663,Paracoccus denitrificans,1,0,0,0,0,0,0,1,0,0,0,0,0,0,0,0,Pseudomonadota,,diOH-Bz,,,,,,,"Bergeron, Raymond J., Neal J. Stolowich, and Steven J. Kline. ""Synthesis and solution dynamics of agrobactin A."" The Journal of Organic Chemistry 48.20 (1983): 3432-3439.",,,,,,32,38,4,10,0,0.842105263,8,3.2,0,Shaohua Gu; Ruolin He,1,18,1,-3.673,3.978439803
156,Serratiochelin B,,1,0,2,0,0,0,0,0,0,0,0,0,0,0,0,4,Catecholate,NRPS,CC(O)[C@H](NC(=O)c1cccc(O)c1O)C(=O)NCCCNC(=O)c1cccc(O)c1O,"aThr/Thr, diOH-Bz, DAP, diOH-Bz",4,1,0,C21H25N3O8,447.439414,Serratia sp. V4,1,0,0,0,0,0,0,1,0,0,0,0,0,0,0,0,Pseudomonadota,,diOH-Bz,,,,,,,"Seyedsayamdost, Mohammad R., et al. ""Mixing and matching siderophore clusters: structure and biosynthesis of serratiochelins from Serratia sp. V4."" Journal of the American Chemical Society 134.33 (2012): 13550-13553.","Seyedsayamdost, Mohammad R., et al. ""Mixing and matching siderophore clusters: structure and biosynthesis of serratiochelins from Serratia sp. V4."" Journal of the American Chemical Society 134.33 (2012): 13550-13553.",,,,,21,25,3,8,0,0.84,7,2.625,0,Shaohua Gu; Ruolin He,1,18,3,-2.725,4.609874006
702,Serratiochelin D,,1,0,2,0,0,0,0,0,0,0,0,0,0,0,0,4,Catecholate,Putative NRPS,CC(=O)OC(C)[C@H](NC(=O)c1cccc(O)c1O)C(=O)NCCCNC(=O)c1cccc(O)c1O,"DAP, diOH-Bz, OAc-Thr, diOH-Bz",4,1,0,C23H27N3O9,489.476181,Serratia marcescens,1,0,0,0,0,0,0,1,0,0,0,0,0,0,0,0,Pseudomonadota,,diOH-Bz,,,,,,,"Eze, Peter M., et al. ""Serratiochelin D, a new siderophore from Serratia marcescens."" Phytochemistry Letters 57 (2023): 22-25.","Wang, Xingyan, et al. ""Recombineering enables genome mining of novel siderophores in a non-model Burkholderiales strain."" Engineering Microbiology 3.3 (2023): 100106.",,,,,23,27,3,9,0,0.851851852,7.666666667,2.555555556,0,Ruolin He,1,18,20,-3.347,4.440135862
157,Serratiochelin C,,1,0,2,0,0,0,0,0,0,0,0,0,0,0,0,4,Catecholate,NRPS,CC(OC(=O)c1cccc(O)c1O)[C@H](N)C(=O)NCCCNC(=O)c1cccc(O)c1O,"DAP, aThr/Thr, diOH-Bz, diOH-Bz",4,1,0,C21H25N3O8,447.439414,Serratia sp. V4,1,0,0,0,0,0,0,1,0,0,0,0,0,0,0,0,Pseudomonadota,,diOH-Bz,,,,,,,"Seyedsayamdost, Mohammad R., et al. ""Mixing and matching siderophore clusters: structure and biosynthesis of serratiochelins from Serratia sp. V4."" Journal of the American Chemical Society 134.33 (2012): 13550-13553.","Seyedsayamdost, Mohammad R., et al. ""Mixing and matching siderophore clusters: structure and biosynthesis of serratiochelins from Serratia sp. V4."" Journal of the American Chemical Society 134.33 (2012): 13550-13553.",,,,,21,25,3,8,0,0.84,7,2.625,0,Shaohua Gu; Ruolin He,1,18,4,-2.839,4.609874006
153,Tribenglthin A,,2,0,3,0,0,0,0,0,0,0,0,0,0,0,0,6,Catecholate,NRPS,C/C=C(\NC(=O)CNC(=O)c1cccc(O)c1O)C(=O)O[C@H](C)[C@H](NC(=O)CNC(=O)c1cccc(O)c1O)C(=O)O[C@H](C)[C@H](NC(=O)CNC(=O)c1cccc(O)c1O)C(=O)O,"aThr/Thr, aThr/Thr, dhAbu, Gly, diOH-Bz, Gly, Gly, diOH-Bz, diOH-Bz",9,1,0,C39H42N6O18,882.78189,Bacillus subtilis NPROOT3; Bacillus spizizenii MMB-016,1,0,0,0,0,0,1,0,0,0,0,0,0,0,0,0,Bacillota,,diOH-Bz,,,,,,,"Li, Jingyan, et al. ""Catechol amide iron chelators produced by a mangrove-derived Bacillus subtilis."" Tetrahedron 73.35 (2017): 5245-5252.; Nalli, Yedukondalu, et al. ""Bacillibactin class siderophores produced by the endophyte Bacillus subtilis NPROOT3 as antimycobacterial agents."" Letters in Applied Microbiology 76.2 (2023): ovac026.",,,,,,39,42,6,18,0,0.928571429,6.5,2.166666667,0,Ruolin He,1,17,6,-4.127,3.48990277
152,Bacillibactin B,,2,0,3,0,0,0,0,0,0,0,0,0,0,0,0,6,Catecholate,NRPS,C[C@@H](O)[C@H](NC(=O)CNC(=O)c1cccc(O)c1O)C(=O)O[C@H](C)[C@H](NC(=O)CNC(=O)c1cccc(O)c1O)C(=O)O[C@H](C)[C@H](NC(=O)CNC(=O)c1cccc(O)c1O)C(=O)O,"aThr/Thr, aThr/Thr, Gly, diOH-Bz, Gly, aThr/Thr, diOH-Bz, Gly, diOH-Bz",9,1,0,C39H44N6O19,900.797177,Bacillus subtilis NPROOT3; Bacillus sp. PKU-MA00093,1,0,0,0,0,0,1,0,0,0,0,0,0,0,0,0,Bacillota,,diOH-Bz,,,,,,,"Zhou, Mengjie, et al. ""Bacillibactin and bacillomycin analogues with cytotoxicities against human cancer cell lines from marine Bacillus sp. PKU-MA00093 and PKU-MA00092."" Marine Drugs 16.1 (2018): 22.; Nalli, Yedukondalu, et al. ""Bacillibactin class siderophores produced by the endophyte Bacillus subtilis NPROOT3 as antimycobacterial agents."" Letters in Applied Microbiology 76.2 (2023): ovac026.","Hertlein, Gillian, et al. ""Production of the catechol type siderophore bacillibactin by the honey bee pathogen Paenibacillus larvae."" PLoS One 9.9 (2014): e108272.",,,,,39,44,6,19,0,0.886363636,6.5,2.052631579,0,Ruolin He,1,17,5,-3.432,3.46178842
151,Bacillibactin C,,2,0,2,0,0,0,0,0,0,0,0,0,0,0,0,4,Catecholate,NRPS,C[C@@H](O)[C@H](NC(=O)CNC(=O)c1cccc(O)c1O)C(=O)O[C@H](C)[C@H](NC(=O)CNC(=O)c1cccc(O)c1O)C(=O)O,"aThr/Thr, Gly, Gly, diOH-Bz, aThr/Thr, diOH-Bz",6,1,0,C26H30N4O13,606.536547,Bacillus subtilis NPROOT3; Bacillus sp. PKU-MA00093,1,0,0,0,0,0,1,0,0,0,0,0,0,0,0,0,Bacillota,,diOH-Bz,,,,,,,"Zhou, Mengjie, et al. ""Bacillibactin and bacillomycin analogues with cytotoxicities against human cancer cell lines from marine Bacillus sp. PKU-MA00093 and PKU-MA00092."" Marine Drugs 16.1 (2018): 22.; Nalli, Yedukondalu, et al. ""Bacillibactin class siderophores produced by the endophyte Bacillus subtilis NPROOT3 as antimycobacterial agents."" Letters in Applied Microbiology 76.2 (2023): ovac026.","Hertlein, Gillian, et al. ""Production of the catechol type siderophore bacillibactin by the honey bee pathogen Paenibacillus larvae."" PLoS One 9.9 (2014): e108272.",,,,,26,30,4,13,0,0.866666667,6.5,2,0,Ruolin He,1,17,4,-2.745,4.063470304
149,SVK21,,2,0,1,0,0,0,0,0,0,0,0,0,0,0,0,2,Catecholate,NRPS,C[C@@H](O)[C@H](NC(=O)CNC(=O)c1cccc(O)c1O)C(=O)O,"aThr/Thr, Gly, diOH-Bz",3,1,0,C13H16N2O7,312.275917,Bacillus subtilis NPROOT3; Bacillus sp. PKU-MA00093,1,0,0,0,0,0,1,0,0,0,0,0,0,0,0,0,Bacillota,,diOH-Bz,,,,,,,"Zhou, Mengjie, et al. ""Bacillibactin and bacillomycin analogues with cytotoxicities against human cancer cell lines from marine Bacillus sp. PKU-MA00093 and PKU-MA00092."" Marine Drugs 16.1 (2018): 22.; Nalli, Yedukondalu, et al. ""Bacillibactin class siderophores produced by the endophyte Bacillus subtilis NPROOT3 as antimycobacterial agents."" Letters in Applied Microbiology 76.2 (2023): ovac026.","Hertlein, Gillian, et al. ""Production of the catechol type siderophore bacillibactin by the honey bee pathogen Paenibacillus larvae."" PLoS One 9.9 (2014): e108272.",,,,,13,16,2,7,0,0.8125,6.5,1.857142857,0,Ruolin He,1,17,2,-1.624,5.370520692
150,Benglthin,,1,0,1,0,0,0,0,0,0,0,0,0,0,0,0,2,Catecholate,NRPS,C[C@H](O)[C@@H](NC(=O)CNC(=O)c1cccc(O)c1O)C(=O)O,"aThr/Thr, Gly, diOH-Bz",3,1,0,C13H16N2O7,312.275917,Bacillus spizizenii MMB-016,1,0,0,0,0,0,1,0,0,0,0,0,0,0,0,0,Bacillota,,diOH-Bz,,,,,,,"Li, Jingyan, et al. ""Catechol amide iron chelators produced by a mangrove-derived Bacillus subtilis."" Tetrahedron 73.35 (2017): 5245-5252.",,,,,,13,16,2,7,0,0.8125,6.5,1.857142857,0,Ruolin He,1,17,3,-1.624,5.370520692
148,"2,3-dihydroxybenzoylthreonine",,1,0,1,0,1,0,0,0,0,0,0,0,0,0,0,3,Carboxylate/Catecholate,Putative NRPS,C[C@@H](O)[C@H](NC(=O)c1cccc(O)c1O)C(=O)O,"aThr/Thr, diOH-Bz",2,1,0,C11H13NO6,255.224506,Klebsiella oxytoca,1,0,0,0,0,0,0,1,0,0,0,0,0,0,0,0,Pseudomonadota,,diOH-Bz,,,,,,,"Korth, Heinz. ""Über das Vorkommen von 2, 3-Dihydroxybenzoesäure und ihrer Aminosäurederivate in Kulturmedien von Klebsiella oxytoca."" Archives of Microbiology 70.3 (1970): 297-302.",,,,,,11,13,1,6,0,0.846153846,11,1.833333333,0,Shaohua Gu; Ruolin He,1,17,1,-1.461,5.861534976
146,Madurastatin B2,,1,0,0,1,1,0,0,0,0,0,0,0,0,0,0,2,Carboxylate/Phenolate,NRPS,O=C(N[C@H](CO)C(=O)O)c1ccccc1O,"Ser, SA",2,1,0,C10H11NO5,225.198479,Actinomadura madurae,1,0,0,0,1,0,0,0,0,0,0,0,0,0,0,0,Actinomycetota,,,,,,,,,"Harada, Ken-ichi, et al. ""Isolation and structural characterization of siderophores, madurastatins, produced by a pathogenic Actinomadura madurae."" The Journal of antibiotics 57.2 (2004): 125-135.",,,,,,10,11,1,5,0,0.909090909,10,2,0,Ruolin He,1,15,6,-1.27,6.192746571
147,"2,3-dihydroxybenzoylserine",Stenobactin,7,0,1,0,1,0,0,0,0,0,0,0,0,0,0,3,Carboxylate/Catecholate,NRPS,O=C(N[C@@H](CO)C(=O)O)c1cccc(O)c1O,"Ser, diOH-Bz",2,1,0,C10H11NO6,241.197884,Klebsiella aerogenes; Escherichia sp. ST2; Escherichia coli; Klebsiella oxytoca; Stenotrophomonas maltophilia K279a; Salmonella enterica subsp. enterica serovar Typhimurium str. 14028S; Escherichia coli χ7122,1,0,0,0,0,0,0,1,0,0,0,0,0,0,0,0,Pseudomonadota,,diOH-Bz,,,,,,,"Brot, Nathan, James Goodwin, and Henry Fales. ""In vivo and in vitro formation of 2, 3-dihydroxybenzoylserine by Escherichia coli K12."" Biochemical and Biophysical Research Communications 25.4 (1966): 454-461.; Korth, Heinz. ""Über das Vorkommen von 2, 3-Dihydroxybenzoesäure und ihrer Aminosäurederivate in Kulturmedien von Klebsiella oxytoca."" Archives of Microbiology 70.3 (1970): 297-302.; O'brien, I. G., and F. Gibson. ""The structure of enterochelin and related 2, 3-dihydroxy-N-benzoyne conjugates from Eschericha coli."" Biochimica et Biophysica Acta (BBA)-General Subjects 215.2 (1970): 393-402.; Miles, A. A., and P. L. Khimji. ""Enterobacterial chelators of iron: their occurrence, detection, and relation to pathogenicity."" Journal of medical microbiology 8.4 (1975): 477-490.; Crouch, Marie‐Laure V., et al. ""Biosynthesis and IroC‐dependent export of the siderophore salmochelin are essential for virulence of Salmonella enterica serovar Typhimurium."" Molecular microbiology 67.5 (2008): 971-983.; Ahire, Jayesh J., et al. ""A potential probiotic culture ST2 produces siderophore 2, 3-dihydroxybenzoylserine under intestinal conditions."" Food chemistry 127.2 (2011): 387-393.; Caza, Mélissa, et al. ""Catecholate siderophore esterases Fes, IroD and IroE are required for salmochelins secretion following utilization, but only IroD contributes to virulence of extra‐intestinal pathogenic E scherichia coli."" Molecular microbiology 97.4 (2015): 717-732.; Nas, Megan Y., and Nicholas P. Cianciotto. ""Stenotrophomonas maltophilia produces an EntC-dependent catecholate siderophore that is distinct from enterobactin."" Microbiology 163.11 (2017): 1590-1603.; Liao, Chun-Hsing, et al. ""AmpR of Stenotrophomonas maltophilia is involved in stenobactin synthesis and enhanced β-lactam resistance in an iron-depleted condition."" Journal of Antimicrobial Chemotherapy 75.12 (2020): 3544-3551.; Hisatomi, Atsushi, et al. ""Idification and structural characterisation of a catecholate-type siderophore produced by Stenotrophomonas maltophilia K279a."" Microbiology 167.7 (2021): 001071.",,"Hider, Robert C., and Xiaole Kong. ""Chemistry and biology of siderophores."" Natural product reports 27.5 (2010): 637-657.",,,-350,10,11,1,6,0,0.909090909,10,1.666666667,0,Shaohua Gu; Ruolin He,1,15,7,-1.386,6.008465227
712,"(2,3-dihydroxybenzoylserine)2",(DHBS)2,3,0,2,0,0,0,0,0,0,0,0,0,0,0,0,4,Catecholate,NRPS,O=C(N[C@@H](COC(=O)[C@H](CO)NC(=O)c1cccc(O)c1O)C(=O)O)c1cccc(O)c1O,"Ser, diOH-Bz, Ser, diOH-Bz",4,1,0,C20H20N2O11,464.380481,Escherichia coli 83972; Salmonella enterica subsp. enterica serovar Typhimurium str. 14028S; Escherichia coli χ7122,1,0,0,0,0,0,0,1,0,0,0,0,0,0,0,0,Pseudomonadota,,diOH-Bz,,,,,,,"Crouch, Marie‐Laure V., et al. ""Biosynthesis and IroC‐dependent export of the siderophore salmochelin are essential for virulence of Salmonella enterica serovar Typhimurium."" Molecular microbiology 67.5 (2008): 971-983.; Watts, Rebecca E., et al. ""Contribution of siderophore systems to growth and urinary tract colonization of asymptomatic bacteriuria Escherichia coli."" Infection and immunity 80.1 (2012): 333-344.; Caza, Mélissa, et al. ""Catecholate siderophore esterases Fes, IroD and IroE are required for salmochelins secretion following utilization, but only IroD contributes to virulence of extra‐intestinal pathogenic E scherichia coli."" Molecular microbiology 97.4 (2015): 717-732.",,,,,,20,20,2,11,0,1,10,1.818181818,0,Yanzhao Wu; Jiqi Shao; Ruolin He,1,15,8,-2.609,4.538720913
819,Linear enterobactin,Linearized enterobactin,2,0,3,0,0,0,0,0,0,0,0,0,0,0,0,6,Catecholate,NRPS,O=C(N[C@@H](COC(=O)[C@H](COC(=O)[C@H](CO)NC(=O)c1cccc(O)c1O)NC(=O)c1cccc(O)c1O)C(=O)O)c1cccc(O)c1O,"Ser, diOH-Bz, Ser, Ser, diOH-Bz, diOH-Bz",6,1,0,C30H29N3O16,687.563078,Escherichia coli 83972; Escherichia coli χ7122,1,0,0,0,0,0,0,1,0,0,0,0,0,0,0,0,Pseudomonadota,,diOH-Bz,,,,,,,"Watts, Rebecca E., et al. ""Contribution of siderophore systems to growth and urinary tract colonization of asymptomatic bacteriuria Escherichia coli."" Infection and immunity 80.1 (2012): 333-344.; Caza, Mélissa, et al. ""Catecholate siderophore esterases Fes, IroD and IroE are required for salmochelins secretion following utilization, but only IroD contributes to virulence of extra‐intestinal pathogenic E scherichia coli."" Molecular microbiology 97.4 (2015): 717-732.",,,,,,30,29,3,16,0,1.034482759,10,1.875,0,Yanzhao Wu; Jiqi Shao; Ruolin He,1,15,9,-3.38,3.860475663
681,"N,N′-bis(S-2,3-dihydroxybenzoyl)-O-seryl methoxy serinate",,1,0,2,0,0,0,0,0,0,0,0,0,0,0,0,4,Catecholate,NRPS,COC(=O)[C@H](COC(=O)[C@H](CO)NC(=O)c1cccc(O)c1O)NC(=O)c1cccc(O)c1O,"Ser, diOH-Bz, OMe-Ser, diOH-Bz",4,1,0,C21H22N2O11,478.407103,Streptomyces varsoviensis,1,0,0,0,1,0,0,0,0,0,0,0,0,0,0,0,Actinomycetota,,diOH-Bz,,,,,,,"Liu, Zhixiang, Tingting Huang, and Shuangjun Lin. ""Catechol siderophores framed on 2, 3-dihydroxybenzoyl-L-serine from Streptomyces varsoviensis."" Frontiers in Microbiology 14 (2023): 1182449.","Liu, Zhixiang, Tingting Huang, and Shuangjun Lin. ""Catechol siderophores framed on 2, 3-dihydroxybenzoyl-L-serine from Streptomyces varsoviensis."" Frontiers in Microbiology 14 (2023): 1182449.",,,,,21,22,2,11,0,0.954545455,10.5,1.909090909,0,Ruolin He,1,15,4,-2.696,4.482670474
680,"N,N′,N′-tris(S-2,3-dihydroxybenzoyl)-O-seryl-O-seryl methoxy serinate",,1,0,3,0,0,0,0,0,0,0,0,0,0,0,0,6,Catecholate,NRPS,COC(=O)[C@H](COC(=O)[C@H](COC(=O)[C@H](CO)NC(=O)c1cccc(O)c1O)NC(=O)c1cccc(O)c1O)NC(=O)c1cccc(O)c1O,"Ser, Ser, OMe-Ser, diOH-Bz, diOH-Bz, diOH-Bz",6,1,0,C31H31N3O16,701.5897,Streptomyces varsoviensis,1,0,0,0,1,0,0,0,0,0,0,0,0,0,0,0,Actinomycetota,,diOH-Bz,,,,,,,"Liu, Zhixiang, Tingting Huang, and Shuangjun Lin. ""Catechol siderophores framed on 2, 3-dihydroxybenzoyl-L-serine from Streptomyces varsoviensis."" Frontiers in Microbiology 14 (2023): 1182449.","Liu, Zhixiang, Tingting Huang, and Shuangjun Lin. ""Catechol siderophores framed on 2, 3-dihydroxybenzoyl-L-serine from Streptomyces varsoviensis."" Frontiers in Microbiology 14 (2023): 1182449.",,,,,31,31,3,16,0,1,10.33333333,1.9375,0,Ruolin He,1,15,5,-3.456,3.828893679
820,Linear monoglucosyl-enterobactin,Linear MGE,1,0,3,0,0,0,0,0,0,0,0,0,0,0,0,6,Catecholate,NRPS,O=C(N[C@@H](COC(=O)[C@H](COC(=O)[C@H](CO)NC(=O)c1cccc(O)c1O)NC(=O)c1cc([C@@H]2O[C@H](CO)[C@@H](O)[C@H](O)[C@H]2O)cc(O)c1O)C(=O)O)c1cccc(O)c1O,"Ser, X0, Ser, diOH-Bz, Ser, diOH-Bz",6,0.65,1,C36H39N3O21,849.703953,Escherichia coli χ7122,1,0,0,0,0,0,0,1,0,0,0,0,0,0,0,0,Pseudomonadota,,diOH-Bz,,,,,,,"Caza, Mélissa, et al. ""Catecholate siderophore esterases Fes, IroD and IroE are required for salmochelins secretion following utilization, but only IroD contributes to virulence of extra‐intestinal pathogenic E scherichia coli."" Molecular microbiology 97.4 (2015): 717-732.",,,,,,36,39,3,21,0,0.923076923,12,1.714285714,0,Yanzhao Wu; Jiqi Shao; Ruolin He,1,15,10,-2.824,3.543773445
144,Salmochelin S2,,19,0,3,0,0,0,0,0,0,0,0,0,0,0,0,6,Catecholate,NRPS,O=C(NC(COC(=O)C(COC(=O)C(CO)NC(=O)c1cccc(O)c1O)NC(=O)c1cc(C2OC(CO)C(O)C(O)C2O)cc(O)c1O)C(=O)O)c1cc(C2OC(CO)C(O)C(O)C2O)cc(O)c1O,"Ser, X0, Ser, Ser, diOH-Bz, X0",6,0.408450704,2,C42H49N3O26,1011.844828,Salmonella enterica subsp. enterica serovar Paratyphi B str. IHS1319; Escherichia coli χ7122; Escherichia coli 83972; Escherichia coli UTI89; Escherichia coli CFT073; Escherichia coli ASB1; Escherichia coli ASB2; Escherichia coli ASB3; Escherichia coli ASB5; Escherichia coli acute1; Escherichia coli acute2; Escherichia coli acute3; Escherichia coli acute4; Escherichia coli rUTI2; Escherichia coli rUTI3; Escherichia coli rUTI5; Escherichia coli pyelo4; Salmonella enterica subsp. enterica serovar Typhimurium str. 14028S; Escherichia coli S88,1,0,0,0,0,0,0,1,0,0,0,0,0,0,0,0,Pseudomonadota,,diOH-Bz,,,,,,,"Bister, Bojan, et al. ""The structure of salmochelins: C-glucosylated enterobactins of Salmonella enterica §."" Biometals 17 (2004): 471-481.; Caza, Mélissa, et al. ""Specific roles of the iroBCDEN genes in virulence of an avian pathogenic Escherichia coli O78 strain and in production of salmochelins."" Infection and immunity 76.8 (2008): 3539-3549.; Crouch, Marie‐Laure V., et al. ""Biosynthesis and IroC‐dependent export of the siderophore salmochelin are essential for virulence of Salmonella enterica serovar Typhimurium."" Molecular microbiology 67.5 (2008): 971-983.; Henderson, Jeffrey P., et al. ""Quantitative metabolomics reveals an epigenetic blueprint for iron acquisition in uropathogenic Escherichia coli."" PLoS pathogens 5.2 (2009): e1000305.; Watts, Rebecca E., et al. ""Contribution of siderophore systems to growth and urinary tract colonization of asymptomatic bacteriuria Escherichia coli."" Infection and immunity 80.1 (2012): 333-344.; Genuini, Mathieu, et al. ""ShiF acts as an auxiliary factor of aerobactin secretion in meningitis Escherichia coli strain S88."" BMC microbiology 19 (2019): 1-8.",,,,,,42,49,3,26,0,0.857142857,14,1.615384615,0,Shaohua Gu; Ruolin He,1,15,2,-2.514,3.304987982
145,Salmochelin S1,,5,0,2,0,0,0,0,0,0,1,0,0,0,0,0,6,Alpha-Aminocarboxylate/Catecholate,NRPS,O=C(NC(COC(=O)C(CO)NC(=O)c1cccc(O)c1O)C(=O)O)c1cc(C2OC(CO)C(O)C(O)C2O)cc(O)c1O,"Ser, X0, Ser, diOH-Bz",4,0.522727273,1,C26H30N2O16,626.521356,Salmonella enterica subsp. enterica serovar Paratyphi B str. IHS1319; Escherichia coli χ7122; Escherichia coli 83972; Salmonella enterica subsp. enterica serovar Typhimurium str. 14028S; Escherichia coli S88,1,0,0,0,0,0,0,1,0,0,0,0,0,0,0,0,Pseudomonadota,,diOH-Bz,,,,,,,"Bister, Bojan, et al. ""The structure of salmochelins: C-glucosylated enterobactins of Salmonella enterica §."" Biometals 17 (2004): 471-481.; Caza, Mélissa, et al. ""Specific roles of the iroBCDEN genes in virulence of an avian pathogenic Escherichia coli O78 strain and in production of salmochelins."" Infection and immunity 76.8 (2008): 3539-3549.; Crouch, Marie‐Laure V., et al. ""Biosynthesis and IroC‐dependent export of the siderophore salmochelin are essential for virulence of Salmonella enterica serovar Typhimurium."" Molecular microbiology 67.5 (2008): 971-983.; Watts, Rebecca E., et al. ""Contribution of siderophore systems to growth and urinary tract colonization of asymptomatic bacteriuria Escherichia coli."" Infection and immunity 80.1 (2012): 333-344.; Genuini, Mathieu, et al. ""ShiF acts as an auxiliary factor of aerobactin secretion in meningitis Escherichia coli strain S88."" BMC microbiology 19 (2019): 1-8.",,,,,,26,30,2,16,0,0.866666667,13,1.625,0,Shaohua Gu; Ruolin He,1,15,3,-2.218,4.00982345
143,Salmochelin SX,Pacifarinic acid,5,0,1,0,0,0,0,0,0,1,0,0,0,0,0,4,Alpha-Aminocarboxylate/Catecholate,NRPS,O=C(NC(CO)C(=O)O)c1cc(C2OC(CO)C(O)C(O)C2O)cc(O)c1O,"Ser, X0",2,0.25,1,C16H21NO11,403.338759,Enterobacter cloacae; Salmonella enterica subsp. enterica serovar Paratyphi B str. IHS1319; Escherichia coli χ7122; Escherichia coli 83972; Salmonella enterica subsp. enterica serovar Typhimurium str. 14028S,1,0,0,0,0,0,0,1,0,0,0,0,0,0,0,0,Pseudomonadota,,diOH-Bz,,,,,,,"Bister, Bojan, et al. ""The structure of salmochelins: C-glucosylated enterobactins of Salmonella enterica §."" Biometals 17 (2004): 471-481.; Caza, Mélissa, et al. ""Specific roles of the iroBCDEN genes in virulence of an avian pathogenic Escherichia coli O78 strain and in production of salmochelins."" Infection and immunity 76.8 (2008): 3539-3549.; Crouch, Marie‐Laure V., et al. ""Biosynthesis and IroC‐dependent export of the siderophore salmochelin are essential for virulence of Salmonella enterica serovar Typhimurium."" Molecular microbiology 67.5 (2008): 971-983.; Watts, Rebecca E., et al. ""Contribution of siderophore systems to growth and urinary tract colonization of asymptomatic bacteriuria Escherichia coli."" Infection and immunity 80.1 (2012): 333-344.",,,,,,16,21,1,11,0,0.761904762,16,1.454545455,0,Shaohua Gu; Ruolin He,1,15,1,-1.381,4.815558982
134,Alterobactin A,,1,0,1,0,0,0,2,0,0,0,0,0,0,0,0,6,Alpha-Hydroxycarboxylate/Catecholate,Hybrid NRPS/PKS,NC(N)=NCCC[C@@H]1NC(=O)CNC(=O)[C@H](NC(=O)C[C@H](O)[C@H](N)CCCCNC(=O)c2cccc(O)c2O)COC(=O)[C@H]([C@H](O)C(=O)O)NC(=O)CNC(=O)[C@H]([C@H](O)C(=O)O)NC1=O,"Ser, 1-(3OH-PA)-Put, diOH-Bz, Gly, Gly, OH-Asp, Arg, OH-Asp",8,1,0,C36H53N11O18,927.870536,Pseudoalteromonas luteoviolacea,1,0,0,0,0,0,0,1,0,0,0,0,0,0,0,0,Pseudomonadota,,diOH-Bz,Asp,,,,,,"Reid, Richard T., et al. ""A siderophore from a marine bacterium with an exceptional ferric ion affinity constant."" Nature 366.6454 (1993): 455-458.",,,,,,36,53,11,18,0,0.679245283,3.272727273,2,0,Shaohua Gu; Ruolin He,1,13,1,-2.328,3.421048828
135,Lystabactin B,,1,2,1,0,0,0,0,0,0,0,0,0,0,0,0,6,Catecholate/Hydroxamate,Hybrid NRPS/PKS,NC(=O)C[C@H]1NC(=O)[C@H](CCCN(O)C=O)NC(=O)[C@H](NC(=O)C[C@H](O)[C@@H](N)CCCCNC(=O)c2cccc(O)c2O)COC(=O)[C@H](CCCN(O)C=O)NC1=O,"Fo-OH-Orn, Ser, Fo-OH-Orn, Asn, 1-(3OH-PA)-Put, diOH-Bz",6,1,0,C34H51N9O15,825.821553,Pseudoalteromonas sp.,1,0,0,0,0,0,0,1,0,0,0,0,0,0,0,0,Pseudomonadota,Orn derivatives,diOH-Bz,,,,,,,"Zane, Hannah K., and Alison Butler. ""Isolation, structure elucidation, and iron-binding properties of lystabactins, siderophores isolated from a marine Pseudoalteromonas sp."" Journal of Natural Products 76.4 (2013): 648-654.",,,,,,34,51,9,15,0,0.666666667,3.777777778,2.266666667,0,Ruolin He,1,13,2,-2.403,3.584614582
136,Pseudoalterobactin A,Pseudo-alterobactin A,1,0,1,0,0,0,2,0,0,0,0,0,0,0,0,6,Alpha-Hydroxycarboxylate/Catecholate,Hybrid NRPS/PKS,NCCCCC1NC(=O)C(NC(=O)C(NC(=O)C(CC(N)=O)NC(=O)CC(O)C(N)CCCCNC(=O)c2ccc(S(=O)(=O)O)c(O)c2O)C(O)C(=O)O)CCCCNC(=O)CNC(=O)C(C(O)C(=O)O)NC1=O,"Lys, Gly, OH-Asp, Asn, Lys, OH-Asp, 1-(3OH-PA)-Put, 4S-diOH(2,3)-Bz",8,1,0,C41H63N11O21S,1078.066661,Pseudoalteromonas sp. KP20-4,1,0,0,0,0,0,0,1,0,0,0,0,0,0,0,0,Pseudomonadota,,diOH-Bz,Asp,,,,,,"Kanoh, Kaneo, et al. ""Pseudoalterobactin A and B, new siderophores excreted by marine bacterium Pseudoalteromonas sp. KP20-4."" The Journal of Antibiotics 56.10 (2003): 871-875.","Chau, Rocky, et al. ""A Pseudoalteromonas clade with remarkable biosynthetic potential."" Applied and Environmental Microbiology 87.6 (2021): e02604-20.",,,,,41,63,11,21,1,0.650793651,3.727272727,1.952380952,41,Shaohua Gu; Ruolin He,1,13,3,-1.998,3.222930163
137,Pseudoalterobactin B,Pseudo-alterobactin B,1,0,1,0,0,0,2,0,0,0,0,0,0,0,0,6,Alpha-Hydroxycarboxylate/Catecholate,Hybrid NRPS/PKS,NC(=O)CC(NC(=O)CC(O)C(N)CCCCNC(=O)c1ccc(S(=O)(=O)O)c(O)c1O)C(=O)NC(C(=O)NC1CCCCNC(=O)CNC(=O)C(C(O)C(=O)O)NC(=O)C(CCCN=C(N)N)NC1=O)C(O)C(=O)O,"Gly, OH-Asp, Lys, OH-Asp, Arg, 1-(3OH-PA)-Put, 4S-diOH(2,3)-Bz, Asn",8,1,0,C41H63N13O21S,1106.080067,Pseudoalteromonas sp. KP20-4,1,0,0,0,0,0,0,1,0,0,0,0,0,0,0,0,Pseudomonadota,,diOH-Bz,Asp,,,,,,"Kanoh, Kaneo, et al. ""Pseudoalterobactin A and B, new siderophores excreted by marine bacterium Pseudoalteromonas sp. KP20-4."" The Journal of Antibiotics 56.10 (2003): 871-875.","Chau, Rocky, et al. ""A Pseudoalteromonas clade with remarkable biosynthetic potential."" Applied and Environmental Microbiology 87.6 (2021): e02604-20.",,,,,41,63,13,21,1,0.650793651,3.153846154,1.952380952,41,Shaohua Gu; Ruolin He,1,13,4,-2.143,3.19039133
760,Bolagladin B,Gladiochelin B,2,0,0,0,2,0,0,0,0,0,0,0,0,0,0,2,Carboxylate,NRPS,CC[C@@H](C)[C@H]1NC(=O)[C@@H](NC(=O)/C=C/NC(=O)/C=C\CCCCCCC/C=C\CCCCC(CC(=O)O)(OC)C(=O)O)COC(=O)[C@H](CO)NC(=O)[C@H](CCO)NC1=O,"Ser, Hse, Ile/aIle, Ser, bNH2-AcA, X0",6,0.542372881,1,C40H63N5O14,837.955068,Burkholderia gladioli BCC0238; Burkholderia gladioli pv. Cocovenenans,1,0,0,0,0,0,0,1,0,0,0,0,0,0,0,0,Pseudomonadota,,,,,,,,,"Dashti, Yousef, et al. ""Discovery and biosynthesis of bolagladins: Unusual lipodepsipeptides from Burkholderia gladioli clinical isolates."" Angewandte Chemie 132.48 (2020): 21737-21745.; Dose, Benjamin, et al. ""Food‐Poisoning Bacteria Employ a Citrate Synthase and a Type II NRPS To Synthesize Bolaamphiphilic Lipopeptide Antibiotics."" Angewandte Chemie International Edition 59.48 (2020): 21535-21540.",[Discovery and Biosynthesis of Bolagladins: Unusual Lipodepsipeptides from Burkholderia gladioli Clinical Isolates** - Dashti - 2020 - Angewandte Chemie International Edition - Wiley Online Library](https://onlinelibrary.wiley.com/doi/10.1002/anie.202009110); [Food‐Poisoning Bacteria Employ a Citrate Synthase and a Type II NRPS To Synthesize Bolaamphiphilic Lipopeptide Antibiotics** - Dose - 2020 - Angewandte Chemie International Edition - Wiley Online Library](https://onlinelibrary.wiley.com/doi/10.1002/anie.202009107),,,,,40,63,5,14,0,0.634920635,8,2.857142857,0,Yanzhao Wu; Jiqi Shao; Ruolin He,1,52,1,-3.854,3.563652139
759,Bolagladin A,Gladiochelin A,2,0,0,0,2,0,0,0,0,0,0,0,0,0,0,2,Carboxylate,NRPS,COC(CCCC/C=C\CCCCCCC/C=C\C(=O)N/C=C/C(=O)N[C@H]1COC(=O)[C@H](CO)NC(=O)[C@H](CCO)NC(=O)[C@@H](C(C)C)NC1=O)(CC(=O)O)C(=O)O,"Ser, Ser, bNH2-AcA, Hse, X0, Val",6,0.534482759,1,C39H61N5O14,823.928446,Burkholderia gladioli BCC0238; Burkholderia gladioli pv. Cocovenenans,1,0,0,0,0,0,0,1,0,0,0,0,0,0,0,0,Pseudomonadota,,,,,,,,,"Dashti, Yousef, et al. ""Discovery and biosynthesis of bolagladins: Unusual lipodepsipeptides from Burkholderia gladioli clinical isolates."" Angewandte Chemie 132.48 (2020): 21737-21745.; Dose, Benjamin, et al. ""Food‐Poisoning Bacteria Employ a Citrate Synthase and a Type II NRPS To Synthesize Bolaamphiphilic Lipopeptide Antibiotics."" Angewandte Chemie International Edition 59.48 (2020): 21535-21540.",[Discovery and Biosynthesis of Bolagladins: Unusual Lipodepsipeptides from Burkholderia gladioli Clinical Isolates** - Dashti - 2020 - Angewandte Chemie International Edition - Wiley Online Library](https://onlinelibrary.wiley.com/doi/10.1002/anie.202009110); [Food‐Poisoning Bacteria Employ a Citrate Synthase and a Type II NRPS To Synthesize Bolaamphiphilic Lipopeptide Antibiotics** - Dose - 2020 - Angewandte Chemie International Edition - Wiley Online Library](https://onlinelibrary.wiley.com/doi/10.1002/anie.202009107),,,,,39,61,5,14,0,0.639344262,7.8,2.785714286,0,Yanzhao Wu; Jiqi Shao; Ruolin He,1,52,2,-3.701,3.587925908
438,Acidobactin A,,1,1,0,0,0,0,1,0,0,0,0,0,0,0,0,4,Alpha-Hydroxycarboxylate/Hydroxamate,Hybrid NRPS/PKS,CC1CC(=O)NC(CCCN(O)C=O)C(O)CC(=O)NC(C(C)O)C(=O)NC(CCCNO)C(=O)NC(CO)C(=O)NC(C(O)C(=O)O)C(=O)O1,"aThr/Thr, NFo-NOH-5-(3OH-PA)-Put, OH-Orn, Ser, C4:0-OH(3), OH-Asp",6,1,0,C28H47N7O16,737.711348,Acidovorax citrulli AAC00-1,1,0,0,0,0,0,0,1,0,0,0,0,0,0,0,0,Pseudomonadota,Orn derivatives,,Asp,,,,,,"Griffiths, G. L., et al. ""Vibriobactin, a siderophore from Vibrio cholerae."" Journal of Biological Chemistry 259.1 (1984): 383-385.; Johnston, Chad W., et al. ""An automated Genomes-to-Natural Products platform (GNP) for the discovery of modular natural products."" Nature communications 6.1 (2015): 8421.","Johnston, Chad W., et al. ""An automated Genomes-to-Natural Products platform (GNP) for the discovery of modular natural products."" Nature communications 6.1 (2015): 8421.",,,,,28,47,7,16,0,0.595744681,4,1.75,0,Ruolin He,2,15,1,-1.516,3.751672236
439,Vacidobactin A,,1,1,0,0,0,0,1,0,0,0,0,0,0,0,0,4,Alpha-Hydroxycarboxylate/Hydroxamate,Hybrid NRPS/PKS,CC1CC(=O)NC(CCCN(O)C=O)C(O)C(C)C(=O)NC(C(C)O)C(=O)NC(CCCNO)C(=O)NC(CO)C(=O)NC(C(O)C(=O)O)C(=O)O1,"C4:0-OH(3), OH-Asp, aThr/Thr, Nfo-NOH-5OHBA-Put, OH-Orn, Ser",6,1,0,C29H49N7O16,751.73797,Variovorax paradoxus S110,1,0,0,0,0,0,0,1,0,0,0,0,0,0,0,0,Pseudomonadota,Orn derivatives,,Asp,,,,,,"Johnston, Chad W., et al. ""An automated Genomes-to-Natural Products platform (GNP) for the discovery of modular natural products."" Nature communications 6.1 (2015): 8421.","Johnston, Chad W., et al. ""An automated Genomes-to-Natural Products platform (GNP) for the discovery of modular natural products."" Nature communications 6.1 (2015): 8421.",,,,,29,49,7,16,0,0.591836735,4.142857143,1.8125,0,Ruolin He,2,15,2,-1.583,3.723167281
440,Vacidobactin B,,1,1,0,0,0,0,1,0,0,0,0,0,0,0,0,4,Alpha-Hydroxycarboxylate/Hydroxamate,Hybrid NRPS/PKS,CC1CC(=O)NC(CCCN(O)C=O)C(O)C(C)C(=O)NC(C(C)O)C(=O)NC(CCCN)C(=O)NC(CO)C(=O)NC(C(O)C(=O)O)C(=O)O1,"Orn, aThr/Thr, C4:0-OH(3), OH-Asp, Nfo-NOH-5OHBA-Put, Ser",6,1,0,C29H49N7O15,735.738565,Variovorax paradoxus S110,1,0,0,0,0,0,0,1,0,0,0,0,0,0,0,0,Pseudomonadota,Orn derivatives,,Asp,,,,,,"Johnston, Chad W., et al. ""An automated Genomes-to-Natural Products platform (GNP) for the discovery of modular natural products."" Nature communications 6.1 (2015): 8421.","Johnston, Chad W., et al. ""An automated Genomes-to-Natural Products platform (GNP) for the discovery of modular natural products."" Nature communications 6.1 (2015): 8421.",,,,,29,49,7,15,0,0.591836735,4.142857143,1.933333333,0,Ruolin He,2,15,3,-1.526,3.755745234
441,Acidobactin B,,1,1,0,0,0,0,1,0,0,0,0,0,0,0,0,4,Alpha-Hydroxycarboxylate/Hydroxamate,Hybrid NRPS/PKS,CC1CC(=O)NC(CCCN(O)C=O)C(O)CC(=O)NC(C(C)O)C(=O)NC(CCCN)C(=O)NC(CO)C(=O)NC(C(O)C(=O)O)C(=O)O1,"Orn, aThr/Thr, C4:0-OH(3), OH-Asp, Ser, NFo-NOH-5-(3OH-PA)-Put",6,1,0,C28H47N7O15,721.711943,Acidovorax citrulli AAC00-1,1,0,0,0,0,0,0,1,0,0,0,0,0,0,0,0,Pseudomonadota,Orn derivatives,,Asp,,,,,,"Griffiths, G. L., et al. ""Vibriobactin, a siderophore from Vibrio cholerae."" Journal of Biological Chemistry 259.1 (1984): 383-385.; Johnston, Chad W., et al. ""An automated Genomes-to-Natural Products platform (GNP) for the discovery of modular natural products."" Nature communications 6.1 (2015): 8421.","Johnston, Chad W., et al. ""An automated Genomes-to-Natural Products platform (GNP) for the discovery of modular natural products."" Nature communications 6.1 (2015): 8421.",,,,,28,47,7,15,0,0.595744681,4,1.866666667,0,Ruolin He,2,15,4,-1.464,3.785174558
707,Tistrellabactin A,,1,1,0,0,0,0,1,0,0,0,0,0,1,0,0,6,Alpha-Hydroxycarboxylate/Diazeniumdiolate/Hydroxamate,NRPS,CC(O)CC(=O)N(O)CCCC1NC(=O)C(CC(N)=O)NC(=O)C(C(O)C(=O)O)NC(=O)C(CCC(N)=O)NC(=O)C(CCC(N)=O)NC(=O)C(CCCN(O)N=O)NC(=O)C(NC(=O)C(N)CCC(N)=O)COC1=O,"OH-Orn, C4:0-OH(3), OH-Asp, Gln, Ser, Asn, Gra, Gln, Gln",9,1,0,C40H65N15O21,1092.033815,Tistrella mobilis KA081020-065,1,0,0,0,0,0,0,1,0,0,0,0,0,0,0,0,Pseudomonadota,Orn derivatives,,Asp,,,,Gra,,"Makris, Christina, Jamie K. Leckrone, and Alison Butler. ""Tistrellabactins A and B Are Photoreactive C-Diazeniumdiolate Siderophores from the Marine-Derived Strain Tistrella mobilis KA081020-065."" Journal of Natural Products 86.7 (2023): 1770-1778.","Makris, Christina, Jamie K. Leckrone, and Alison Butler. ""Tistrellabactins A and B Are Photoreactive C-Diazeniumdiolate Siderophores from the Marine-Derived Strain Tistrella mobilis KA081020-065."" Journal of Natural Products 86.7 (2023): 1770-1778.",,,,,40,65,15,21,0,0.615384615,2.666666667,1.904761905,0,Ruolin He,2,23,2,-2.184,3.206554993
708,Tistrellabactin B,,1,1,0,0,0,0,1,0,0,0,0,0,1,0,0,6,Alpha-Hydroxycarboxylate/Diazeniumdiolate/Hydroxamate,NRPS,CC(O)CC(=O)N(O)CCCC1NC(=O)C(CC(=O)O)NC(=O)C(C(O)C(=O)O)NC(=O)C(CCC(N)=O)NC(=O)C(CCC(N)=O)NC(=O)C(CCCN(O)N=O)NC(=O)C(NC(=O)C(N)CCC(N)=O)COC1=O,"Gln, Gln, Asp, OH-Asp, Ser, OH-Orn, Gra, C4:0-OH(3), Gln",9,1,0,C40H64N14O22,1093.018576,Tistrella mobilis KA081020-065,1,0,0,0,0,0,0,1,0,0,0,0,0,0,0,0,Pseudomonadota,Orn derivatives,,Asp,,,,Gra,,"Makris, Christina, Jamie K. Leckrone, and Alison Butler. ""Tistrellabactins A and B Are Photoreactive C-Diazeniumdiolate Siderophores from the Marine-Derived Strain Tistrella mobilis KA081020-065."" Journal of Natural Products 86.7 (2023): 1770-1778.","Makris, Christina, Jamie K. Leckrone, and Alison Butler. ""Tistrellabactins A and B Are Photoreactive C-Diazeniumdiolate Siderophores from the Marine-Derived Strain Tistrella mobilis KA081020-065."" Journal of Natural Products 86.7 (2023): 1770-1778.",,,,,40,64,14,22,0,0.625,2.857142857,1.818181818,0,Ruolin He,2,23,1,-2.191,3.20541195
447,Megapolibactin Acyc,,1,0,0,0,0,0,1,0,0,0,0,0,2,0,0,6,Alpha-Hydroxycarboxylate/Diazeniumdiolate,NRPS,CCCCCCC[C@@H](O)CC(=O)NCC(=O)N[C@@H](C(=O)N[C@H]1COC(=O)[C@@H](CCCN(O)N=O)NC(=O)[C@H](C)NC(=O)[C@@H](CCCN(O)N=O)NC(=O)[C@@H]([C@@H](C)O)NC1=O)[C@@H](O)C(=O)O,"Gra, Ala, Gra, aThr/Thr, Gly, C10:0-OH(3), Ser, OH-Asp",8,1,0,C36H61N11O18,935.934064,Paraburkholderia megapolitana DSM23488,1,0,0,0,0,0,0,1,0,0,0,0,0,0,0,0,Pseudomonadota,,,Asp,,,,Gra,,"Hermenau, Ron, et al. ""Genomics‐driven discovery of NO‐donating diazeniumdiolate siderophores in diverse plant‐associated bacteria."" Angewandte Chemie 131.37 (2019): 13158-13163.","Hermenau, Ron, et al. ""Genomics‐driven discovery of NO‐donating diazeniumdiolate siderophores in diverse plant‐associated bacteria."" Angewandte Chemie 131.37 (2019): 13158-13163.",,,,,36,61,11,18,0,0.590163934,3.272727273,2,0,Ruolin He,2,17,3,-2.341,3.409248984
446,Megapolibactin Bcyc,,1,0,0,0,0,0,1,0,0,0,0,0,2,0,0,6,Alpha-Hydroxycarboxylate/Diazeniumdiolate,NRPS,CCCCCCCCC[C@@H](O)CC(=O)NCC(=O)N[C@@H](C(=O)N[C@H]1COC(=O)[C@@H](CCCN(O)N=O)NC(=O)[C@H](C)NC(=O)[C@@H](CCCN(O)N=O)NC(=O)[C@@H]([C@@H](C)O)NC1=O)[C@@H](O)C(=O)O,"Gra, Ala, aThr/Thr, Ser, OH-Asp, Gra, Gly, C12:0-OH(3)",8,1,0,C38H65N11O18,963.987308,Paraburkholderia megapolitana DSM23488,1,0,0,0,0,0,0,1,0,0,0,0,0,0,0,0,Pseudomonadota,,,Asp,,,,Gra,,"Hermenau, Ron, et al. ""Genomics‐driven discovery of NO‐donating diazeniumdiolate siderophores in diverse plant‐associated bacteria."" Angewandte Chemie 131.37 (2019): 13158-13163.","Hermenau, Ron, et al. ""Genomics‐driven discovery of NO‐donating diazeniumdiolate siderophores in diverse plant‐associated bacteria."" Angewandte Chemie 131.37 (2019): 13158-13163.",,,,,38,65,11,18,0,0.584615385,3.454545455,2.111111111,0,Ruolin He,2,17,2,-2.541,3.369326233
445,Gramibactin,,1,0,0,0,0,0,1,0,0,0,0,0,2,0,0,6,Alpha-Hydroxycarboxylate/Diazeniumdiolate,NRPS,CCCCCCCC(=O)N[C@@H](C(=O)N[C@@H]1C(=O)N[C@H]([C@@H](C)O)C(=O)N[C@H](CCCN(O)N=O)C(=O)NCC(=O)N[C@H](CCCN(O)N=O)C(=O)O[C@@H]1C)[C@@H](O)C(=O)O,"OH-Asp, C8:0, aThr/Thr, Gra, aThr/Thr, Gly, Gra",7,1,0,C32H54N10O16,834.830004,Paraburkholderia graminis,1,0,0,0,0,0,0,1,0,0,0,0,0,0,0,0,Pseudomonadota,,,Asp,,,,Gra,,"Hermenau, R., Ishida, K., Gama, S. et al. Gramibactin is a bacterial siderophore with a diazeniumdiolate ligand system. Nat Chem Biol 14, 841–843 (2018).","Hermenau, R., Ishida, K., Gama, S. et al. Gramibactin is a bacterial siderophore with a diazeniumdiolate ligand system. Nat Chem Biol 14, 841–843 (2018).",,,,,32,54,10,16,0,0.592592593,3.2,2,0,Ruolin He,2,17,1,-2.452,3.569008464
442,Ferrocin C/D,,1,3,0,0,0,0,0,0,0,0,0,0,0,0,0,6,Hydroxamate,Putative NRPS,CCCCCC/C=C\CC(=O)N[C@H]1COC(=O)CNC(=O)C(CCCN(O)C(=O)CC)NC(=O)CNC(=O)[C@H](C)NC(=O)C(CCCN(O)C(=O)CC)NC(=O)[C@H](CO)NC(=O)[C@@H](C(C)C)NC(=O)CNC(=O)C(CCCN(O)C(=O)CC)NC1=O,"Gly, Ser, C10:1(2), Ser, Ala, Gly, Val, Gly, Pr-OH-Orn, Pr-OH-Orn, Pr-OH-Orn",11,1,0,C54H91N13O19,1226.378425,Pseudomonas fluorescens YK-310,1,0,0,0,0,0,0,1,0,0,0,0,0,0,0,0,Pseudomonadota,Orn derivatives,,,,,,,,"KATAYAMA, NOZOMI, et al. ""Ferrocins, new iron-containing peptide antibiotics produced by bacteria taxonomy, fermentation and biological activity."" The Journal of Antibiotics 46.1 (1993): 65-70.",,,,,,54,91,13,19,0,0.593406593,4.153846154,2.842105263,0,Ruolin He,2,16,1,-4.013,3.06318747
443,Ferrocin A,,1,3,0,0,0,0,0,0,0,0,0,0,0,0,0,6,Hydroxamate,Putative NRPS,CCCCCC/C=C/CC(=O)NC1COC(=O)CNC(=O)C(CCCN(O)C(C)=O)NC(=O)CNC(=O)C(C)NC(=O)C(CCCN(O)C(C)=O)NC(=O)C(CO)NC(=O)C(C(C)C)NC(=O)CNC(=O)C(CCCN(O)C(C)=O)NC1=O,"Ser, Val, Gly, Ac-OH-Orn, Ala, Ac-OH-Orn, Ser, Gly, Ac-OH-Orn, C10:1(2), Gly",11,1,0,C51H85N13O19,1184.298559,Pseudomonas fluorescens,1,0,0,0,0,0,0,1,0,0,0,0,0,0,0,0,Pseudomonadota,Orn derivatives,,,,,,,,"KATAYAMA, NOZOMI, et al. ""Ferrocins, new iron-containing peptide antibiotics produced by bacteria taxonomy, fermentation and biological activity."" The Journal of Antibiotics 46.1 (1993): 65-70.; TSUBOTANI, SHIGETOSHI, et al. ""FERROCINS, NEW IRON-CONTAINING PEPTIDE ANTIBIOTICS PRODUCED BY BACTERIA ISOLATION, CHARACTERIZATION AND STRUCTURE ELUCIDATION."" The Journal of Antibiotics 46.2 (1993): 287-293.",,,,,,51,85,13,19,0,0.6,3.923076923,2.684210526,0,Shaohua Gu; Ruolin He,2,16,2,-3.665,3.105543868
444,Ferrocin B,,1,3,0,0,0,0,0,0,0,0,0,0,0,0,0,6,Hydroxamate,Putative NRPS,CCCCCC/C=C\CC(=O)N[C@H]1COC(=O)CNC(=O)C(CCCN(O)C(C)=O)NC(=O)CNC(=O)[C@H](CO)NC(=O)C(CCCN(O)C(C)=O)NC(=O)[C@H](CO)NC(=O)[C@@H](C(C)C)NC(=O)CNC(=O)C(CCCN(O)C(C)=O)NC1=O,"Gly, Ac-OH-Orn, Ser, Gly, Ser, Val, C10:1(2), Ac-OH-Orn, Ac-OH-Orn, Gly, Ser",11,1,0,C51H85N13O20,1200.297964,Pseudomonas fluorescens,1,0,0,0,0,0,0,1,0,0,0,0,0,0,0,0,Pseudomonadota,Orn derivatives,,,,,,,,"KATAYAMA, NOZOMI, et al. ""Ferrocins, new iron-containing peptide antibiotics produced by bacteria taxonomy, fermentation and biological activity."" The Journal of Antibiotics 46.1 (1993): 65-70.; TSUBOTANI, SHIGETOSHI, et al. ""FERROCINS, NEW IRON-CONTAINING PEPTIDE ANTIBIOTICS PRODUCED BY BACTERIA ISOLATION, CHARACTERIZATION AND STRUCTURE ELUCIDATION."" The Journal of Antibiotics 46.2 (1993): 287-293.",,,,,,51,85,13,20,0,0.6,3.923076923,2.55,0,Shaohua Gu; Ruolin He,2,16,3,-3.352,3.089185781
437,Acremonpeptide D,,1,3,0,0,0,0,0,0,0,0,0,0,0,0,0,6,Hydroxamate,Putative NRPS,CC(=O)N(O)CCC[C@@H]1NC(=O)[C@H](CCCN(O)C(C)=O)NC(=O)[C@H](Cc2ccccc2)NC(=O)[C@H](CC(C)C)NC(=O)[C@H](Cc2c[nH]c3ccccc23)NC(=O)[C@H](CCCN(O)C(C)=O)NC1=O,"Ac-OH-Orn, Ac-OH-Orn, Phe, Leu, Trp, Ac-OH-Orn",6,1,0,C47H66N10O12,963.088776,Acremonium persicinum SCSIO 115,0,1,0,0,0,0,0,0,0,0,1,0,0,0,0,0,Ascomycota,Orn derivatives,,,,,,,,"Luo, Minghe, et al. ""Natural hydroxamate-containing siderophore acremonpeptides A–D and an aluminum complex of acremonpeptide D from the marine-derived Acremonium persicinum SCSIO 115."" Journal of natural products 82.9 (2019): 2594-2600.",,,,,,47,66,10,12,0,0.712121212,4.7,3.916666667,0,Ruolin He,2,14,6,-4.975,3.370578572
436,Acremonpeptide B,,1,3,0,0,0,0,0,0,0,0,0,0,0,0,0,6,Hydroxamate,Putative NRPS,CC(=O)N(O)CCC[C@@H]1NC(=O)[C@H](CCCN(O)C(C)=O)NC(=O)[C@H](CCCN(O)C(C)=O)NC(=O)[C@H](Cc2ccccc2)NC(=O)[C@H](CC(C)C)NC(=O)[C@H](C)NC1=O,"Leu, Ala, Ac-OH-Orn, Ac-OH-Orn, Ac-OH-Orn, Phe",6,1,0,C39H61N9O12,847.956448,Acremonium persicinum SCSIO 115,0,1,0,0,0,0,0,0,0,0,1,0,0,0,0,0,Ascomycota,Orn derivatives,,,,,,,,"Luo, Minghe, et al. ""Natural hydroxamate-containing siderophore acremonpeptides A–D and an aluminum complex of acremonpeptide D from the marine-derived Acremonium persicinum SCSIO 115."" Journal of natural products 82.9 (2019): 2594-2600.",,,,,,39,61,9,12,0,0.639344262,4.333333333,3.25,0,Ruolin He,2,14,5,-3.888,3.546704614
435,Acremonpeptide E,,1,3,0,0,0,0,0,0,0,0,0,0,0,0,0,6,Hydroxamate,Putative NRPS,CC(=O)N(O)CCCC1NC(=O)[C@@H](Cc2ccccc2)NC(=O)[C@H](CC(C)C)NC(=O)[C@H](C)NC(=O)[C@H](CCCN(O)C(C)=O)NC(=O)[C@H](CCCN(O)C(C)=O)NC1=O,"Ac-OH-Orn, Phe, Leu, Ala, Ac-OH-Orn, Ac-OH-Orn",6,1,0,C39H61N9O12,847.956448,Acremonium persicinum F10,0,1,0,0,0,0,0,0,0,0,1,0,0,0,0,0,Ascomycota,Orn derivatives,,,,,,,,"Li, Yingxin, and Zhiyong Li. ""Cyclopeptide Derivatives from the Sponge-Derived Fungus Acremonium persicinum F10."" Marine Drugs 19.10 (2021): 537.",,,,,,39,61,9,12,0,0.639344262,4.333333333,3.25,0,Ruolin He,2,14,4,-3.888,3.546704614
434,Acremonpeptide C,,1,3,0,0,0,0,0,0,0,0,0,0,0,0,0,6,Hydroxamate,Putative NRPS,CC(=O)N(O)CCC[C@@H]1NC(=O)[C@H](CCCN(O)C(C)=O)NC(=O)[C@H](Cc2ccccc2)NC(=O)[C@H](CC(C)C)NC(=O)[C@H](Cc2ccccc2)NC(=O)[C@H](CCCN(O)C(C)=O)NC1=O,"Phe, Ac-OH-Orn, Ac-OH-Orn, Phe, Ac-OH-Orn, Leu",6,1,0,C45H65N9O12,924.052652,Acremonium persicinum SCSIO 115,0,1,0,0,0,0,0,0,0,0,1,0,0,0,0,0,Ascomycota,Orn derivatives,,,,,,,,"Luo, Minghe, et al. ""Natural hydroxamate-containing siderophore acremonpeptides A–D and an aluminum complex of acremonpeptide D from the marine-derived Acremonium persicinum SCSIO 115."" Journal of natural products 82.9 (2019): 2594-2600.",,,,,,45,65,9,12,0,0.692307692,5,3.75,0,Ruolin He,2,14,3,-4.648,3.426688131
433,Acremonpeptide F,,1,3,0,0,0,0,0,0,0,0,0,0,0,0,0,6,Hydroxamate,Putative NRPS,CC(=O)N(O)CCCC1NC(=O)[C@@H](Cc2ccccc2)NC(=O)[C@H](CC(C)C)NC(=O)[C@H](CO)NC(=O)[C@H](CCCN(O)C(C)=O)NC(=O)[C@H](CCCN(O)C(C)=O)NC1=O,"Ac-OH-Orn, Ac-OH-Orn, Ser, Phe, Leu, Ac-OH-Orn",6,1,0,C39H61N9O13,863.955853,Acremonium persicinum F10,0,1,0,0,0,0,0,0,0,0,1,0,0,0,0,0,Ascomycota,Orn derivatives,,,,,,,,"Li, Yingxin, and Zhiyong Li. ""Cyclopeptide Derivatives from the Sponge-Derived Fungus Acremonium persicinum F10."" Marine Drugs 19.10 (2021): 537.",,,,,,39,61,9,13,0,0.639344262,4.333333333,3,0,Ruolin He,2,14,2,-3.406,3.520193039
432,Acremonpeptide A,,1,3,0,0,0,0,0,0,0,0,0,0,0,0,0,6,Hydroxamate,Putative NRPS,CC(=O)N(O)CCC[C@@H]1NC(=O)[C@H](CCCN(O)C(C)=O)NC(=O)[C@H](CCCN(O)C(C)=O)NC(=O)[C@H](Cc2ccccc2)NC(=O)[C@H](CC(C)C)NC(=O)[C@H](CO)NC1=O,"Ac-OH-Orn, Ac-OH-Orn, Phe, Leu, Ac-OH-Orn, Ser",6,1,0,C39H61N9O13,863.955853,Acremonium persicinum SCSIO 115,0,1,0,0,0,0,0,0,0,0,1,0,0,0,0,0,Ascomycota,Orn derivatives,,,,,,,,"Luo, Minghe, et al. ""Natural hydroxamate-containing siderophore acremonpeptides A–D and an aluminum complex of acremonpeptide D from the marine-derived Acremonium persicinum SCSIO 115."" Journal of natural products 82.9 (2019): 2594-2600.",,,,,,39,61,9,13,0,0.639344262,4.333333333,3,0,Ruolin He,2,14,1,-3.406,3.520193039
431,Rhodotorulic acid,,12,2,0,0,0,0,0,0,0,0,0,0,0,0,0,4,Hydroxamate,Putative NRPS,CC(=O)N(O)CCCC1NC(=O)C(CCCN(O)C(C)=O)NC1=O,"Ac-OH-Orn, Ac-OH-Orn",2,1,0,C14H24N4O6,344.364186,Leucosporidium scottii; Rhodotorula toruloides; Rhodotorula glutinis; Rhodotorula graminis; Rhodotorula pilimanae; Rhodotorula mucilaginosa; Sporobolomyces johnsonii; Rhodosporidiobolus ruineniae; Rhodotorula alborubescens; Sporobolomyces salmonicolor; Sporidiobolus pararoseus; Sporobolomyces roseus,0,1,0,0,0,0,0,0,0,0,0,1,0,0,0,0,Basidiomycota,Orn derivatives,,,,,,,,"Atkin, C. L., J. B. Neilands, and H. J. Phaff. ""Rhodotorulic acid from species of Leucosporidium, Rhodosporidium, Rhodotorula, Sporidiobolus, and Sporobolomyces, and a new alanine-containing ferrichrome from Cryptococcus melibiosum."" Journal of Bacteriology 103.3 (1970): 722-733.",,"Hider, Robert C., and Xiaole Kong. ""Chemistry and biology of siderophores."" Natural product reports 27.5 (2010): 637-657.",31.2,22,-359,14,24,4,6,0,0.583333333,3.5,2.333333333,0,Shaohua Gu; Ruolin He,2,13,24,-1.417,5.14995436
430,Ferrichrome C,Desferrichrome C,4,3,0,0,0,0,0,0,0,0,0,0,0,0,0,6,Hydroxamate,NRPS,CC(=O)N(O)CCCC1NC(=O)CNC(=O)CNC(=O)C(C)NC(=O)C(CCCN(O)C(C)=O)NC(=O)C(CCCN(O)C(C)=O)NC1=O,"Gly, Gly, Ala, Ac-OH-Orn, Ac-OH-Orn, Ac-OH-Orn",6,1,0,C28H47N9O12,701.727134,Aspergillus sp.; Cryptococcus sp.; Neurospora sp.; Paracoccidioides brasiliensis Pb18,0,1,0,0,0,0,0,0,0,0,0.75,0.25,0,0,0,0,Ascomycota/Basidiomycota,Orn derivatives,,,,,,,,"Llinás, M., and J. B. Neilands. ""The structure of two alanine containing ferrichromes: sequence determination by proton magnetic resonance."" Biophysics of structure and mechanism 2.2 (1976): 105-117.; Silva-Bailão, Mirelle Garcia, et al. ""Hydroxamate production as a high affinity iron acquisition mechanism in Paracoccidioides spp."" PLoS One 9.8 (2014): e105805.",,,,,,28,47,9,12,0,0.595744681,3.111111111,2.333333333,0,Shaohua Gu; Ruolin He,2,13,23,-2.393,3.828588841
429,Tetraglycine ferrichrome,,1,3,0,0,0,0,0,0,0,0,0,0,0,0,0,6,Hydroxamate,NRPS,CC(=O)N(O)CCCC1NC(=O)CNC(=O)CNC(=O)CNC(=O)CNC(=O)C(CCCN(O)C(C)=O)NC(=O)C(CCCN(O)C(C)=O)NC1=O,"Ac-OH-Orn, Gly, Ac-OH-Orn, Gly, Gly, Ac-OH-Orn, Gly",7,1,0,C29H48N10O13,744.751923,Tilletia indica,0,1,0,0,0,0,0,0,0,0,0,1,0,0,0,0,Basidiomycota,Orn derivatives,,,,,,,,"Deml, G., et al. ""Tetraglycylferrichrome‐the first heptapeptide ferrichrome."" FEBS letters 173.1 (1984): 53-57.",,,,,,29,48,10,13,0,0.604166667,2.9,2.230769231,0,Shaohua Gu; Ruolin He,2,13,22,-2.371,3.737265777
428,Ferrichrome,Desferrichrome; Desferriferrichrome; Desferri-ferrichrome,9,3,0,0,0,0,0,0,0,0,0,0,0,0,0,6,Hydroxamate,NRPS,CC(=O)N(O)CCC[C@@H]1NC(=O)CNC(=O)CNC(=O)CNC(=O)[C@H](CCCN(O)C(C)=O)NC(=O)[C@H](CCCN(O)C(C)=O)NC1=O,"Ac-OH-Orn, Gly, Ac-OH-Orn, Ac-OH-Orn, Gly, Gly",6,1,0,C27H45N9O12,687.700512,Aspergillus nidulans; Aspergillus niger; Penicillium chrysogenum; Suillus granulatus; Ustilago maydis; Ustilago sphaerogena; Penicillium atramentosum RS17; Penicillium camemberti SAM3; Penicillium solitum #12,0,1,0,0,0,0,0,0,0,0,0.666666667,0.333333333,0,0,0,0,Ascomycota/Basidiomycota,Orn derivatives,,,,,,,,"Emery, T., and J. B. Neilands. ""The iron-binding centre of ferrichrome compounds."" Nature 184.4699 (1959): 1632-1633.; Charlang, Gisela, et al. ""Cellular and extracellular siderophores of Aspergillus nidulans and Penicillium chrysogenum."" Molecular and cellular biology (1981).; Neilands, J. B. ""Methodology of siderophores."" Siderophores from microorganisms and plants. (1984).; Weinberg, Eugene D., and Jym Moon. ""Malaria and iron: history and review."" Drug metabolism reviews 41.4 (2009): 644-662.; Bertrand, Samuel, et al. ""N*-methyl coprogen B, a potential marker of the airway colonization by Scedosporium apiospermum in patients with cystic fibrosis."" Sabouraudia 48.Supplement_1 (2010): S98-S107.; Hider, Robert C., and Xiaole Kong. ""Chemistry and biology of siderophores."" Natural product reports 27.5 (2010): 637-657.; Haselwandter, Kurt, Gerlinde Häninger, and Markus Ganzera. ""Hydroxamate siderophores of the ectomycorrhizal fungi Suillus granulatus and S. luteus."" Biometals 24 (2011): 153-157.; Luu, Gordon T., et al. ""Metabolomics of bacterial–fungal pairwise interactions reveal conserved molecular mechanisms."" Analyst 148.13 (2023): 3002-3018.",,"Hider, Robert C., and Xiaole Kong. ""Chemistry and biology of siderophores."" Natural product reports 27.5 (2010): 637-657.",29.1,25,-400,27,45,9,12,0,0.6,3,2.25,0,Shaohua Gu; Ruolin He,2,13,21,-2.285,3.860161629
427,Ferricrocin,Desferri-ferricrocin; Desferriferricrocin; Ferricrocine,23,3,0,0,0,0,0,0,0,0,0,0,0,0,0,6,Hydroxamate,NRPS,CC(=O)N(O)CCCC1NC(=O)CNC(=O)C(CO)NC(=O)CNC(=O)C(CCCN(O)C(C)=O)NC(=O)C(CCCN(O)C(C)=O)NC1=O,"Ac-OH-Orn, Ac-OH-Orn, Ac-OH-Orn, Gly, Ser, Gly",6,1,0,C28H47N9O13,717.726539,Aspergillus fumigatus; Aspergillus nidulans; Cenococcum geophilum; Pyricularia grisea; Neurospora crassa; Suillus luteus; Trichoderma hamatum CBS 691.74; Trichoderma harzianum CBS 118.72; Trichoderma koningii CBS 401.73; Trichoderma longibrachiatum CBS 488.78; Trichoderma pseudokoningii CBS 931.69; Trichoderma viride CBS 815.68; Paracoccidioides brasiliensis Pb18; Trichoderma hamatum TUCIM 2689; Trichoderma harzianum CBS 226.95; Trichoderma asperellum TUCIM 2128; Trichoderma virens Gv29-8; Trichoderma atroviride TUCIM 2108; Trichoderma atroviride P1; Trichoderma atroviride IMI 206040; Trichoderma reesei QM6a; Bipolaris maydis C4; Alternaria longipes ATCC 26293,0,1,0,0,0,0,0,0,0,0,0.956521739,0.043478261,0,0,0,0,Ascomycota/Basidiomycota,Orn derivatives,,,,,,,,"Zähner, H., et al. ""Stoffwechselprodukte von Mikroorganismen: 40. Mitteilung Sideramine aus Aspergillaceen."" Archiv für Mikrobiologie 45.2 (1963): 119-135.; Charlang, Gisela, et al. ""Cellular and extracellular siderophores of Aspergillus nidulans and Penicillium chrysogenum."" Molecular and cellular biology (1981).; Neilands, J. B. ""Methodology of siderophores."" Siderophores from microorganisms and plants. (1984).; Jalal, Mahbubul AF, and Dick Van der Helm. ""Siderophores of highly phytopathogenic Alternaria longipes: structures of hydroxycoprogens."" Biology of Metals 2 (1989): 11-17.; Nilius, A. M., and S. G. Farmer. ""Identification of extracellular siderophores of pathogenic strains of Aspergillus fumigatus."" Journal of medical and veterinary mycology 28.5 (1990): 395-403.; Anke, Heidrun, et al. ""Production of siderophores by strains of the genus Trichoderma: isolation and characterization of the new lipophilic coprogen derivative, palmitoylcoprogen."" Biology of metals 4 (1991): 176-180.; Haselwandter, K., and G. Winkelmann. ""Ferricrocin-an ectomycorrhizal siderophore of Cenococcum geophilum."" Biometals 15 (2002): 73-77.; Eisendle, Martin, et al. ""The siderophore system is essential for viability of Aspergillus nidulans: functional analysis of two genes encoding l‐ornithine N 5‐monooxygenase (sidA) and a non‐ribosomal peptide synthetase (sidC)."" Molecular microbiology 49.2 (2003): 359-375.; Haas, Hubertus, et al. ""Characterization of the Aspergillus nidulans transporters for the siderophores enterobactin and triacetylfusarinine C."" Biochemical Journal 371.2 (2003): 505-513.; Hissen, A. H. T., and M. M. Moore. ""Site-specific rate constants for iron acquisition from transferrin by the Aspergillus fumigatus siderophores N′, N′′, N′′′-triacetylfusarinine C and ferricrocin."" JBIC Journal of Biological Inorganic Chemistry 10 (2005): 211-220.; Antelo, Luis, et al. ""Siderophores produced by Magnaporthe grisea in the presence and absence of iron."" Zeitschrift für Naturforschung C 61.5-6 (2006): 461-464.; Oide, Shinichi, et al. ""NPS6, encoding a nonribosomal peptide synthetase involved in siderophore-mediated iron metabolism, is a conserved virulence determinant of plant pathogenic ascomycetes."" The plant cell 18.10 (2006): 2836-2853.; Hof, Carolin, et al. ""Ferricrocin synthesis in Magnaporthe grisea and its role in pathogenicity in rice."" Molecular plant pathology 8.2 (2007): 163-172.; Schrettl, Markus, et al. ""Distinct roles for intra-and extracellular siderophores during Aspergillus fumigatus infection."" PLoS pathogens 3.9 (2007): e128.; Seifert, M., et al. ""Effects of the Aspergillus fumigatus siderophore systems on the regulation of macrophage immune effector pathways and iron homeostasis."" Immunobiology 213.9-10 (2008): 767-778.; Hof, Carolin, et al. ""Siderophore synthesis in Magnaporthe grisea is essential for vegetative growth, conidiation and resistance to oxidative stress."" Fungal Genetics and Biology 46.4 (2009): 321-332.; Wallner, Anja, et al. ""Ferricrocin, a siderophore involved in intra-and transcellular iron distribution in Aspergillus fumigatus."" Applied and environmental microbiology 75.12 (2009): 4194-4196.; Abad, Ana, et al. ""What makes Aspergillus fumigatus a successful pathogen? Genes and molecules involved in invasive aspergillosis."" Revista iberoamericana de micologia 27.4 (2010): 155-182.; Bertrand, Samuel, et al. ""N*-methyl coprogen B, a potential marker of the airway colonization by Scedosporium apiospermum in patients with cystic fibrosis."" Sabouraudia 48.Supplement_1 (2010): S98-S107.; Garvey, Graeme S., and Nancy P. Keller. ""Fungal secondary metabolites and their fundamental roles in human mycoses."" Current Fungal Infection Reports 4 (2010): 256-265.; Hider, Robert C., and Xiaole Kong. ""Chemistry and biology of siderophores."" Natural product reports 27.5 (2010): 637-657.; Schrettl, Markus, et al. ""The crucial role of the Aspergillus fumigatus siderophore system in interaction with alveolar macrophages."" Microbes and infection 12.12-13 (2010): 1035-1041.; Haselwandter, Kurt, Gerlinde Häninger, and Markus Ganzera. ""Hydroxamate siderophores of the ectomycorrhizal fungi Suillus granulatus and S. luteus."" Biometals 24 (2011): 153-157.; Lehner, Sylvia M., et al. ""Isotope-assisted screening for iron-containing metabolites reveals a high degree of diversity among known and unknown siderophores produced by Trichoderma spp."" Applied and Environmental Microbiology 79.1 (2013): 18-41.; Lehner, Sylvia M., et al. ""Isotope-assisted screening for iron-containing metabolites reveals a high degree of diversity among known and unknown siderophores produced by Trichoderma spp."" Applied and Environmental Microbiology 79.1 (2013): 18-43.; Lehner, Sylvia M., et al. ""Isotope-assisted screening for iron-containing metabolites reveals a high degree of diversity among known and unknown siderophores produced by Trichoderma spp."" Applied and Environmental Microbiology 79.1 (2013): 18-44.; Lehner, Sylvia M., et al. ""Isotope-assisted screening for iron-containing metabolites reveals a high degree of diversity among known and unknown siderophores produced by Trichoderma spp."" Applied and Environmental Microbiology 79.1 (2013): 18-45.; Lehner, Sylvia M., et al. ""Isotope-assisted screening for iron-containing metabolites reveals a high degree of diversity among known and unknown siderophores produced by Trichoderma spp."" Applied and Environmental Microbiology 79.1 (2013): 18-46.; Lehner, Sylvia M., et al. ""Isotope-assisted screening for iron-containing metabolites reveals a high degree of diversity among known and unknown siderophores produced by Trichoderma spp."" Applied and Environmental Microbiology 79.1 (2013): 18-47.; Silva-Bailão, Mirelle Garcia, et al. ""Hydroxamate production as a high affinity iron acquisition mechanism in Paracoccidioides spp."" PLoS One 9.8 (2014): e105805.",,,,,,28,47,9,13,0,0.595744681,3.111111111,2.153846154,0,Shaohua Gu; Ruolin He,2,13,20,-2.089,3.793690178
426,Ferrichrysin,,4,3,0,0,0,0,0,0,0,0,0,0,0,0,0,6,Hydroxamate,NRPS,CC(=O)N(O)CCCC1NC(=O)CNC(=O)C(CO)NC(=O)C(CO)NC(=O)C(CCCN(O)C(C)=O)NC(=O)C(CCCN(O)C(C)=O)NC1=O,"Ac-OH-Orn, Ac-OH-Orn, Ser, Ser, Ac-OH-Orn, Gly",6,1,0,C29H49N9O14,747.752566,Aspergillus ochraceus; Aspergillus flavus; Aspergillus terreus; Cunninghamella blakesleeana,0,1,0,0,0,0,0,0,0,0,0.75,0,0.25,0,0,0,Ascomycota/Mucoromycota,Orn derivatives,,,,,,,,"Zähner, H., et al. ""Stoffwechselprodukte von Mikroorganismen: 40. Mitteilung Sideramine aus Aspergillaceen."" Archiv für Mikrobiologie 45.2 (1963): 119-135.; Jalal, M. A., et al. ""Extracellular siderophores from Aspergillus ochraceous."" Journal of bacteriology 158.2 (1984): 683-688.; Jalal, M. A. F., et al. ""Structure of ferrichrome-type siderophores with dissimilar N δ-acyl groups: Asperchrome B 1, B 2, 3, D 1, D 2 and D 3."" Biology of Metals 1 (1988): 77-89.; Patil, B. B., R. D. Wakharkar, and S. B. Chincholkar. ""Siderophores of Cunninghamella blakesleeana NCIM 687."" World Journal of Microbiology and Biotechnology 15 (1999): 265-268.; Bertrand, Samuel, et al. ""N*-methyl coprogen B, a potential marker of the airway colonization by Scedosporium apiospermum in patients with cystic fibrosis."" Sabouraudia 48.Supplement_1 (2010): S98-S107.",,,,,,29,49,9,14,0,0.591836735,3.222222222,2.071428571,0,Shaohua Gu; Ruolin He,2,13,19,-1.929,3.7311865
425,Sake colorant A,,1,2,0,0,0,0,0,0,0,0,0,0,0,0,0,4,Hydroxamate,NRPS,CC(=O)NCCCC1NC(=O)CNC(=O)C(CO)NC(=O)C(C)NC(=O)C(CCCN(O)C(C)=O)NC(=O)C(CCCN(O)C(C)=O)NC1=O,"Ac-OH-Orn, Ac-OH-Orn, 5Ac-Orn, Gly, Ser, Ala",6,1,0,C29H49N9O12,715.753756,Aspergillus sp.,0,1,0,0,0,0,0,0,0,0,1,0,0,0,0,0,Ascomycota,Orn derivatives,,,,,,,,"Llinás, M., and J. B. Neilands. ""The structure of two alanine containing ferrichromes: sequence determination by proton magnetic resonance."" Biophysics of structure and mechanism 2.2 (1976): 105-117.",,,,,,29,49,9,12,0,0.591836735,3.222222222,2.416666667,0,Shaohua Gu; Ruolin He,2,13,18,-2.206,3.797931199
424,Malonichrome,,2,3,0,0,0,0,0,0,0,0,0,0,0,0,0,6,Hydroxamate,NRPS,CC1NC(=O)CNC(=O)C(CCCN(O)C(=O)CC(=O)O)NC(=O)C(CCCN(O)C(=O)CC(=O)O)NC(=O)C(CCCN(O)C(=O)CC(=O)O)NC(=O)CNC1=O,"OH-Orn, MA, Gly, OH-Orn, MA, Gly, OH-Orn, Ala, MA",9,1,0,C31H47N9O18,833.755784,Fusarium roseum; Fusarium graminearum Gz3639,0,1,0,0,0,0,0,0,0,0,1,0,0,0,0,0,Ascomycota,Orn derivatives,,,,,,,,"Emery, Thomas. ""Malonichrome, a new iron chelate from Fusarium roseum."" Biochimica et Biophysica Acta (BBA)-General Subjects 629.2 (1980): 382-390.; Oide, Shinichi, et al. ""Individual and combined roles of malonichrome, ferricrocin, and TAFC siderophores in Fusarium graminearum pathogenic and sexual development."" Frontiers in Microbiology 5 (2015): 759.",,,,,,31,47,9,18,0,0.659574468,3.444444444,1.722222222,0,Shaohua Gu; Ruolin He,2,13,17,-2.308,3.570856451
423,Ferrichrome A,Desferrichrome A,1,3,0,0,0,0,0,0,0,0,0,0,0,0,0,6,Hydroxamate,NRPS,CC(C)=CC(=O)N(O)CCCC1NC(=O)CNC(=O)C(CO)NC(=O)C(CO)NC(=O)C(CCCN(O)C(=O)/C=C(/C)CC(=O)O)NC(=O)C(CCCN(O)C(=O)/C=C(\C)CC(=O)O)NC1=O,"Ser, Ser, OH-Orn, Gly, OH-Orn, 3Me-Gla, diMe-AcA, OH-Orn, 3Me-Gla",9,1,0,C40H61N9O18,955.963618,Ustilago sphaerogena,0,1,0,0,0,0,0,0,0,0,0,1,0,0,0,0,Basidiomycota,Orn derivatives,,,,,,,,"Emery, T., and J. B. Neilands. ""The iron-binding centre of ferrichrome compounds."" Nature 184.4699 (1959): 1632-1633.; Hider, Robert C., and Xiaole Kong. ""Chemistry and biology of siderophores."" Natural product reports 27.5 (2010): 637-657.",,"Hider, Robert C., and Xiaole Kong. ""Chemistry and biology of siderophores."" Natural product reports 27.5 (2010): 637-657.",32,25.2,,40,61,9,18,0,0.655737705,4.444444444,2.222222222,0,Shaohua Gu; Ruolin He,2,13,16,-2.816,3.380570049
422,Asperchrome F1,,1,3,0,0,0,0,0,0,0,0,0,0,0,0,0,6,Hydroxamate,NRPS,C/C(=C\C(=O)N(O)CCCC1NC(=O)C(CCCN(O)C(=O)CC(C)(O)CCO)NC(=O)CNC(=O)C(CO)NC(=O)C(CO)NC(=O)C(CCCN(O)C(=O)/C=C(\C)CCO)NC1=O)CCO,"OH-Orn, 5OH-3Me-2-PA, OH-Orn, 5OH-3Me-2-PA, OH-Orn, Mev, Ser, Gly, Ser",9,1,0,C41H69N9O18,976.037886,Aureobasidium pullulans,0,1,0,0,0,0,0,0,0,0,1,0,0,0,0,0,Ascomycota,Orn derivatives,,,,,,,,"Baakza, Arefa, B. P. Dave, and H. C. Dube. ""Chemical properties and NMR spectroscopic identification of certain fungal siderophores."" Indian journal of experimental biology 43.10 (2005): 880-886.",,,,,,41,69,9,18,0,0.594202899,4.555555556,2.277777778,0,Shaohua Gu; Ruolin He,2,13,15,-2.055,3.352693482
421,Asperchrome F3,,1,3,0,0,0,0,0,0,0,0,0,0,0,0,0,6,Hydroxamate,NRPS,C/C(=C\C(=O)N(O)CCCC1NC(=O)CNC(=O)C(CO)NC(=O)C(CO)NC(=O)C(CCCN(O)C(=O)CC(C)(O)CCO)NC(=O)C(CCCN(O)C(=O)/C=C(\C)CCO)NC1=O)CCO,"OH-Orn, Mev, Gly, Ser, OH-Orn, 5OH-3Me-2-PA, Ser, OH-Orn, 5OH-3Me-2-PA",9,1,0,C41H69N9O18,976.037886,Aspergillus sp.,0,1,0,0,0,0,0,0,0,0,1,0,0,0,0,0,Ascomycota,Orn derivatives,,,,,,,,"Holinsworth, Brian, and Jessica D. Martin. ""Siderophore production by marine-derived fungi."" BioMetals 22 (2009): 625-632.",,,,,,41,69,9,18,0,0.594202899,4.555555556,2.277777778,0,Shaohua Gu; Ruolin He,2,13,14,-2.055,3.352693482
420,Asperchrome F2,,1,3,0,0,0,0,0,0,0,0,0,0,0,0,0,6,Hydroxamate,NRPS,C/C(=C\C(=O)N(O)CCCC1NC(=O)CNC(=O)C(CO)NC(=O)C(CO)NC(=O)C(CCCN(O)C(=O)/C=C(\C)CCO)NC(=O)C(CCCN(O)C(=O)CC(C)(O)CCO)NC1=O)CCO,"OH-Orn, OH-Orn, Gly, Ser, Ser, OH-Orn, 5OH-3Me-2-PA, 5OH-3Me-2-PA, Mev",9,1,0,C41H69N9O18,976.037886,Aspergillus sp.,0,1,0,0,0,0,0,0,0,0,1,0,0,0,0,0,Ascomycota,Orn derivatives,,,,,,,,"Holinsworth, Brian, and Jessica D. Martin. ""Siderophore production by marine-derived fungi."" BioMetals 22 (2009): 625-632.",,,,,,41,69,9,18,0,0.594202899,4.555555556,2.277777778,0,Shaohua Gu; Ruolin He,2,13,13,-2.055,3.352693482
408,Epichloenin A,Epichloënin A,1,3,0,0,0,0,0,0,0,0,0,0,0,0,0,6,Hydroxamate,NRPS,C/C(=C\C(=O)N(O)CCC[C@@H]1NC(=O)[C@H](CCCN(O)C(=O)/C=C(\C)CCO)NC(=O)[C@H](CCCN(O)C(=O)/C=C(\C)CCO)NC(=O)[C@H](CCC(N)=O)NC(=O)CNC(=O)CNC(=O)CNC(=O)CNC1=O)CCO,"OH-Orn, 5OH-3Me-2-PA, OH-Orn, 5OH-3Me-2-PA, Gly, Gly, Gln, Gly, Gly, OH-Orn, 5OH-3Me-2-PA",11,1,0,C46H74N12O18,1083.1514,Epichloe festucae,0,1,0,0,0,0,0,0,0,0,1,0,0,0,0,0,Ascomycota,Orn derivatives,,,,,,,,"Koulman, Albert, et al. ""Identification of extracellular siderophores and a related peptide from the endophytic fungus Epichloë festucae in culture and endophyte-infected Lolium perenne."" Phytochemistry 75 (2012): 128-139.","Koulman, Albert, et al. ""Identification of extracellular siderophores and a related peptide from the endophytic fungus Epichloë festucae in culture and endophyte-infected Lolium perenne."" Phytochemistry 75 (2012): 128-139.",,,,,46,74,12,18,0,0.621621622,3.833333333,2.555555556,0,Ruolin He,2,13,1,-2.838,3.216933254
409,Epichloenin B,Epichloënin B,1,3,0,0,0,0,0,0,0,0,0,0,0,0,0,6,Hydroxamate,NRPS,C/C(=C\C(=O)N(O)CCC[C@@H]1NC(=O)[C@H](CCCN(O)C(=O)/C=C(\C)CCO)NC(=O)[C@H](CCCN(O)C(=O)/C=C(\C)CCO)NC(=O)[C@H](CCC(N)=O)NC(=O)CNC(=O)CNC(=O)CNC1=O)CCO,"OH-Orn, 5OH-3Me-2-PA, OH-Orn, OH-Orn, Gln, 5OH-3Me-2-PA, Gly, Gly, 5OH-3Me-2-PA, Gly",10,1,0,C44H71N11O17,1026.099989,Epichloe festucae,0,1,0,0,0,0,0,0,0,0,1,0,0,0,0,0,Ascomycota,Orn derivatives,,,,,,,,"Koulman, Albert, et al. ""Identification of extracellular siderophores and a related peptide from the endophytic fungus Epichloë festucae in culture and endophyte-infected Lolium perenne."" Phytochemistry 75 (2012): 128-139.","Koulman, Albert, et al. ""Identification of extracellular siderophores and a related peptide from the endophytic fungus Epichloë festucae in culture and endophyte-infected Lolium perenne."" Phytochemistry 75 (2012): 128-139.",,,,,44,71,11,17,0,0.61971831,4,2.588235294,0,Ruolin He,2,13,2,-2.815,3.286674822
410,Asperchrome B1,,1,3,0,0,0,0,0,0,0,0,0,0,0,0,0,6,Hydroxamate,NRPS,CC(=O)N(O)CCCC1NC(=O)CNC(=O)C(CO)NC(=O)C(CO)NC(=O)C(CCCN(O)C(=O)/C=C(\C)CCO)NC(=O)C(CCCN(O)C(=O)/C=C(\C)CCO)NC1=O,"OH-Orn, 5OH-3Me-2-PA, Ac-OH-Orn, Gly, OH-Orn, 5OH-3Me-2-PA, Ser, Ser",8,1,0,C37H61N9O16,887.932588,Aspergillus ochraceus,0,1,0,0,0,0,0,0,0,0,1,0,0,0,0,0,Ascomycota,Orn derivatives,,,,,,,,"Jalal, M. A., et al. ""Extracellular siderophores from Aspergillus ochraceous."" Journal of bacteriology 158.2 (1984): 683-688.; Jalal, M. A. F., et al. ""Structure of ferrichrome-type siderophores with dissimilar N δ-acyl groups: Asperchrome B 1, B 2, 3, D 1, D 2 and D 3."" Biology of Metals 1 (1988): 77-89.",,,,,,37,61,9,16,0,0.606557377,4.111111111,2.3125,0,Shaohua Gu; Ruolin He,2,13,3,-2.196,3.481779627
414,Asperchrome B2,,1,3,0,0,0,0,0,0,0,0,0,0,0,0,0,6,Hydroxamate,NRPS,CC(=O)N(O)CCCC1NC(=O)C(CCCN(O)C(=O)/C=C(\C)CCO)NC(=O)CNC(=O)C(CO)NC(=O)C(CO)NC(=O)C(CCCN(O)C(=O)/C=C(\C)CCO)NC1=O,"OH-Orn, Gly, Ser, OH-Orn, 5OH-3Me-2-PA, Ac-OH-Orn, 5OH-3Me-2-PA, Ser",8,1,0,C37H61N9O16,887.932588,Aspergillus ochraceus,0,1,0,0,0,0,0,0,0,0,1,0,0,0,0,0,Ascomycota,Orn derivatives,,,,,,,,"Jalal, M. A., et al. ""Extracellular siderophores from Aspergillus ochraceous."" Journal of bacteriology 158.2 (1984): 683-688.; Jalal, M. A. F., et al. ""Structure of ferrichrome-type siderophores with dissimilar N δ-acyl groups: Asperchrome B 1, B 2, 3, D 1, D 2 and D 3."" Biology of Metals 1 (1988): 77-89.",,,,,,37,61,9,16,0,0.606557377,4.111111111,2.3125,0,Shaohua Gu; Ruolin He,2,13,7,-2.196,3.481779627
413,Asperchrome B3,,1,3,0,0,0,0,0,0,0,0,0,0,0,0,0,6,Hydroxamate,NRPS,CC(=O)N(O)CCCC1NC(=O)C(CCCN(O)C(=O)/C=C(\C)CCO)NC(=O)C(CCCN(O)C(=O)/C=C(\C)CCO)NC(=O)CNC(=O)C(CO)NC(=O)C(CO)NC1=O,"OH-Orn, 5OH-3Me-2-PA, Ser, Ser, OH-Orn, Gly, Ac-OH-Orn, 5OH-3Me-2-PA",8,1,0,C37H61N9O16,887.932588,Aspergillus ochraceus,0,1,0,0,0,0,0,0,0,0,1,0,0,0,0,0,Ascomycota,Orn derivatives,,,,,,,,"Jalal, M. A., et al. ""Extracellular siderophores from Aspergillus ochraceous."" Journal of bacteriology 158.2 (1984): 683-688.; Jalal, M. A. F., et al. ""Structure of ferrichrome-type siderophores with dissimilar N δ-acyl groups: Asperchrome B 1, B 2, 3, D 1, D 2 and D 3."" Biology of Metals 1 (1988): 77-89.",,,,,,37,61,9,16,0,0.606557377,4.111111111,2.3125,0,Shaohua Gu; Ruolin He,2,13,6,-2.196,3.481779627
415,Asperchrome D1,,1,3,0,0,0,0,0,0,0,0,0,0,0,0,0,6,Hydroxamate,NRPS,CC(=O)N(O)CCCC1NC(=O)C(CCCN(O)C(=O)/C=C(\C)CCO)NC(=O)CNC(=O)C(CO)NC(=O)C(CO)NC(=O)C(CCCN(O)C(C)=O)NC1=O,"OH-Orn, 5OH-3Me-2-PA, Ac-OH-Orn, Ser, Ser, Ac-OH-Orn, Gly",7,1,0,C33H55N9O15,817.842577,Aspergillus ochraceus,0,1,0,0,0,0,0,0,0,0,1,0,0,0,0,0,Ascomycota,Orn derivatives,,,,,,,,"Jalal, M. A., et al. ""Extracellular siderophores from Aspergillus ochraceous."" Journal of bacteriology 158.2 (1984): 683-688.; Jalal, M. A. F., et al. ""Structure of ferrichrome-type siderophores with dissimilar N δ-acyl groups: Asperchrome B 1, B 2, 3, D 1, D 2 and D 3."" Biology of Metals 1 (1988): 77-89.",,,,,,33,55,9,15,0,0.6,3.666666667,2.2,0,Shaohua Gu; Ruolin He,2,13,8,-2.061,3.598646954
411,Asperchrome D2,,1,3,0,0,0,0,0,0,0,0,0,0,0,0,0,6,Hydroxamate,NRPS,CC(=O)N(O)CCCC1NC(=O)CNC(=O)C(CO)NC(=O)C(CO)NC(=O)C(CCCN(O)C(C)=O)NC(=O)C(CCCN(O)C(=O)/C=C(\C)CCO)NC1=O,"OH-Orn, 5OH-3Me-2-PA, Ac-OH-Orn, Gly, Ser, Ser, Ac-OH-Orn",7,1,0,C33H55N9O15,817.842577,Aspergillus ochraceus,0,1,0,0,0,0,0,0,0,0,1,0,0,0,0,0,Ascomycota,Orn derivatives,,,,,,,,"Jalal, M. A., et al. ""Extracellular siderophores from Aspergillus ochraceous."" Journal of bacteriology 158.2 (1984): 683-688.; Jalal, M. A. F., et al. ""Structure of ferrichrome-type siderophores with dissimilar N δ-acyl groups: Asperchrome B 1, B 2, 3, D 1, D 2 and D 3."" Biology of Metals 1 (1988): 77-89.",,,,,,33,55,9,15,0,0.6,3.666666667,2.2,0,Shaohua Gu; Ruolin He,2,13,4,-2.061,3.598646954
412,Asperchrome D3,,1,3,0,0,0,0,0,0,0,0,0,0,0,0,0,6,Hydroxamate,NRPS,CC(=O)N(O)CCCC1NC(=O)CNC(=O)C(CO)NC(=O)C(CO)NC(=O)C(CCCN(O)C(=O)/C=C(\C)CCO)NC(=O)C(CCCN(O)C(C)=O)NC1=O,"Ser, OH-Orn, Ac-OH-Orn, Ac-OH-Orn, Gly, Ser, 5OH-3Me-2-PA",7,1,0,C33H55N9O15,817.842577,Aspergillus ochraceus,0,1,0,0,0,0,0,0,0,0,1,0,0,0,0,0,Ascomycota,Orn derivatives,,,,,,,,"Jalal, M. A., et al. ""Extracellular siderophores from Aspergillus ochraceous."" Journal of bacteriology 158.2 (1984): 683-688.; Jalal, M. A. F., et al. ""Structure of ferrichrome-type siderophores with dissimilar N δ-acyl groups: Asperchrome B 1, B 2, 3, D 1, D 2 and D 3."" Biology of Metals 1 (1988): 77-89.",,,,,,33,55,9,15,0,0.6,3.666666667,2.2,0,Shaohua Gu; Ruolin He,2,13,5,-2.061,3.598646954
416,Asperchrome E,,1,3,0,0,0,0,0,0,0,0,0,0,0,0,0,6,Hydroxamate,NRPS,C/C(=C/C(=O)N(O)CCCC1NC(=O)CNC(=O)C(CO)NC(=O)C(CO)NC(=O)C(CCCN(O)C(=O)/C=C(\C)CCO)NC(=O)C(CCCN(O)C(=O)/C=C(\C)CCO)NC1=O)CCO,"Gly, Ser, OH-Orn, OH-Orn, OH-Orn, 5OH-3Me-2-PA, 5OH-3Me-2-PA, 5OH-3Me-2-PA, Ser",9,1,0,C41H67N9O17,958.022599,Aspergillus ochraceus,0,1,0,0,0,0,0,0,0,0,1,0,0,0,0,0,Ascomycota,Orn derivatives,,,,,,,,"Jalal, M. A. F., Raman Mocharla, and Dick van der Helm. ""Separation of ferrichromes and other hydroxamate siderophores of fungal origin by reversed-phase chromatography."" Journal of Chromatography A 301 (1984): 247-252.",,,,,,41,67,9,17,0,0.611940299,4.555555556,2.411764706,0,Shaohua Gu; Ruolin He,2,13,9,-2.33,3.377671644
417,Ferrirubin,,3,3,0,0,0,0,0,0,0,0,0,0,0,0,0,6,Hydroxamate,NRPS,C/C(=C\C(=O)N(O)CCCC1NC(=O)CNC(=O)C(CO)NC(=O)C(CO)NC(=O)C(CCCN(O)C(=O)/C=C(\C)CCO)NC(=O)C(CCCN(O)C(=O)/C=C(\C)CCO)NC1=O)CCO,"OH-Orn, 5OH-3Me-2-PA, Gly, Ser, OH-Orn, OH-Orn, Ser, 5OH-3Me-2-PA, 5OH-3Me-2-PA",9,1,0,C41H67N9O17,958.022599,Aspergillus ochraceus; Ceratobasidium globisporum; Fusarium sacchari,0,1,0,0,0,0,0,0,0,0,0.666666667,0.333333333,0,0,0,0,Ascomycota/Basidiomycota,Orn derivatives,,,,,,,,"Jalal, M. A., et al. ""Extracellular siderophores from Aspergillus ochraceous."" Journal of bacteriology 158.2 (1984): 683-688.; Haselwandter, K., et al. ""Basidiochrome–a novel siderophore of the Orchidaceous Mycorrhizal Fungi Ceratobasidium and Rhizoctonia spp."" Biometals 19 (2006): 335-343.; Munawar, Asifa, et al. ""Isolation and characterisation of a ferrirhodin synthetase gene from the sugarcane pathogen Fusarium sacchari."" ChemBioChem 14.3 (2013): 388-394.","Munawar, Asifa, et al. ""Isolation and characterisation of a ferrirhodin synthetase gene from the sugarcane pathogen Fusarium sacchari."" ChemBioChem 14.3 (2013): 388-394.",,,,,41,67,9,17,0,0.611940299,4.555555556,2.411764706,0,Shaohua Gu; Ruolin He,2,13,10,-2.33,3.377671644
808,Ferrirhodin,,3,3,0,0,0,0,0,0,0,0,0,0,0,0,0,6,Hydroxamate,NRPS,C/C(=C/C(=O)N(O)CCC[C@@H]1NC(=O)[C@H](CCCN(O)C(=O)/C=C(/C)CCO)NC(=O)[C@H](CCCN(O)C(=O)/C=C(/C)CCO)NC(=O)[C@H](CO)NC(=O)[C@H](CO)NC(=O)CNC1=O)CCO,"Gly, OH-Orn, OH-Orn, 5OH-3Me-2-PA, OH-Orn, Ser, 5OH-3Me-2-PA, 5OH-3Me-2-PA, Ser",9,1,0,C41H67N9O17,958.022599,Ceratobasidium globisporum; Aspergillus ochraceus; Fusarium sacchari,0,1,0,0,0,0,0,0,0,0,0.666666667,0.333333333,0,0,0,0,Basidiomycota/Ascomycota,Orn derivatives,,,,,,,,"Jalal, M. A., et al. ""Extracellular siderophores from Aspergillus ochraceous."" Journal of bacteriology 158.2 (1984): 683-688.; Haselwandter, K., et al. ""Basidiochrome–a novel siderophore of the Orchidaceous Mycorrhizal Fungi Ceratobasidium and Rhizoctonia spp."" Biometals 19 (2006): 335-343.; Munawar, Asifa, et al. ""Isolation and characterisation of a ferrirhodin synthetase gene from the sugarcane pathogen Fusarium sacchari."" ChemBioChem 14.3 (2013): 388-394.","Munawar, Asifa, et al. ""Isolation and characterisation of a ferrirhodin synthetase gene from the sugarcane pathogen Fusarium sacchari."" ChemBioChem 14.3 (2013): 388-394.",,,,,41,67,9,17,0,0.611940299,4.555555556,2.411764706,0,Shaohua Gu; Ruolin He,2,13,25,-2.33,3.377671644
418,Asperchrome A,,1,3,0,0,0,0,0,0,0,0,0,0,0,0,0,6,Hydroxamate,NRPS,C/C(=C\C(=O)N(O)CCCC1NC(=O)CNC(=O)C(C)NC(=O)C(CO)NC(=O)C(CCCN(O)C(=O)/C=C(\C)CCO)NC(=O)C(CCCN(O)C(=O)/C=C(\C)CCO)NC1=O)CCO,"OH-Orn, 5OH-3Me-2-PA, OH-Orn, OH-Orn, Gly, Ala, Ser, 5OH-3Me-2-PA, 5OH-3Me-2-PA",9,1,0,C41H67N9O16,942.023194,Aspergillus ochraceus,0,1,0,0,0,0,0,0,0,0,1,0,0,0,0,0,Ascomycota,Orn derivatives,,,,,,,,"Jalal, M. A., et al. ""Extracellular siderophores from Aspergillus ochraceous."" Journal of bacteriology 158.2 (1984): 683-688.",,,,,,41,67,9,16,0,0.611940299,4.555555556,2.5625,0,Shaohua Gu; Ruolin He,2,13,11,-2.598,3.400436299
419,Asperchrome C,,1,3,0,0,0,0,0,0,0,0,0,0,0,0,0,6,Hydroxamate,NRPS,CC(=O)OCC/C(C)=C/C(=O)N(O)CCCC1NC(=O)CNC(=O)C(CO)NC(=O)C(CO)NC(=O)C(CCCN(O)C(=O)/C=C(\C)CCO)NC(=O)C(CCCN(O)C(=O)/C=C(\C)CCO)NC1=O,"OH-Orn, OH-Orn, 5OH-3Me-2-PA, OH-Orn, Gly, Ser, 5OH-3Me-2-PA, X0, Ser",9,0.842857143,1,C43H69N9O18,1000.059366,Aspergillus ochraceus,0,1,0,0,0,0,0,0,0,0,1,0,0,0,0,0,Ascomycota,Orn derivatives,,,,,,,,"Jalal, M. A., et al. ""Extracellular siderophores from Aspergillus ochraceous."" Journal of bacteriology 158.2 (1984): 683-688.",,,,,,43,69,9,18,0,0.623188406,4.777777778,2.388888889,0,Shaohua Gu; Ruolin He,2,13,12,-2.777,3.320414577
787,Dimerumic acid 11-mannoside,,1,2,0,0,0,0,0,0,0,0,0,0,0,0,0,4,Hydroxamate,Putative NRPS,C/C(=C\C(=O)N(O)CCC[C@@H]1NC(=O)[C@H](CCCN(O)C(=O)/C=C(\C)CCO[C@@H]2O[C@H](CO)[C@@H](O)[C@H](O)[C@@H]2O)NC1=O)CCO,"OH-Orn, 5OH-3Me-2-PA, OH-Orn, 5OH-3Me-2-PA, Gal/Man/bGal/Glc",5,1,0,C28H46N4O13,646.685083,Metarhizium robertsii ARSEF 2575,0,1,0,0,0,0,0,0,0,0,1,0,0,0,0,0,Ascomycota,Orn derivatives,,,,,,,,"Krasnoff, Stuart B., et al. ""Metachelins, mannosylated and N-oxidized coprogen-type siderophores from Metarhizium robertsii."" Journal of natural products 77.7 (2014): 1685-1692.",,,,,,28,46,4,13,0,0.608695652,7,2.153846154,0,Ruolin He,2,12,7,-1.942,3.958196962
829,Metachelin A-CE,,1,3,0,0,0,0,0,0,0,0,0,0,0,0,0,6,Hydroxamate,Putative NRPS,C/C(=C\C(=O)N(O)CCC[C@@H]1NC(=O)[C@H](CCCN(O)C(=O)/C=C(\C)CCO[C@@H]2O[C@H](CO)[C@@H](O)[C@H](O)[C@@H]2O)NC1=O)CCOC(=O)/C=C/CCN(O)C(=O)/C=C(\C)CCO[C@@H]1O[C@H](CO)[C@@H](O)[C@H](O)[C@@H]1O,"OH-Orn, OH-Orn, 5OH-3Me-2-PA, Gal/Man/bGal/Glc, 5OH-3Me-2-PA, X0, 5OH-3Me-2-PA, Gal/Man/bGal/Glc",8,0.888888889,1,C45H71N5O22,1034.067536,Metarhizium robertsii ARSEF 2575,0,1,0,0,0,0,0,0,0,0,1,0,0,0,0,0,Ascomycota,Orn derivatives,,,,,,,,"Zhang, Jinyu, et al. ""Transcriptional differences guided discovery and genetic identification of coprogen and dimerumic acid siderophores in Metarhizium robertsii."" Frontiers in microbiology 12 (2021): 783609.",,,,,,45,71,5,22,0,0.633802817,9,2.045454545,0,Yanzhao Wu; Jiqi Shao; Ruolin He,2,12,29,-2.623,3.276599764
750,Beauverichelin A,,1,3,0,0,0,0,0,0,0,0,0,0,0,0,0,6,Hydroxamate,NRPS,CO[C@H]1[C@H](O)[C@H](O)[C@H](OCC/C(C)=C/C(=O)N(O)CCC[C@@H]2NC(=O)[C@H](CCCN(O)C(=O)/C=C(\C)CCOC(=O)[C@H](CCCN(O)C(=O)/C=C(\C)CCO[C@@H]3O[C@H](CO)[C@@H](OC)[C@H](O)[C@@H]3O)[N+](C)(C)[O-])NC2=O)O[C@@H]1CO,"X0, 5OH-3Me-2-PA, OH-Orn, OH-Orn, 5OH-3Me-2-PA, 4-O-Me-Man, 4-O-Me-Man, 5OH-3Me-2-PA",8,0.846153846,1,C49H82N6O23,1123.203955,Beauveria bassiana ARSEF 2860,0,1,0,0,0,0,0,0,0,0,1,0,0,0,0,0,Ascomycota,Orn derivatives,,,,,,,,"Krasnoff, Stuart B., et al. ""Siderophores from the entomopathogenic fungus Beauveria bassiana."" Journal of natural products 83.2 (2020): 296-304.",[Unlocking the Siderophore Biosynthesis Pathway and Its Biological Functions in the Fungal Insect Pathogen Beauveria bassiana | Journal of Agricultural and Food Chemistry](https://pubs.acs.org/doi/10.1021/acs.jafc.4c02957),,,,,49,82,6,23,0,0.597560976,8.166666667,2.130434783,0,Yanzhao Wu; Jiqi Shao; Ruolin He,2,12,30,-0.977,3.171085033
394,Metachelin A,,1,3,0,0,0,0,0,0,0,0,0,0,0,0,0,6,Hydroxamate,NRPS,C/C(=C\C(=O)N(O)CCCC1NC(=O)C(CCCN(O)C(=O)/C=C(\C)CCOC2OC(CO)C(O)C(O)C2O)NC1=O)CCOC(=O)C(CCCN(O)C(=O)/C=C(\C)CCOC1OC(CO)C(O)C(O)C1O)[N+](C)(C)[O-],"OH-Orn, 5OH-3Me-2-PA, OH-Orn, X0, 5OH-3Me-2-PA, Gal/Man/bGal/Glc, 5OH-3Me-2-PA, Gal/Man/bGal/Glc",8,0.842105263,1,C47H78N6O23,1095.150711,Metarhizium robertsii ARSEF 2575,0,1,0,0,0,0,0,0,0,0,1,0,0,0,0,0,Ascomycota,Orn derivatives,,,,,,,,"Krasnoff, Stuart B., et al. ""Metachelins, mannosylated and N-oxidized coprogen-type siderophores from Metarhizium robertsii."" Journal of natural products 77.7 (2014): 1685-1692.",[Unlocking the Siderophore Biosynthesis Pathway and Its Biological Functions in the Fungal Insect Pathogen Beauveria bassiana | Journal of Agricultural and Food Chemistry](https://pubs.acs.org/doi/10.1021/acs.jafc.4c02957),,,,,47,78,6,23,0,0.602564103,7.833333333,2.043478261,0,Ruolin He,2,12,14,-0.921,3.202942238
830,Metachelin C,,1,3,0,0,0,0,0,0,0,0,0,0,0,0,0,6,Hydroxamate,Putative NRPS,C/C(=C\C(=O)N(O)CCC[C@@H](C(=O)OCC/C(C)=C/C(=O)N(O)CCC[C@@H]1NC(=O)[C@H](CCCN(O)C(=O)/C=C(\C)CCO[C@@H]2O[C@H](CO)[C@@H](O)[C@H](O)[C@@H]2O)NC1=O)[N+](C)(C)[O-])CCO,"OH-Orn, 5OH-3Me-2-PA, 5OH-3Me-2-PA, X0, Gal/Man/bGal/Glc, OH-Orn, 5OH-3Me-2-PA",7,0.815384615,1,C41H68N6O18,933.009836,Metarhizium robertsii ARSEF 2575,0,1,0,0,0,0,0,0,0,0,1,0,0,0,0,0,Ascomycota,Orn derivatives,,,,,,,,"Zhang, Jinyu, et al. ""Transcriptional differences guided discovery and genetic identification of coprogen and dimerumic acid siderophores in Metarhizium robertsii."" Frontiers in microbiology 12 (2021): 783609.",,,,,,41,68,6,18,0,0.602941176,6.833333333,2.277777778,0,Yanzhao Wu; Jiqi Shao; Ruolin He,2,12,31,-0.957,3.413510972
395,Metachelin B,,1,3,0,0,0,0,0,0,0,0,0,0,0,0,0,6,Hydroxamate,NRPS,C/C(=C\C(=O)N(O)CCCC1NC(=O)C(CCCN(O)C(=O)/C=C(\C)CCOC2OC(CO)C(O)C(O)C2O)NC1=O)CCOC(=O)C(CCCN(O)C(=O)/C=C(\C)CCOC1OC(CO)C(O)C(O)C1O)N(C)C,"5OH-3Me-2-PA, Gal/Man/bGal/Glc, OH-Orn, OH-Orn, 5OH-3Me-2-PA, Gal/Man/bGal/Glc, 5OH-3Me-2-PA, X0",8,0.853333333,1,C47H78N6O22,1079.151306,Metarhizium robertsii ARSEF 2575,0,1,0,0,0,0,0,0,0,0,1,0,0,0,0,0,Ascomycota,Orn derivatives,,,,,,,,"Krasnoff, Stuart B., et al. ""Metachelins, mannosylated and N-oxidized coprogen-type siderophores from Metarhizium robertsii."" Journal of natural products 77.7 (2014): 1685-1692.",[Unlocking the Siderophore Biosynthesis Pathway and Its Biological Functions in the Fungal Insect Pathogen Beauveria bassiana | Journal of Agricultural and Food Chemistry](https://pubs.acs.org/doi/10.1021/acs.jafc.4c02957),,,,,47,78,6,22,0,0.602564103,7.833333333,2.136363636,0,Ruolin He,2,12,15,-2.285,3.221647493
397,Nα-oxide-Nα-Dimethylcoprogen B,,1,3,0,0,0,0,0,0,0,0,0,0,0,0,0,6,Hydroxamate,Putative NRPS,C/C(=C\C(=O)N(O)CCCC1NC(=O)C(CCCN(O)C(=O)/C=C(\C)CCOC(=O)C(CCCN(O)C(=O)/C=C(\C)CCO)[N+](C)(C)[O-])NC1=O)CCO,"OH-Orn, OH-Orn, 5OH-3Me-2-PA, 5OH-3Me-2-PA, X0, 5OH-3Me-2-PA",6,0.777777778,1,C35H58N6O13,770.868961,Metarhizium robertsii ARSEF 2575,0,1,0,0,0,0,0,0,0,0,1,0,0,0,0,0,Ascomycota,Orn derivatives,,,,,,,,"Krasnoff, Stuart B., et al. ""Metachelins, mannosylated and N-oxidized coprogen-type siderophores from Metarhizium robertsii."" Journal of natural products 77.7 (2014): 1685-1692.",,,,,,35,58,6,13,0,0.603448276,5.833333333,2.692307692,0,Ruolin He,2,12,17,-0.992,3.685524524
398,Dimethylcoprogen,Dimethyl-coprogen,5,3,0,0,0,0,0,0,0,0,0,0,0,0,0,6,Hydroxamate,NRPS,C/C(=C\C(=O)N(O)CCCC1NC(=O)C(CCCN(O)C(=O)/C=C(\C)CCOC(=O)C(CCCN(O)C(=O)/C=C(\C)CCO)N(C)C)NC1=O)CCO,"OH-Orn, OH-Orn, 5OH-3Me-2-PA, 5OH-3Me-2-PA, X0, 5OH-3Me-2-PA",6,0.79245283,1,C35H58N6O12,754.869556,Alternaria sp.; Fusarium sp.; Metarhizium robertsii ARSEF 2575; Alternaria alternata Cp5; Alternaria longipes ATCC 26293,0,1,0,0,0,0,0,0,0,0,1,0,0,0,0,0,Ascomycota,Orn derivatives,,,,,,,,"Jalal, Mahbubul AF, Steve K. Love, and Dick van der Helm. ""N α-Dimethylcoprogens three novel trihydroxamate siderophores from pathogenic fungi."" Biology of Metals 1 (1988): 4-8.; Jalal, Mahbubul AF, and Dick Van der Helm. ""Siderophores of highly phytopathogenic Alternaria longipes: structures of hydroxycoprogens."" Biology of Metals 2 (1989): 11-17.; Krasnoff, Stuart B., et al. ""Metachelins, mannosylated and N-oxidized coprogen-type siderophores from Metarhizium robertsii."" Journal of natural products 77.7 (2014): 1685-1692.; Chung, Kuang-Ren, et al. ""The siderophore repressor SreA maintains growth, hydrogen peroxide resistance, and cell wall integrity in the phytopathogenic fungus Alternaria alternata."" Fungal Genetics and Biology 139 (2020): 103384.","Hai, Yang, Matthew Jenner, and Yi Tang. ""Fungal siderophore biosynthesis catalysed by an iterative nonribosomal peptide synthetase."" Chemical science 11.42 (2020): 11525-11530.",,,,,35,58,6,12,0,0.603448276,5.833333333,2.916666667,0,Shaohua Gu; Ruolin He,2,12,18,-2.821,3.716909745
399,2-N-methylcoprogen,Nα-methyl coprogen,1,3,0,0,0,0,0,0,0,0,0,0,0,0,0,6,Hydroxamate,NRPS,CC(=O)N(C)C(CCCN(O)C(=O)/C=C(\C)CCO)C(=O)OCC/C(C)=C/C(=O)N(O)CCCC1NC(=O)C(CCCN(O)C(=O)/C=C(\C)CCO)NC1=O,"NAc-Me-5OH-Orn, 5OH-3Me-2-PA, OH-Orn, 5OH-3Me-2-PA, OH-Orn, 5OH-3Me-2-PA",6,1,0,C36H58N6O13,782.879701,Pyricularia grisea,0,1,0,0,0,0,0,0,0,0,1,0,0,0,0,0,Ascomycota,Orn derivatives,,,,,,,,"Antelo, Luis, et al. ""Siderophores produced by Magnaporthe grisea in the presence and absence of iron."" Zeitschrift für Naturforschung C 61.5-6 (2006): 461-464.; Hof, Carolin, et al. ""Ferricrocin synthesis in Magnaporthe grisea and its role in pathogenicity in rice."" Molecular plant pathology 8.2 (2007): 163-172.; Hof, Carolin, et al. ""Siderophore synthesis in Magnaporthe grisea is essential for vegetative growth, conidiation and resistance to oxidative stress."" Fungal Genetics and Biology 46.4 (2009): 321-332.","Hai, Yang, Matthew Jenner, and Yi Tang. ""Fungal siderophore biosynthesis catalysed by an iterative nonribosomal peptide synthetase."" Chemical science 11.42 (2020): 11525-11530.",,,,,36,58,6,13,0,0.620689655,6,2.769230769,0,Shaohua Gu; Ruolin He,2,12,19,-3.138,3.662585076
400,Dimethyltriornicin,"N,N-dimethylneocoprogen I",1,3,0,0,0,0,0,0,0,0,0,0,0,0,0,6,Hydroxamate,NRPS,CC(=O)N(O)CCCC(C(=O)OCC/C(C)=C/C(=O)N(O)CCCC1NC(=O)C(CCCN(O)C(=O)/C=C(\C)CCO)NC1=O)N(C)C,"OH-Orn, OH-Orn, 5OH-3Me-2-PA, 5OH-3Me-2-PA, NMe2-5Ac-5OH-Orn",5,1,0,C31H52N6O11,684.779545,Alternaria longipes ATCC 26293,0,1,0,0,0,0,0,0,0,0,1,0,0,0,0,0,Ascomycota,Orn derivatives,,,,,,,,"Jalal, Mahbubul AF, Steve K. Love, and Dick van der Helm. ""N α-Dimethylcoprogens three novel trihydroxamate siderophores from pathogenic fungi."" Biology of Metals 1 (1988): 4-8.",,,,,,31,52,6,11,0,0.596153846,5.166666667,2.818181818,0,Shaohua Gu; Ruolin He,2,12,20,-2.61,3.866855945
401,Dimethylneocoprogen I,Nα-dimethyl isoneocoprogen I,2,3,0,0,0,0,0,0,0,0,0,0,0,0,0,6,Hydroxamate,NRPS,CC(=O)N(O)CCCC1NC(=O)C(CCCN(O)C(=O)/C=C(\C)CCOC(=O)C(CCCN(O)C(=O)/C=C(\C)CCO)N(C)C)NC1=O,"5OH-3Me-2-PA, X0, 5OH-3Me-2-PA, Ac-OH-Orn, OH-Orn",5,0.770833333,1,C31H52N6O11,684.779545,Alternaria longipes ATCC 26293; Alternaria alternata Cp5,0,1,0,0,0,0,0,0,0,0,1,0,0,0,0,0,Ascomycota,Orn derivatives,,,,,,,,"Jalal, Mahbubul AF, Steve K. Love, and Dick van der Helm. ""N α-Dimethylcoprogens three novel trihydroxamate siderophores from pathogenic fungi."" Biology of Metals 1 (1988): 4-8.; Chung, Kuang-Ren, et al. ""The siderophore repressor SreA maintains growth, hydrogen peroxide resistance, and cell wall integrity in the phytopathogenic fungus Alternaria alternata."" Fungal Genetics and Biology 139 (2020): 103384.","Hai, Yang, Matthew Jenner, and Yi Tang. ""Fungal siderophore biosynthesis catalysed by an iterative nonribosomal peptide synthetase."" Chemical science 11.42 (2020): 11525-11530.",,,,,31,52,6,11,0,0.596153846,5.166666667,2.818181818,0,Shaohua Gu; Ruolin He,2,12,21,-2.61,3.866855945
396,Coprogen B,Desacetylcoprogen; Desferricoprogen B,9,3,0,0,0,0,0,0,0,0,0,0,0,0,0,6,Hydroxamate,NRPS,C/C(=C\C(=O)N(O)CCC[C@@H]1NC(=O)[C@H](CCCN(O)C(=O)/C=C(\C)CCOC(=O)[C@@H](N)CCCN(O)C(=O)/C=C(\C)CCO)NC1=O)CCO,"5OH-3Me-2-PA, OH-Orn, OH-Orn, 5OH-3Me-2-PA, OH-Orn, 5OH-3Me-2-PA",6,1,0,C33H54N6O12,726.816312,Pyricularia grisea; Trichoderma hamatum CBS 691.74; Trichoderma harzianum CBS 118.72; Trichoderma koningii CBS 401.73; Trichoderma longibrachiatum CBS 488.78; Trichoderma pseudokoningii CBS 931.69; Trichoderma viride CBS 815.68; Paracoccidioides lutzii Pb01; Fusarium domesticum 554A,0,1,0,0,0,0,0,0,0,0,1,0,0,0,0,0,Ascomycota,Orn derivatives,,,,,,,,"Anke, Heidrun, et al. ""Production of siderophores by strains of the genus Trichoderma: isolation and characterization of the new lipophilic coprogen derivative, palmitoylcoprogen."" Biology of metals 4 (1991): 176-180.; Antelo, Luis, et al. ""Siderophores produced by Magnaporthe grisea in the presence and absence of iron."" Zeitschrift für Naturforschung C 61.5-6 (2006): 461-464.; Hof, Carolin, et al. ""Ferricrocin synthesis in Magnaporthe grisea and its role in pathogenicity in rice."" Molecular plant pathology 8.2 (2007): 163-172.; Hof, Carolin, et al. ""Siderophore synthesis in Magnaporthe grisea is essential for vegetative growth, conidiation and resistance to oxidative stress."" Fungal Genetics and Biology 46.4 (2009): 321-332.; Silva-Bailão, Mirelle Garcia, et al. ""Hydroxamate production as a high affinity iron acquisition mechanism in Paracoccidioides spp."" PLoS One 9.8 (2014): e105805.; Luu, Gordon T., et al. ""Metabolomics of bacterial–fungal pairwise interactions reveal conserved molecular mechanisms."" Analyst 148.13 (2023): 3002-3018.","Hai, Yang, Matthew Jenner, and Yi Tang. ""Fungal siderophore biosynthesis catalysed by an iterative nonribosomal peptide synthetase."" Chemical science 11.42 (2020): 11525-11530.",,,,,33,54,6,12,0,0.611111111,5.5,2.75,0,Shaohua Gu; Ruolin He,2,12,16,-2.832,3.774368482
405,Talarazine A,,1,1,0,0,0,0,0,0,0,0,0,0,0,0,0,2,Hydroxamate,Putative NRPS,C/C(=C\C(=O)NCCC[C@@H]1NC(=O)[C@H](CCCN(O)C(=O)/C=C(\C)CCO)NC1=O)CCO,"OH-Orn, 5OH-3Me-2-PA, Orn, 5OH-3Me-2-PA",4,1,0,C22H36N4O7,468.544803,Talaromyces sp. CMB-W045,0,1,0,0,0,0,0,0,0,0,1,0,0,0,0,0,Ascomycota,Orn derivatives,,,,,,,,"Kalansuriya, Pabasara, et al. ""Talarazines A–E: Noncytotoxic iron (III) chelators from an Australian mud dauber wasp-associated fungus, Talaromyces sp.(CMB-W045)."" Journal of Natural Products 80.3 (2017): 609-615.",,,,,,22,36,4,7,0,0.611111111,5.5,3.142857143,0,Ruolin He,2,12,25,-1.992,4.521819917
404,Dimerumic acid,Dimerum acid,18,2,0,0,0,0,0,0,0,0,0,0,0,0,0,4,Hydroxamate,Putative NRPS,C/C(=C\C(=O)N(O)CCCC1NC(=O)C(CCCN(O)C(=O)/C=C(\C)CCO)NC1=O)CCO,"OH-Orn, 5OH-3Me-2-PA, OH-Orn, 5OH-3Me-2-PA",4,1,0,C22H36N4O8,484.544208,Aspergillus terreus; Histoplasma capsulatum; Monascus anka; Scedosporium apiospermum 90.4595; Metarhizium robertsii ARSEF 2575; Paracoccidioides lutzii Pb01; Trichoderma hamatum TUCIM 2689; Trichoderma gamsii TUCIM 2323; Trichoderma asperellum TUCIM 2128; Trichoderma polysporum TUCIM 462; Trichoderma harzianum CBS 226.95; Trichoderma virens Gv29-8; Trichoderma atroviride TUCIM 2108; Trichoderma atroviride P1; Trichoderma atroviride IMI 206040; Trichoderma reesei QM6a; Alternaria alternata EV-MIL31; Scedosporium apiospermum IHEM 15155,0,1,0,0,0,0,0,0,0,0,1,0,0,0,0,0,Ascomycota,Orn derivatives,,,,,,,,"Burt, WAYNE R. ""Identification of coprogen B and its breakdown products from Histoplasma capsulatum."" Infection and Immunity 35.3 (1982): 990-996.; Aniya, Yoko, et al. ""Dimerumic acid as an antioxidant of the mold, Monascus anka."" Free Radical Biology and Medicine 28.6 (2000): 999-1004.; Howard, Dexter H., et al. ""Hydroxamate siderophores of Histoplasma capsulatum."" Infection and Immunity 68.4 (2000): 2338-2343.; Taira, Junsei, Chika Miyagi, and Yoko Aniya. ""Dimerumic acid as an antioxidant from the mold, Monascus anka: the inhibition mechanisms against lipid peroxidation and hemeprotein-mediated oxidation."" Biochemical Pharmacology 63.5 (2002): 1019-1026.; Bertrand, Samuel, et al. ""Hydroxamate siderophores of Scedosporium apiospermum."" Biometals 22 (2009): 1019-1029.; Bertrand, Samuel, et al. ""N*-methyl coprogen B, a potential marker of the airway colonization by Scedosporium apiospermum in patients with cystic fibrosis."" Sabouraudia 48.Supplement_1 (2010): S98-S107.; Hilty, Jeremy, A. George Smulian, and Simon L. Newman. ""Histoplasma capsulatum utilizes siderophores for intracellular iron acquisition in macrophages."" Medical mycology 49.6 (2011): 633-642.; Lehner, Sylvia M., et al. ""Isotope-assisted screening for iron-containing metabolites reveals a high degree of diversity among known and unknown siderophores produced by Trichoderma spp."" Applied and Environmental Microbiology 79.1 (2013): 18-31.; Krasnoff, Stuart B., et al. ""Metachelins, mannosylated and N-oxidized coprogen-type siderophores from Metarhizium robertsii."" Journal of natural products 77.7 (2014): 1685-1692.; Silva-Bailão, Mirelle Garcia, et al. ""Hydroxamate production as a high affinity iron acquisition mechanism in Paracoccidioides spp."" PLoS One 9.8 (2014): e105805.; Wu, Pei-Ching, et al. ""Contribution of Autophagy to Cellular Iron Homeostasis and Stress Adaptation in Alternaria alternata."" International Journal of Molecular Sciences 25.2 (2024): 1123.",,,,,,22,36,4,8,0,0.611111111,5.5,2.75,0,Shaohua Gu; Ruolin He,2,12,24,-2.001,4.458909225
403,Mycosphazine B,,1,2,0,0,0,0,0,0,0,0,0,0,0,0,0,4,Hydroxamate,Putative NRPS,C/C(=C\C(=O)N(O)CCC[C@@H]1NC(=O)[C@@H](CCCN(O)C(=O)/C=C(\C)CCO)NC1=O)CCO,"OH-Orn, OH-Orn, 5OH-3Me-2-PA, 5OH-3Me-2-PA",4,1,0,C22H36N4O8,484.544208,Mycosphaerella sp. SCSIO z059,0,1,0,0,0,0,0,0,0,0,1,0,0,0,0,0,Ascomycota,Orn derivatives,,,,,,,,"Huang, Zhong-Hui, Xiao Liang, and Q. I. Shu-Hua. ""A new iron (III) chelator of coprogen-type siderophore from the deep-sea-derived fungus Mycosphaerella sp. SCSIO z059."" Chinese journal of natural medicines 18.4 (2020): 243-249.",,,,,,22,36,4,8,0,0.611111111,5.5,2.75,0,Ruolin He,2,12,23,-2.001,4.458909225
402,NBRI16716B,,1,2,0,0,0,0,0,0,0,0,0,0,0,0,0,4,Hydroxamate,Putative NRPS,CC(=O)N(O)CCC[C@@H]1NC(=O)[C@H](CCCN(O)C(=O)/C=C(\C)CCO)NC1=O,"Ac-OH-Orn, OH-Orn, 5OH-3Me-2-PA",3,1,0,C18H30N4O7,414.454197,Perisporiopsis melioloides Mer-f16716,0,1,0,0,0,0,0,0,0,0,1,0,0,0,0,0,Ascomycota,Orn derivatives,,,,,,,,"Kawada, Manabu, et al. ""NBRI16716A, a new antitumor compound against human prostate cancer cells, produced by Perisporiopsis melioloides Mer-f16716."" The Journal of antibiotics 63.6 (2010): 319-323.",,,,,,18,30,4,7,0,0.6,4.5,2.571428571,0,Ruolin He,2,12,22,-1.718,4.76064976
407,NBRI16716A,,1,3,0,0,0,0,0,0,0,0,0,0,0,0,0,6,Hydroxamate,Putative NRPS,CC(=O)N(O)CCC[C@H]1C(=O)N[C@@H](CCCN(O)C(=O)/C=C(\C)CCO)C(=O)N1O,"OH-Orn, 5OH-3Me-2-PA, X0",3,0.566666667,1,C18H30N4O8,430.453602,Perisporiopsis melioloides Mer-f16716,0,1,0,0,0,0,0,0,0,0,1,0,0,0,0,0,Ascomycota,Orn derivatives,,,,,,,,"Kawada, Manabu, et al. ""NBRI16716A, a new antitumor compound against human prostate cancer cells, produced by Perisporiopsis melioloides Mer-f16716."" The Journal of antibiotics 63.6 (2010): 319-323.",,,,,,18,30,4,8,0,0.6,4.5,2.25,0,Ruolin He,2,12,27,-1.718,4.685363725
406,NBRI16716C,,1,2,0,0,0,0,0,0,0,0,0,0,0,0,0,4,Hydroxamate,Putative NRPS,CC(=O)N(O)CCC[C@H]1C(=O)N[C@@H](CCCNC(=O)/C=C(\C)CCO)C(=O)N1O,"Orn, 5OH-3Me-2-PA, X0",3,0.551724138,1,C18H30N4O7,414.454197,Perisporiopsis melioloides Mer-f16716,0,1,0,0,0,0,0,0,0,0,1,0,0,0,0,0,Ascomycota,Orn derivatives,,,,,,,,"Kawada, Manabu, et al. ""NBRI16716A, a new antitumor compound against human prostate cancer cells, produced by Perisporiopsis melioloides Mer-f16716."" The Journal of antibiotics 63.6 (2010): 319-323.",,,,,,18,30,4,7,0,0.6,4.5,2.571428571,0,Ruolin He,2,12,26,-1.684,4.76064976
393,Talarazine C,,1,1,0,0,0,0,0,0,0,0,0,0,0,0,0,2,Hydroxamate,Putative NRPS,CC(=O)N[C@@H](CCCN(O)C(=O)/C=C(\C)CCO)C(=O)OCC/C(C)=C/C(=O)NCCC[C@@H]1NC(=O)[C@H](CCCNC(=O)/C=C(\C)CCO)NC1=O,"NAc-OH-Orn, 5OH-3Me-2-PA, 5OH-3Me-2-PA, Orn, Orn, 5OH-3Me-2-PA",6,1,0,C35H56N6O11,736.854269,Talaromyces sp. CMB-W045,0,1,0,0,0,0,0,0,0,0,1,0,0,0,0,0,Ascomycota,Orn derivatives,,,,,,,,"Kalansuriya, Pabasara, et al. ""Talarazines A–E: Noncytotoxic iron (III) chelators from an Australian mud dauber wasp-associated fungus, Talaromyces sp.(CMB-W045)."" Journal of Natural Products 80.3 (2017): 609-615.",,,,,,35,56,6,11,0,0.625,5.833333333,3.181818182,0,Ruolin He,2,12,13,-3.071,3.753439789
392,Talarazine E,,1,2,0,0,0,0,0,0,0,0,0,0,0,0,0,4,Hydroxamate,Putative NRPS,CC(=O)N[C@@H](CCCN(O)C(=O)/C=C(\C)CCO)C(=O)OCC/C(C)=C/C(=O)N(O)CCC[C@@H]1NC(=O)[C@H](CCCNC(=O)/C=C(\C)CCO)NC1=O,"Orn, 5OH-3Me-2-PA, OH-Orn, 5OH-3Me-2-PA, NAc-OH-Orn, 5OH-3Me-2-PA",6,1,0,C35H56N6O12,752.853674,Talaromyces sp. CMB-W045,0,1,0,0,0,0,0,0,0,0,1,0,0,0,0,0,Ascomycota,Orn derivatives,,,,,,,,"Kalansuriya, Pabasara, et al. ""Talarazines A–E: Noncytotoxic iron (III) chelators from an Australian mud dauber wasp-associated fungus, Talaromyces sp.(CMB-W045)."" Journal of Natural Products 80.3 (2017): 609-615.",,,,,,35,56,6,12,0,0.625,5.833333333,2.916666667,0,Ruolin He,2,12,12,-3.07,3.720933499
391,Talarazine D,,1,2,0,0,0,0,0,0,0,0,0,0,0,0,0,4,Hydroxamate,Putative NRPS,CC(=O)N[C@@H](CCCN(O)C(=O)/C=C(\C)CCO)C(=O)OCC/C(C)=C/C(=O)NCCC[C@@H]1NC(=O)[C@H](CCCN(O)C(=O)/C=C(\C)CCO)NC1=O,"Orn, OH-Orn, NAc-OH-Orn, 5OH-3Me-2-PA, 5OH-3Me-2-PA, 5OH-3Me-2-PA",6,1,0,C35H56N6O12,752.853674,Talaromyces sp. CMB-W045,0,1,0,0,0,0,0,0,0,0,1,0,0,0,0,0,Ascomycota,Orn derivatives,,,,,,,,"Kalansuriya, Pabasara, et al. ""Talarazines A–E: Noncytotoxic iron (III) chelators from an Australian mud dauber wasp-associated fungus, Talaromyces sp.(CMB-W045)."" Journal of Natural Products 80.3 (2017): 609-615.",,,,,,35,56,6,12,0,0.625,5.833333333,2.916666667,0,Ruolin He,2,12,11,-3.07,3.720933499
388,2-N-methylcoprogen B,Nα-methyl coprogen B,8,3,0,0,0,0,0,0,0,0,0,0,0,0,0,6,Hydroxamate,NRPS,CNC(CCCN(O)C(=O)/C=C(\C)CCO)C(=O)OCC/C(C)=C/C(=O)N(O)CCCC1NC(=O)C(CCCN(O)C(=O)/C=C(\C)CCO)NC1=O,"OH-Orn, OH-Orn, 5OH-3Me-2-PA, NMe-OH-Orn, 5OH-3Me-2-PA, 5OH-3Me-2-PA",6,1,0,C34H56N6O12,740.842934,Histoplasma capsulatum; Pyricularia grisea; Scedosporium boydii; Scedosporium apiospermum 90.4595; Scedosporium aurantiacum; Alternaria alternata Cp5; Scedosporium apiospermum IHEM 15155; Scedosporium apiospermum IHEM 14462,0,1,0,0,0,0,0,0,0,0,1,0,0,0,0,0,Ascomycota,Orn derivatives,,,,,,,,"Howard, Dexter H., et al. ""Hydroxamate siderophores of Histoplasma capsulatum."" Infection and Immunity 68.4 (2000): 2338-2343.; Antelo, Luis, et al. ""Siderophores produced by Magnaporthe grisea in the presence and absence of iron."" Zeitschrift für Naturforschung C 61.5-6 (2006): 461-464.; Hof, Carolin, et al. ""Ferricrocin synthesis in Magnaporthe grisea and its role in pathogenicity in rice."" Molecular plant pathology 8.2 (2007): 163-172.; Gilgado, Felix, et al. ""Molecular and phenotypic data supporting distinct species statuses for Scedosporium apiospermum and Pseudallescheria boydii and the proposed new species Scedosporium dehoogii."" Journal of Clinical Microbiology 46.2 (2008): 766-771.; Bertrand, Samuel, et al. ""Hydroxamate siderophores of Scedosporium apiospermum."" Biometals 22 (2009): 1019-1029.; Hof, Carolin, et al. ""Siderophore synthesis in Magnaporthe grisea is essential for vegetative growth, conidiation and resistance to oxidative stress."" Fungal Genetics and Biology 46.4 (2009): 321-332.; Bertrand, Samuel, et al. ""N*-methyl coprogen B, a potential marker of the airway colonization by Scedosporium apiospermum in patients with cystic fibrosis."" Sabouraudia 48.Supplement_1 (2010): S98-S107.; Chung, Kuang-Ren, et al. ""The siderophore repressor SreA maintains growth, hydrogen peroxide resistance, and cell wall integrity in the phytopathogenic fungus Alternaria alternata."" Fungal Genetics and Biology 139 (2020): 103384.; Le Govic, Yohann, et al. ""Synthesis of the hydroxamate siderophore N α-methylcoprogen B in Scedosporium apiospermum is mediated by sidD ortholog and is required for virulence."" Frontiers in Cellular and Infection Microbiology 10 (2020): 587909.","Hai, Yang, Matthew Jenner, and Yi Tang. ""Fungal siderophore biosynthesis catalysed by an iterative nonribosomal peptide synthetase."" Chemical science 11.42 (2020): 11525-11530.",,,,,34,56,6,12,0,0.607142857,5.666666667,2.833333333,0,Shaohua Gu; Ruolin He,2,12,8,-2.824,3.745239536
375,Deferrihydroxycoprogen,Hydroxycoprogen,4,3,0,0,0,0,0,0,0,0,0,0,0,0,0,6,Hydroxamate,NRPS,CC(=O)NC(CCCN(O)C(=O)/C=C(\C)C(O)CO)C(=O)OCC/C(C)=C/C(=O)N(O)CCCC1NC(=O)C(CCCN(O)C(=O)/C=C(\C)CCO)NC1=O,"OH-Orn, OH-Orn, 5OH-3Me-2-PA, NAc-OH-Orn, X0, 5OH-3Me-2-PA",6,0.836363636,1,C35H56N6O14,784.852484,Neurospora sp.; Alternaria longipes ATCC 26293; Alternaria alternata CP4; Alternaria alternata EV-MIL31,0,1,0,0,0,0,0,0,0,0,1,0,0,0,0,0,Ascomycota,Orn derivatives,,,,,,,,"Jalal, Mahbubul AF, and Dick Van der Helm. ""Siderophores of highly phytopathogenic Alternaria longipes: structures of hydroxycoprogens."" Biology of Metals 2 (1989): 11-17.; Holinsworth, Brian, and Jessica D. Martin. ""Siderophore production by marine-derived fungi."" BioMetals 22 (2009): 625-632.; Wu, Pei-Ching, et al. ""Peroxisomes implicated in the biosynthesis of siderophores and biotin, cell wall integrity, autophagy, and response to hydrogen peroxide in the citrus pathogenic fungus Alternaria alternata."" Frontiers in microbiology 12 (2021): 645792.; Wu, Pei-Ching, et al. ""Contribution of Autophagy to Cellular Iron Homeostasis and Stress Adaptation in Alternaria alternata."" International Journal of Molecular Sciences 25.2 (2024): 1123.",,,,,,35,56,6,14,0,0.625,5.833333333,2.5,0,Shaohua Gu; Ruolin He,2,12,28,-2.698,3.658866567
766,Coprogen JB370,,1,3,0,0,0,0,0,0,0,0,0,0,0,0,0,6,Hydroxamate,NRPS,CC(=O)NC(CCCN(O)C(=O)/C=C(\C)CCO)C(=O)OCC/C(C)=C/C(=O)N(O)CCCC1NC(=O)C(CCCN(O)C(=O)/C=C(\C)CC(=O)O)NC1=O,"OH-Orn, 5OH-3Me-2-PA, OH-Orn, 3Me-Gla, NAc-OH-Orn, 5OH-3Me-2-PA",6,1,0,C35H54N6O14,782.836602,Scopulariopsis sp. JB370,0,1,0,0,0,0,0,0,0,0,1,0,0,0,0,0,Ascomycota,Orn derivatives,,,,,,,,"Luu, Gordon T., et al. ""Metabolomics of bacterial–fungal pairwise interactions reveal conserved molecular mechanisms."" Analyst 148.13 (2023): 3002-3018.","Hai, Yang, Matthew Jenner, and Yi Tang. ""Fungal siderophore biosynthesis catalysed by an iterative nonribosomal peptide synthetase."" Chemical science 11.42 (2020): 11525-11530.",,,,,35,54,6,14,0,0.648148148,5.833333333,2.5,0,Yanzhao Wu; Jiqi Shao; Ruolin He,2,12,32,-3.273,3.662666466
389,Mycosphazine A,,1,3,0,0,0,0,0,0,0,0,0,0,0,0,0,6,Hydroxamate,Putative NRPS,CC(=O)N[C@@H](CCCN(O)C(=O)/C=C(\C)CCO)C(=O)OCC/C(C)=C/C(=O)N(O)CCC[C@@H]1NC(=O)[C@@H](CCCN(O)C(=O)/C=C(\C)CCO)NC1=O,"OH-Orn, OH-Orn, 5OH-3Me-2-PA, NAc-OH-Orn, 5OH-3Me-2-PA, 5OH-3Me-2-PA",6,1,0,C35H56N6O13,768.853079,Mycosphaerella sp. SCSIO z059,0,1,0,0,0,0,0,0,0,0,1,0,0,0,0,0,Ascomycota,Orn derivatives,,,,,,,,"Huang, Zhong-Hui, Xiao Liang, and Q. I. Shu-Hua. ""A new iron (III) chelator of coprogen-type siderophore from the deep-sea-derived fungus Mycosphaerella sp. SCSIO z059."" Chinese journal of natural medicines 18.4 (2020): 243-249.",,,,,,35,56,6,13,0,0.625,5.833333333,2.692307692,0,Ruolin He,2,12,9,-3.11,3.689426119
390,Coprogen,Desferricoprogen,30,3,0,0,0,0,0,0,0,0,0,0,0,0,0,6,Hydroxamate,NRPS,CC(=O)N[C@@H](CCCN(O)C(=O)/C=C(\C)CCO)C(=O)OCC/C(C)=C/C(=O)N(O)CCC[C@@H]1NC(=O)[C@H](CCCN(O)C(=O)/C=C(\C)CCO)NC1=O,"OH-Orn, 5OH-3Me-2-PA, OH-Orn, 5OH-3Me-2-PA, NAc-OH-Orn, 5OH-3Me-2-PA",6,1,0,C35H56N6O13,768.853079,Aspergillus nidulans; Aspergillus terreus; Pyricularia grisea; Neurospora crassa; Penicillium chrysogenum; Suillus granulatus; Suillus luteus; Trichoderma hamatum CBS 691.74; Trichoderma harzianum CBS 118.72; Trichoderma koningii CBS 401.73; Trichoderma longibrachiatum CBS 488.78; Trichoderma pseudokoningii CBS 931.69; Trichoderma viride CBS 815.68; Trichoderma gamsii TUCIM 2323; Trichoderma asperellum TUCIM 2128; Trichoderma polysporum TUCIM 462; Trichoderma virens Gv29-8; Trichoderma atroviride TUCIM 2108; Trichoderma atroviride P1; Trichoderma atroviride IMI 206040; Trichoderma hamatum TUCIM 2689; Trichoderma harzianum CBS 226.95; Alternaria alternata CP4; Alternaria alternata EV-MIL31; Bipolaris maydis C4; Alternaria alternata Cp5; Penicillium atramentosum RS17; Penicillium camemberti SAM3; Penicillium solitum #12; Alternaria longipes ATCC 26293,0,1,0,0,0,0,0,0,0,0,0.933333333,0.066666667,0,0,0,0,Ascomycota/Basidiomycota,Orn derivatives,,,,,,,,"Charlang, Gisela, et al. ""Cellular and extracellular siderophores of Aspergillus nidulans and Penicillium chrysogenum."" Molecular and cellular biology (1981).; Jalal, Mahbubul AF, and Dick Van der Helm. ""Siderophores of highly phytopathogenic Alternaria longipes: structures of hydroxycoprogens."" Biology of Metals 2 (1989): 11-17.; Anke, Heidrun, et al. ""Production of siderophores by strains of the genus Trichoderma: isolation and characterization of the new lipophilic coprogen derivative, palmitoylcoprogen."" Biology of metals 4 (1991): 176-180.; Antelo, Luis, et al. ""Siderophores produced by Magnaporthe grisea in the presence and absence of iron."" Zeitschrift für Naturforschung C 61.5-6 (2006): 461-464.; Oide, Shinichi, et al. ""NPS6, encoding a nonribosomal peptide synthetase involved in siderophore-mediated iron metabolism, is a conserved virulence determinant of plant pathogenic ascomycetes."" The plant cell 18.10 (2006): 2836-2853.; Hof, Carolin, et al. ""Ferricrocin synthesis in Magnaporthe grisea and its role in pathogenicity in rice."" Molecular plant pathology 8.2 (2007): 163-172.; Hof, Carolin, et al. ""Siderophore synthesis in Magnaporthe grisea is essential for vegetative growth, conidiation and resistance to oxidative stress."" Fungal Genetics and Biology 46.4 (2009): 321-332.; Bertrand, Samuel, et al. ""N*-methyl coprogen B, a potential marker of the airway colonization by Scedosporium apiospermum in patients with cystic fibrosis."" Sabouraudia 48.Supplement_1 (2010): S98-S107.; Hider, Robert C., and Xiaole Kong. ""Chemistry and biology of siderophores."" Natural product reports 27.5 (2010): 637-657.; Haselwandter, Kurt, Gerlinde Häninger, and Markus Ganzera. ""Hydroxamate siderophores of the ectomycorrhizal fungi Suillus granulatus and S. luteus."" Biometals 24 (2011): 153-157.; Lehner, Sylvia M., et al. ""Isotope-assisted screening for iron-containing metabolites reveals a high degree of diversity among known and unknown siderophores produced by Trichoderma spp."" Applied and Environmental Microbiology 79.1 (2013): 18-32.; Lehner, Sylvia M., et al. ""Isotope-assisted screening for iron-containing metabolites reveals a high degree of diversity among known and unknown siderophores produced by Trichoderma spp."" Applied and Environmental Microbiology 79.1 (2013): 18-33.; Lehner, Sylvia M., et al. ""Isotope-assisted screening for iron-containing metabolites reveals a high degree of diversity among known and unknown siderophores produced by Trichoderma spp."" Applied and Environmental Microbiology 79.1 (2013): 18-34.; Lehner, Sylvia M., et al. ""Isotope-assisted screening for iron-containing metabolites reveals a high degree of diversity among known and unknown siderophores produced by Trichoderma spp."" Applied and Environmental Microbiology 79.1 (2013): 18-35.; Lehner, Sylvia M., et al. ""Isotope-assisted screening for iron-containing metabolites reveals a high degree of diversity among known and unknown siderophores produced by Trichoderma spp."" Applied and Environmental Microbiology 79.1 (2013): 18-36.; Lehner, Sylvia M., et al. ""Isotope-assisted screening for iron-containing metabolites reveals a high degree of diversity among known and unknown siderophores produced by Trichoderma spp."" Applied and Environmental Microbiology 79.1 (2013): 18-37.; Lehner, Sylvia M., et al. ""Isotope-assisted screening for iron-containing metabolites reveals a high degree of diversity among known and unknown siderophores produced by Trichoderma spp."" Applied and Environmental Microbiology 79.1 (2013): 18-38.; Chung, Kuang-Ren, et al. ""The siderophore repressor SreA maintains growth, hydrogen peroxide resistance, and cell wall integrity in the phytopathogenic fungus Alternaria alternata."" Fungal Genetics and Biology 139 (2020): 103384.; Wu, Pei-Ching, et al. ""Peroxisomes implicated in the biosynthesis of siderophores and biotin, cell wall integrity, autophagy, and response to hydrogen peroxide in the citrus pathogenic fungus Alternaria alternata."" Frontiers in microbiology 12 (2021): 645792.; Luu, Gordon T., et al. ""Metabolomics of bacterial–fungal pairwise interactions reveal conserved molecular mechanisms."" Analyst 148.13 (2023): 3002-3018.; Wu, Pei-Ching, et al. ""Contribution of Autophagy to Cellular Iron Homeostasis and Stress Adaptation in Alternaria alternata."" International Journal of Molecular Sciences 25.2 (2024): 1123.","Hai, Yang, Matthew Jenner, and Yi Tang. ""Fungal siderophore biosynthesis catalysed by an iterative nonribosomal peptide synthetase."" Chemical science 11.42 (2020): 11525-11530.",,,,,35,56,6,13,0,0.625,5.833333333,2.692307692,0,Shaohua Gu; Ruolin He,2,12,10,-3.11,3.689426119
382,Isotriornicin,Neocoprogen I,4,3,0,0,0,0,0,0,0,0,0,0,0,0,0,6,Hydroxamate,NRPS,CC(=O)NC(CCCN(O)C(=O)/C=C(\C)CCO)C(=O)OCC/C(C)=C/C(=O)N(O)CCCC1NC(=O)C(CCCN(O)C(C)=O)NC1=O,"Ac-OH-Orn, OH-Orn, 5OH-3Me-2-PA, NAc-OH-Orn, 5OH-3Me-2-PA",5,1,0,C31H50N6O12,698.763068,Epicoccum purpurascens; Alternaria alternata EV-MIL31; Bipolaris maydis C4; Alternaria longipes ATCC 26293,0,1,0,0,0,0,0,0,0,0,1,0,0,0,0,0,Ascomycota,Orn derivatives,,,,,,,,"Frederick, Clay B., Michael D. Bentley, and William Shive. ""Structure of triornicin, a new siderophore."" Biochemistry 20.9 (1981): 2436-2438.; Jalal, Mahbubul AF, and Dick Van der Helm. ""Siderophores of highly phytopathogenic Alternaria longipes: structures of hydroxycoprogens."" Biology of Metals 2 (1989): 11-17.; Oide, Shinichi, et al. ""NPS6, encoding a nonribosomal peptide synthetase involved in siderophore-mediated iron metabolism, is a conserved virulence determinant of plant pathogenic ascomycetes."" The plant cell 18.10 (2006): 2836-2853.; Wu, Pei-Ching, et al. ""Contribution of Autophagy to Cellular Iron Homeostasis and Stress Adaptation in Alternaria alternata."" International Journal of Molecular Sciences 25.2 (2024): 1123.",,,,,,31,50,6,12,0,0.62,5.166666667,2.583333333,0,Shaohua Gu; Ruolin He,2,12,2,-2.937,3.835182909
383,Triornicin,Isoneocoprogen I; Isoneo-coprogen I,1,3,0,0,0,0,0,0,0,0,0,0,0,0,0,6,Hydroxamate,Putative NRPS,CC(=O)N[C@@H](CCCN(O)C(C)=O)C(=O)OCC/C(C)=C/C(=O)N(O)CCC[C@@H]1NC(=O)[C@H](CCCN(O)C(=O)/C=C(\C)CCO)NC1=O,"OH-Orn, 5OH-3Me-2-PA, OH-Orn, 5OH-3Me-2-PA, NAc-Ac-OH-Orn",5,1,0,C31H50N6O12,698.763068,Epicoccum purpurascens,0,1,0,0,0,0,0,0,0,0,1,0,0,0,0,0,Ascomycota,Orn derivatives,,,,,,,,"Frederick, Clay B., Michael D. Bentley, and William Shive. ""Structure of triornicin, a new siderophore."" Biochemistry 20.9 (1981): 2436-2438.",,,,,,31,50,6,12,0,0.62,5.166666667,2.583333333,0,Shaohua Gu; Ruolin He,2,12,3,-2.937,3.835182909
384,Neocoprogen II,,3,3,0,0,0,0,0,0,0,0,0,0,0,0,0,6,Hydroxamate,NRPS,CC(=O)NC(CCCN(O)C(C)=O)C(=O)OCC/C(C)=C/C(=O)N(O)CCCC1NC(=O)C(CCCN(O)C(C)=O)NC1=O,"5OH-3Me-2-PA, NAc-Ac-OH-Orn, OH-Orn, Ac-OH-Orn",4,1,0,C27H44N6O11,628.673057,Curvularia sp.; Bipolaris maydis C4; Alternaria longipes ATCC 26293,0,1,0,0,0,0,0,0,0,0,1,0,0,0,0,0,Ascomycota,Orn derivatives,,,,,,,,"Hossain, M. B., et al. ""Structure and conformation of two coprogen-type siderophores. Neocoprogen I and neocoprogen II."" Journal of the American Chemical Society 109.16 (1987): 4948-4954.; Jalal, Mahbubul AF, and Dick Van der Helm. ""Siderophores of highly phytopathogenic Alternaria longipes: structures of hydroxycoprogens."" Biology of Metals 2 (1989): 11-17.; Oide, Shinichi, et al. ""NPS6, encoding a nonribosomal peptide synthetase involved in siderophore-mediated iron metabolism, is a conserved virulence determinant of plant pathogenic ascomycetes."" The plant cell 18.10 (2006): 2836-2853.","Hai, Yang, Matthew Jenner, and Yi Tang. ""Fungal siderophore biosynthesis catalysed by an iterative nonribosomal peptide synthetase."" Chemical science 11.42 (2020): 11525-11530.",,,,,27,44,6,11,0,0.613636364,4.5,2.454545455,0,Shaohua Gu; Ruolin He,2,12,4,-2.753,4.004198115
385,Hydroxyneocoprogen I,Hydroxyneo-coprogen I; Deferrihydroxyneocoprogen I; Deferrihydroxyneo-coprogen I,3,3,0,0,0,0,0,0,0,0,0,0,0,0,0,6,Hydroxamate,NRPS,CC(=O)NC(CCCN(O)C(=O)/C=C(\C)C(O)CO)C(=O)OCC/C(C)=C\C(=O)N(O)CCCC1NC(=O)C(CCCN(O)C(C)=O)NC1=O,"Ac-OH-Orn, OH-Orn, NAc-OH-Orn, X0, 5OH-3Me-2-PA",5,0.82,1,C31H50N6O13,714.762473,Neurospora sp.; Alternaria longipes ATCC 26293; Alternaria alternata EV-MIL31,0,1,0,0,0,0,0,0,0,0,1,0,0,0,0,0,Ascomycota,Orn derivatives,,,,,,,,"Jalal, Mahbubul AF, and Dick Van der Helm. ""Siderophores of highly phytopathogenic Alternaria longipes: structures of hydroxycoprogens."" Biology of Metals 2 (1989): 11-17.; Holinsworth, Brian, and Jessica D. Martin. ""Siderophore production by marine-derived fungi."" BioMetals 22 (2009): 625-632.; Wu, Pei-Ching, et al. ""Contribution of Autophagy to Cellular Iron Homeostasis and Stress Adaptation in Alternaria alternata."" International Journal of Molecular Sciences 25.2 (2024): 1123.","Hai, Yang, Matthew Jenner, and Yi Tang. ""Fungal siderophore biosynthesis catalysed by an iterative nonribosomal peptide synthetase."" Chemical science 11.42 (2020): 11525-11530.",,,,,31,50,6,13,0,0.62,5.166666667,2.384615385,0,Shaohua Gu; Ruolin He,2,12,5,-2.515,3.80006872
386,Hydroxyisoneocoprogen I,,2,3,0,0,0,0,0,0,0,0,0,0,0,0,0,6,Hydroxamate,NRPS,CC(=O)NC(CCCN(O)C(C)=O)C(=O)OCC/C(C)=C\C(=O)N(O)CCCC1NC(=O)C(CCCN(O)C(=O)/C=C(/C)C(O)CO)NC1=O,"OH-Orn, X0, OH-Orn, 5OH-3Me-2-PA, NAc-Ac-OH-Orn",5,0.82,1,C31H50N6O13,714.762473,Neurospora sp.; Alternaria longipes ATCC 26293,0,1,0,0,0,0,0,0,0,0,1,0,0,0,0,0,Ascomycota,Orn derivatives,,,,,,,,"Jalal, Mahbubul AF, and Dick Van der Helm. ""Siderophores of highly phytopathogenic Alternaria longipes: structures of hydroxycoprogens."" Biology of Metals 2 (1989): 11-17.; Holinsworth, Brian, and Jessica D. Martin. ""Siderophore production by marine-derived fungi."" BioMetals 22 (2009): 625-632.","Hai, Yang, Matthew Jenner, and Yi Tang. ""Fungal siderophore biosynthesis catalysed by an iterative nonribosomal peptide synthetase."" Chemical science 11.42 (2020): 11525-11530.",,,,,31,50,6,13,0,0.62,5.166666667,2.384615385,0,Shaohua Gu; Ruolin He,2,12,6,-2.515,3.80006872
762,Clonocoprogen A,,1,3,0,0,0,0,0,0,0,0,0,0,0,0,0,6,Hydroxamate,NRPS,CCCCCCCCCCCCCCC(=O)N[C@@H](CCCN(O)C(=O)/C=C(\C)CCO)C(=O)OCC/C(C)=C/C(=O)N(O)CCC[C@@H]1NC(=O)[C@H](CCCN(O)C(=O)/C=C(\C)C(O)CO)NC1=O,"OH-Orn, 5OH-3Me-2-PA, OH-Orn, 5OH-3Me-2-PA, C15:0, OH-Orn, X0",7,0.867647059,1,C48H82N6O14,967.19857,Clonostachys compactiuscula FKR-0021,0,1,0,0,0,0,0,0,0,0,1,0,0,0,0,0,Ascomycota,Orn derivatives,,,,,,,,"Ouchi, Takahito, et al. ""Clonocoprogens A, B and C, new antimalarial coprogens from the Okinawan fungus Clonostachys compactiuscula FKR-0021."" The Journal of Antibiotics 73.6 (2020): 365-371.","Hai, Yang, Matthew Jenner, and Yi Tang. ""Fungal siderophore biosynthesis catalysed by an iterative nonribosomal peptide synthetase."" Chemical science 11.42 (2020): 11525-11530.",,,,,48,82,6,14,0,0.585365854,8,3.428571429,0,Ruolin He,2,12,33,-4.701,3.364864381
764,Clonocoprogen C,,1,3,0,0,0,0,0,0,0,0,0,0,0,0,0,6,Hydroxamate,NRPS,CCCCCCCCCCCCCCCC(=O)N[C@@H](CCCN(O)C(=O)/C=C(\C)CCO)C(=O)OCC/C(C)=C/C(=O)N(O)CCC[C@@H]1NC(=O)[C@H](CCCN(O)C(=O)/C=C(\C)C(O)CO)NC1=O,"5OH-3Me-2-PA, OH-Orn, OH-Orn, 5OH-3Me-2-PA, OH-Orn, X0, C16:0",7,0.869565217,1,C49H84N6O14,981.225192,Clonostachys compactiuscula FKR-0021,0,1,0,0,0,0,0,0,0,0,1,0,0,0,0,0,Ascomycota,Orn derivatives,,,,,,,,"Ouchi, Takahito, et al. ""Clonocoprogens A, B and C, new antimalarial coprogens from the Okinawan fungus Clonostachys compactiuscula FKR-0021."" The Journal of Antibiotics 73.6 (2020): 365-371.","Hai, Yang, Matthew Jenner, and Yi Tang. ""Fungal siderophore biosynthesis catalysed by an iterative nonribosomal peptide synthetase."" Chemical science 11.42 (2020): 11525-11530.",,,,,49,84,6,14,0,0.583333333,8.166666667,3.5,0,Ruolin He,2,12,34,-4.827,3.345625629
723,Amphiphilic coprogen 1,,1,3,0,0,0,0,0,0,0,0,0,0,0,0,0,6,Hydroxamate,NRPS,CCCCCCCCCCCC(=O)N[C@@H](CCCN(O)C(=O)/C=C(\C)CCO)C(=O)OCC/C(C)=C/C(=O)N(O)CCC[C@@H]1NC(=O)[C@H](CCCN(O)C(=O)/C=C(\C)CCO)NC1=O,"OH-Orn, 5OH-3Me-2-PA, OH-Orn, 5OH-3Me-2-PA, OH-Orn, 5OH-3Me-2-PA, C12:0",7,1,0,C45H76N6O13,909.119299,Trichoderma hypoxylon CGMCC 3.17906,0,1,0,0,0,0,0,0,0,0,1,0,0,0,0,0,Ascomycota,Orn derivatives,,,,,,,,"Zhang, Jinyu, et al. ""Discovery and genetic identification of amphiphilic coprogen siderophores from Trichoderm hypoxylon."" Applied Microbiology and Biotechnology 105 (2021): 2831-2839.","Hai, Yang, Matthew Jenner, and Yi Tang. ""Fungal siderophore biosynthesis catalysed by an iterative nonribosomal peptide synthetase."" Chemical science 11.42 (2020): 11525-11530.",,,,,45,76,6,13,0,0.592105263,7.5,3.461538462,0,Ruolin He,2,12,35,-4.752,3.449076944
724,Amphiphilic coprogen 2,,1,3,0,0,0,0,0,0,0,0,0,0,0,0,0,6,Hydroxamate,NRPS,CCCCCCCCCCCCCC(=O)N[C@@H](CCCN(O)C(=O)/C=C(\C)CCO)C(=O)OCC/C(C)=C/C(=O)N(O)CCC[C@@H]1NC(=O)[C@H](CCCN(O)C(=O)/C=C(\C)CCO)NC1=O,"OH-Orn, 5OH-3Me-2-PA, 5OH-3Me-2-PA, OH-Orn, OH-Orn, 5OH-3Me-2-PA, C14:0",7,1,0,C47H80N6O13,937.172543,Trichoderma hypoxylon CGMCC 3.17906,0,1,0,0,0,0,0,0,0,0,1,0,0,0,0,0,Ascomycota,Orn derivatives,,,,,,,,"Zhang, Jinyu, et al. ""Discovery and genetic identification of amphiphilic coprogen siderophores from Trichoderm hypoxylon."" Applied Microbiology and Biotechnology 105 (2021): 2831-2839.","Hai, Yang, Matthew Jenner, and Yi Tang. ""Fungal siderophore biosynthesis catalysed by an iterative nonribosomal peptide synthetase."" Chemical science 11.42 (2020): 11525-11530.",,,,,47,80,6,13,0,0.5875,7.833333333,3.615384615,0,Ruolin He,2,12,36,-5.013,3.407449788
381,Palmitoylcoprogen,Desferripalmitoylcoprogen; Palmitoyl-coprogen,7,3,0,0,0,0,0,0,0,0,0,0,0,0,0,6,Hydroxamate,NRPS,CCCCCCCCCCCCCCCC(=O)NC(CCCN(O)C(=O)/C=C(\C)CCO)C(=O)OCC/C(C)=C/C(=O)N(O)CCCC1NC(=O)C(CCCN(O)C(=O)/C=C(\C)CCO)NC1=O,"OH-Orn, OH-Orn, OH-Orn, C16:0, 5OH-3Me-2-PA, 5OH-3Me-2-PA, 5OH-3Me-2-PA",7,1,0,C49H84N6O13,965.225787,Trichoderma hamatum CBS 691.74; Trichoderma harzianum CBS 118.72; Trichoderma koningii CBS 401.73; Trichoderma viride CBS 815.68; Clonostachys compactiuscula FKR-0021; Trichoderma hypoxylon CGMCC 3.17906; Fusarium domesticum 554A,0,1,0,0,0,0,0,0,0,0,1,0,0,0,0,0,Ascomycota,Orn derivatives,,,,,,,,"Anke, Heidrun, et al. ""Production of siderophores by strains of the genus Trichoderma: isolation and characterization of the new lipophilic coprogen derivative, palmitoylcoprogen."" Biology of metals 4 (1991): 176-180.; Ouchi, Takahito, et al. ""Clonocoprogens A, B and C, new antimalarial coprogens from the Okinawan fungus Clonostachys compactiuscula FKR-0021."" The Journal of Antibiotics 73.6 (2020): 365-371.; Zhang, Jinyu, et al. ""Discovery and genetic identification of amphiphilic coprogen siderophores from Trichoderm hypoxylon."" Applied Microbiology and Biotechnology 105 (2021): 2831-2839.; Luu, Gordon T., et al. ""Metabolomics of bacterial–fungal pairwise interactions reveal conserved molecular mechanisms."" Analyst 148.13 (2023): 3002-3018.","Hai, Yang, Matthew Jenner, and Yi Tang. ""Fungal siderophore biosynthesis catalysed by an iterative nonribosomal peptide synthetase."" Chemical science 11.42 (2020): 11525-11530.",,,,,49,84,6,13,0,0.583333333,8.166666667,3.769230769,0,Shaohua Gu; Ruolin He,2,12,1,-5.245,3.367602878
763,Clonocoprogen B,,2,3,0,0,0,0,0,0,0,0,0,0,0,0,0,6,Hydroxamate,NRPS,CCCCCCCCCCCCCCC(=O)N[C@@H](CCCN(O)C(=O)/C=C(\C)CCO)C(=O)OCC/C(C)=C/C(=O)N(O)CCC[C@@H]1NC(=O)[C@H](CCCN(O)C(=O)/C=C(\C)CCO)NC1=O,"OH-Orn, C15:0, 5OH-3Me-2-PA, OH-Orn, 5OH-3Me-2-PA, OH-Orn, 5OH-3Me-2-PA",7,1,0,C48H82N6O13,951.199165,Clonostachys compactiuscula FKR-0021; Trichoderma hypoxylon CGMCC 3.17906,0,1,0,0,0,0,0,0,0,0,1,0,0,0,0,0,Ascomycota,Orn derivatives,,,,,,,,"Ouchi, Takahito, et al. ""Clonocoprogens A, B and C, new antimalarial coprogens from the Okinawan fungus Clonostachys compactiuscula FKR-0021."" The Journal of Antibiotics 73.6 (2020): 365-371.; Zhang, Jinyu, et al. ""Discovery and genetic identification of amphiphilic coprogen siderophores from Trichoderm hypoxylon."" Applied Microbiology and Biotechnology 105 (2021): 2831-2839.","Hai, Yang, Matthew Jenner, and Yi Tang. ""Fungal siderophore biosynthesis catalysed by an iterative nonribosomal peptide synthetase."" Chemical science 11.42 (2020): 11525-11530.",,,,,48,82,6,13,0,0.585365854,8,3.692307692,0,Ruolin He,2,12,37,-5.132,3.387311977
725,Amphiphilic coprogen 3,,1,3,0,0,0,0,0,0,0,0,0,0,0,0,0,6,Hydroxamate,NRPS,CCCCCC/C=C/CCCCCCCC(=O)N[C@@H](CCCN(O)C(=O)/C=C(\C)CCO)C(=O)OCC/C(C)=C/C(=O)N(O)CCC[C@@H]1NC(=O)[C@H](CCCN(O)C(=O)/C=C(\C)CCO)NC1=O,"OH-Orn, 5OH-3Me-2-PA, OH-Orn, OH-Orn, C16:1(9), 5OH-3Me-2-PA, 5OH-3Me-2-PA",7,1,0,C49H82N6O13,963.209905,Trichoderma hypoxylon CGMCC 3.17906,0,1,0,0,0,0,0,0,0,0,1,0,0,0,0,0,Ascomycota,Orn derivatives,,,,,,,,"Zhang, Jinyu, et al. ""Discovery and genetic identification of amphiphilic coprogen siderophores from Trichoderm hypoxylon."" Applied Microbiology and Biotechnology 105 (2021): 2831-2839.","Hai, Yang, Matthew Jenner, and Yi Tang. ""Fungal siderophore biosynthesis catalysed by an iterative nonribosomal peptide synthetase."" Chemical science 11.42 (2020): 11525-11530.",,,,,49,82,6,13,0,0.597560976,8.166666667,3.769230769,0,Ruolin He,2,12,38,-5.232,3.370409648
781,Diacetylfusarinine A,,1,2,0,0,0,0,0,0,0,0,0,0,0,0,0,4,Hydroxamate,NRPS,CC(=O)NC(CCCN(O)C(=O)/C=C(\C)CCOC(=O)C(CCCN(O)C(=O)/C=C(\C)CCO)NC(C)=O)C(=O)O,"5OH-3Me-2-PA, NAc-OH-Orn, NAc-OH-Orn, 5OH-3Me-2-PA",4,1,0,C26H42N4O11,586.633029,Fusarium graminearum Gz3639,0,1,0,0,0,0,0,0,0,0,1,0,0,0,0,0,Ascomycota,Orn derivatives,,,,,,,,"Oide, Shinichi, et al. ""Individual and combined roles of malonichrome, ferricrocin, and TAFC siderophores in Fusarium graminearum pathogenic and sexual development."" Frontiers in Microbiology 5 (2015): 759.","Oide, Shinichi, et al. ""Individual and combined roles of malonichrome, ferricrocin, and TAFC siderophores in Fusarium graminearum pathogenic and sexual development."" Frontiers in Microbiology 5 (2015): 759.",,,,,26,42,4,11,0,0.619047619,6.5,2.363636364,0,Yanzhao Wu; Jiqi Shao; Ruolin He,2,11,6,-2.404,4.119559212
922,Triacetyfusarinine B,,1,3,0,0,0,0,0,0,0,0,0,0,0,0,0,6,Hydroxamate,NRPS,CC(=O)NC(CCCN(O)C(=O)/C=C(\C)CCOC(=O)C(CCCN(O)C(=O)/C=C(\C)CCOC(=O)C(CCCN(O)C(=O)/C=C(\C)CCO)NC(C)=O)NC(C)=O)C(=O)O,"5OH-3Me-2-PA, NAc-OH-Orn, 5OH-3Me-2-PA, NAc-OH-Orn, 5OH-3Me-2-PA, NAc-OH-Orn",6,1,0,C39H62N6O16,870.9419,Fusarium graminearum Gz3639,0,1,0,0,0,0,0,0,0,0,1,0,0,0,0,0,Ascomycota,Orn derivatives,,,,,,,,"Oide, Shinichi, et al. ""Individual and combined roles of malonichrome, ferricrocin, and TAFC siderophores in Fusarium graminearum pathogenic and sexual development."" Frontiers in Microbiology 5 (2015): 759.","Oide, Shinichi, et al. ""Individual and combined roles of malonichrome, ferricrocin, and TAFC siderophores in Fusarium graminearum pathogenic and sexual development."" Frontiers in Microbiology 5 (2015): 759.",,,,,39,62,6,16,0,0.629032258,6.5,2.4375,0,Yanzhao Wu; Jiqi Shao; Ruolin He,2,11,7,-3.281,3.508841105
376,Fusarinine A,Fusarinin A,3,2,0,0,0,0,0,0,0,0,0,0,0,0,0,4,Hydroxamate,NRPS,C/C(=C/C(=O)N(O)CCCC(N)C(=O)OCC/C(C)=C\C(=O)N(O)CCCC(N)C(=O)O)CCO,"5OH-3Me-2-PA, OH-Orn, OH-Orn, 5OH-3Me-2-PA",4,1,0,C22H38N4O9,502.559495,Fusarium roseum; Trichoderma harzianum CBS 226.95; Trichoderma reesei QM6a,0,1,0,0,0,0,0,0,0,0,1,0,0,0,0,0,Ascomycota,Orn derivatives,,,,,,,,"Sayer, Jane M., and Thomas F. Emery. ""Structures of the naturally occurring hydroxamic acids, fusarinines A and B."" Biochemistry 7.1 (1968): 184-190.","Hai, Yang, Matthew Jenner, and Yi Tang. ""Fungal siderophore biosynthesis catalysed by an iterative nonribosomal peptide synthetase."" Chemical science 11.42 (2020): 11525-11530.",,,,,22,38,4,9,0,0.578947368,5.5,2.444444444,0,Shaohua Gu; Ruolin He,2,11,1,-1.879,4.391668418
378,Linear fusigen,,2,3,0,0,0,0,0,0,0,0,0,0,0,0,0,6,Hydroxamate,Putative NRPS,C/C(=C\C(=O)N(O)CCCC(N)C(=O)OCC/C(C)=C/C(=O)N(O)CCCC(N)C(=O)OCC/C(C)=C/C(=O)N(O)CCCC(N)C(=O)O)CCO,"5OH-3Me-2-PA, OH-Orn, 5OH-3Me-2-PA, 5OH-3Me-2-PA, OH-Orn, OH-Orn",6,1,0,C33H56N6O13,744.831599,Suillus granulatus; Suillus luteus,0,1,0,0,0,0,0,0,0,0,0,1,0,0,0,0,Basidiomycota,Orn derivatives,,,,,,,,"Segonds, C., and G. Chabanon. ""Burkholderia cepacia: les dangers d'un micro-organisme phytopathogène pour les patients atteints de mucoviscidose."" Annales de Biologie Clinique. Vol. 59. No. 3. (2001).",,,,,,33,56,6,13,0,0.589285714,5.5,2.538461538,0,Shaohua Gu; Ruolin He,2,11,3,-2.609,3.737103889
377,Fusarinine B,Fusarinin B,11,3,0,0,0,0,0,0,0,0,0,0,0,0,0,6,Hydroxamate,NRPS,C/C(=C/C(=O)N(O)CCCC(N)C(=O)OCC/C(C)=C\C(=O)N(O)CCCC(N)C(=O)OCC/C(C)=C\C(=O)N(O)CCCC(N)C(=O)O)CCO,"OH-Orn, 5OH-3Me-2-PA, 5OH-3Me-2-PA, OH-Orn, OH-Orn, 5OH-3Me-2-PA",6,1,0,C33H56N6O13,744.831599,Fusarium sp.; Trichoderma hamatum TUCIM 2689; Trichoderma harzianum CBS 226.95; Trichoderma gamsii TUCIM 2323; Trichoderma asperellum TUCIM 2128; Trichoderma polysporum TUCIM 462; Trichoderma virens Gv29-8; Trichoderma atroviride TUCIM 2108; Trichoderma atroviride P1; Trichoderma atroviride IMI 206040; Trichoderma reesei QM6a,0,1,0,0,0,0,0,0,0,0,1,0,0,0,0,0,Ascomycota,Orn derivatives,,,,,,,,"Sayer, Jane M., and Thomas F. Emery. ""Structures of the naturally occurring hydroxamic acids, fusarinines A and B."" Biochemistry 7.1 (1968): 184-190.","Hai, Yang, Matthew Jenner, and Yi Tang. ""Fungal siderophore biosynthesis catalysed by an iterative nonribosomal peptide synthetase."" Chemical science 11.42 (2020): 11525-11530.",,,,,33,56,6,13,0,0.589285714,5.5,2.538461538,0,Shaohua Gu; Ruolin He,2,11,2,-2.609,3.737103889
379,Trans-fusarinine,,1,1,0,0,0,0,0,0,0,0,0,0,0,0,0,2,Hydroxamate,Putative NRPS,C/C(=C\C(=O)N(O)CCC[C@@H](N)C(=O)O)CCO,"OH-Orn, 5OH-3Me-2-PA",2,1,0,C11H20N2O5,260.287391,Histoplasma capsulatum,0,1,0,0,0,0,0,0,0,0,1,0,0,0,0,0,Ascomycota,Orn derivatives,,,,,,,,"Howard, Dexter H., et al. ""Hydroxamate siderophores of Histoplasma capsulatum."" Infection and Immunity 68.4 (2000): 2338-2343.","Hai, Yang, Matthew Jenner, and Yi Tang. ""Fungal siderophore biosynthesis catalysed by an iterative nonribosomal peptide synthetase."" Chemical science 11.42 (2020): 11525-11530.",,,,,11,20,2,5,0,0.55,5.5,2.2,0,Shaohua Gu; Ruolin He,2,11,4,-0.665,5.81147025
380,Cis-fusarinine,Fusarinine (monomer); Fusarinin,3,1,0,0,0,0,0,0,0,0,0,0,0,0,0,2,Hydroxamate,NRPS,C/C(=C/C(=O)N(O)CCCC(N)C(=O)O)CCO,"OH-Orn, 5OH-3Me-2-PA",2,1,0,C11H20N2O5,260.287391,Fusarium roseum; Laccaria laccata; Trichoderma reesei QM6a,0,1,0,0,0,0,0,0,0,0,0.666666667,0.333333333,0,0,0,0,Ascomycota/Basidiomycota,Orn derivatives,,,,,,,,"Emery, Thomas. ""Isolation, characterization, and properties of fusarinine, a δ-hydroxamic acid derivative of ornithine."" Biochemistry 4.7 (1965): 1410-1417.; Haselwandter, Kurt, et al. ""Linear fusigen as the major hydroxamate siderophore of the ectomycorrhizal Basidiomycota Laccaria laccata and Laccaria bicolor."" Biometals 26 (2013): 969-979.","Hai, Yang, Matthew Jenner, and Yi Tang. ""Fungal siderophore biosynthesis catalysed by an iterative nonribosomal peptide synthetase."" Chemical science 11.42 (2020): 11525-11530.",,,,,11,20,2,5,0,0.55,5.5,2.2,0,Shaohua Gu; Ruolin He,2,11,5,-0.665,5.81147025
307,Mycosphazine C,,1,2,0,0,0,0,0,0,0,1,0,0,0,0,0,6,Alpha-Aminocarboxylate/Hydroxamate,Putative NRPS,C/C(=C\C(=O)N(O)CCC[C@H](N)C(=O)N[C@H](CCCN(O)C(=O)/C=C(\C)CCO)C(=O)O)CCO,"OH-Orn, 5OH-3Me-2-PA, OH-Orn, 5OH-3Me-2-PA",4,1,0,C22H38N4O9,502.559495,Mycosphaerella sp. SCSIO z059,0,1,0,0,0,0,0,0,0,0,1,0,0,0,0,0,Ascomycota,Orn derivatives,,,,,,,,"Huang, Zhong-Hui, Xiao Liang, and Q. I. Shu-Hua. ""A new iron (III) chelator of coprogen-type siderophore from the deep-sea-derived fungus Mycosphaerella sp. SCSIO z059."" Chinese journal of natural medicines 18.4 (2020): 243-249.",,,,,,22,38,4,9,0,0.578947368,5.5,2.444444444,0,Ruolin He,2,9,4,-1.552,4.391668418
308,Des(diserylglycyl)ferrirhodin,,11,3,0,0,0,0,0,0,0,0,0,0,0,0,0,6,Hydroxamate,NRPS,C/C(=C/C(=O)N(O)CCC[C@H](NC(=O)[C@H](CCCN(O)C(=O)/C=C(/C)CCO)NC(=O)[C@@H](N)CCCN(O)C(=O)/C=C(/C)CCO)C(=O)O)CCO,"OH-Orn, OH-Orn, OH-Orn, 5OH-3Me-2-PA, 5OH-3Me-2-PA, 5OH-3Me-2-PA",6,1,0,C33H56N6O13,744.831599,Aspergillus ochraceus; Trichoderma hamatum TUCIM 2689; Trichoderma harzianum CBS 226.95; Trichoderma gamsii TUCIM 2323; Trichoderma asperellum TUCIM 2128; Trichoderma polysporum TUCIM 462; Trichoderma virens Gv29-8; Trichoderma atroviride TUCIM 2108; Trichoderma atroviride P1; Trichoderma atroviride IMI 206040; Trichoderma reesei QM6a,0,1,0,0,0,0,0,0,0,0,1,0,0,0,0,0,Ascomycota,Orn derivatives,,,,,,,,"Sayer, Jane M., and Thomas F. Emery. ""Structures of the naturally occurring hydroxamic acids, fusarinines A and B."" Biochemistry 7.1 (1968): 184-191.; Sayer, Jane M., and Thomas F. Emery. ""Structures of the naturally occurring hydroxamic acids, fusarinines A and B."" Biochemistry 7.1 (1968): 184-192.; Sayer, Jane M., and Thomas F. Emery. ""Structures of the naturally occurring hydroxamic acids, fusarinines A and B."" Biochemistry 7.1 (1968): 184-193.; Sayer, Jane M., and Thomas F. Emery. ""Structures of the naturally occurring hydroxamic acids, fusarinines A and B."" Biochemistry 7.1 (1968): 184-194.; Sayer, Jane M., and Thomas F. Emery. ""Structures of the naturally occurring hydroxamic acids, fusarinines A and B."" Biochemistry 7.1 (1968): 184-195.; Sayer, Jane M., and Thomas F. Emery. ""Structures of the naturally occurring hydroxamic acids, fusarinines A and B."" Biochemistry 7.1 (1968): 184-196.; Sayer, Jane M., and Thomas F. Emery. ""Structures of the naturally occurring hydroxamic acids, fusarinines A and B."" Biochemistry 7.1 (1968): 184-197.; Sayer, Jane M., and Thomas F. Emery. ""Structures of the naturally occurring hydroxamic acids, fusarinines A and B."" Biochemistry 7.1 (1968): 184-198.; Sayer, Jane M., and Thomas F. Emery. ""Structures of the naturally occurring hydroxamic acids, fusarinines A and B."" Biochemistry 7.1 (1968): 184-199.; Sayer, Jane M., and Thomas F. Emery. ""Structures of the naturally occurring hydroxamic acids, fusarinines A and B."" Biochemistry 7.1 (1968): 184-200.; Jalal, Mahbubul AF, Jeffrey L. Galles, and Dick Van der Helm. ""Structure of des (diserylglycyl) ferrirhodin, DDF, a novel siderophore from Aspergillus ochraceous."" The Journal of Organic Chemistry 50.26 (1985): 5642-5645.",,,,,,33,56,6,13,0,0.589285714,5.5,2.538461538,0,Shaohua Gu; Ruolin He,2,9,5,-2.093,3.737103889
306,Basidiochrome,,8,3,0,0,0,0,0,0,0,0,0,0,0,0,0,6,Hydroxamate,Putative NRPS,C/C(=C/C(=O)N(O)CCC[C@H](NC(=O)[C@H](CCCN(O)C(=O)/C=C(/C)CC(=O)O)NC(=O)[C@@H](N)CCCN(O)C(=O)/C=C(/C)CC(=O)O)C(=O)O)CC(=O)O,"OH-Orn, OH-Orn, OH-Orn, 3Me-Gla, 3Me-Gla, 3Me-Gla",6,1,0,C33H50N6O16,786.782168,Ceratobasidium cornigerum; Ceratobasidium globisporum; Ceratobasidium papillatum; Ceratobasidium sphaerosporum; Rhizoctonia endophytica; Rhizoctonia mucoroides; Rhizoctonia solani; Rhizoctonia stahlii,0,1,0,0,0,0,0,0,0,0,0,1,0,0,0,0,Basidiomycota,Orn derivatives,,,,,,,,"Andersen, Torben F., and Joost A. Stalpers. ""A checklist of Rhizoctonia epithets."" (1994): 437-457.; Haselwandter, K., et al. ""Basidiochrome–a novel siderophore of the Orchidaceous Mycorrhizal Fungi Ceratobasidium and Rhizoctonia spp."" Biometals 19 (2006): 335-343.",,,,,,33,50,6,16,0,0.66,5.5,2.0625,0,Shaohua Gu; Ruolin He,2,9,3,-2.475,3.655242536
309,Basidioferrin,,1,3,0,0,0,0,0,0,0,0,0,0,0,0,0,6,Hydroxamate,NRPS,CC(=O)N(O)CCCC(N)C(=O)NC(CCCN(O)C(C)=O)C(=O)NC(CCCN(O)C(C)=O)C(=O)O,"Ac-OH-Orn, Ac-OH-Orn, Ac-OH-Orn",3,1,0,C21H38N6O10,534.561566,Ceriporiopsis subvermispora,0,1,0,0,0,0,0,0,0,0,0,1,0,0,0,0,Basidiomycota,Orn derivatives,,,,,,,,"Brandenburger, Eileen, et al. ""A highly conserved basidiomycete peptide synthetase produces a trimeric hydroxamate siderophore."" Applied and Environmental Microbiology 83.21 (2017): e01478-17.","Brandenburger, Eileen, et al. ""A highly conserved basidiomycete peptide synthetase produces a trimeric hydroxamate siderophore."" Applied and Environmental Microbiology 83.21 (2017): e01478-17.",,,,,21,38,6,10,0,0.552631579,3.5,2.1,0,Ruolin He,2,9,6,-1.471,4.28063362
765,Coelichelin 01,,1,2,0,0,0,0,0,0,0,0,0,0,0,0,0,4,Hydroxamate,Putative NRPS,CCC(N)C(=O)NC(C(C)=O)C(=O)N(O)CCCC(NC(=O)C(N)CCCN(O)C=O)C(=O)O,"2NH2-3OHBut-2EnA, Abu, OH-Orn, Fo-OH-Orn",4,1,0,C19H34N6O9,490.508917,Streptomyces chartreusis NRRL 3882,1,0,0,0,1,0,0,0,0,0,0,0,0,0,0,0,Actinomycetota,Orn derivatives,,,,,,,,"Senges, Christoph HR, et al. ""The secreted metabolome of Streptomyces chartreusis and implications for bacterial chemistry."" Proceedings of the National Academy of Sciences 115.10 (2018): 2490-2495.",,,,,,19,34,6,9,0,0.558823529,3.166666667,2.111111111,0,Yanzhao Wu; Jiqi Shao; Ruolin He,2,9,8,-1.11,4.436240366
305,Coelichelin,Ferricoelichelin,3,3,0,0,0,0,0,0,0,0,0,0,0,0,0,6,Hydroxamate,NRPS,C[C@@H](O)[C@@H](NC(=O)[C@H](N)CCCN(O)C=O)C(=O)N(O)CCC[C@H](NC(=O)[C@H](N)CCCN(O)C=O)C(=O)O,"aThr/Thr, Fo-OH-Orn, OH-Orn, Fo-OH-Orn",4,1,0,C21H39N7O11,565.575615,Streptomyces coelicolor A3(2); Streptomyces sp. CC71; Streptomyces chartreusis NRRL 3882,1,0,0,0,1,0,0,0,0,0,0,0,0,0,0,0,Actinomycetota,Orn derivatives,,,,,,,,"Challis, Gregory L., and Jacques Ravel. ""Coelichelin, a new peptide siderophore encoded by the Streptomyces coelicolor genome: structure prediction from the sequence of its non-ribosomal peptide synthetase."" FEMS microbiology letters 187.2 (2000): 111-114.; Lautru, Sylvie, et al. ""Discovery of a new peptide natural product by Streptomyces coelicolor genome mining."" Nature chemical biology 1.5 (2005): 265-269.; Pohlmann, Verena, and Mohamed A. Marahiel. ""δ-Amino group hydroxylation of l-ornithine during coelichelin biosynthesis."" Organic & Biomolecular Chemistry 6.10 (2008): 1843-1848.; Patel, Prakash, Lijiang Song, and Gregory L. Challis. ""Distinct extracytoplasmic siderophore binding proteins recognize ferrioxamines and ferricoelichelin in Streptomyces coelicolor A3 (2)."" Biochemistry 49.37 (2010): 8033-8042.; Robbel, Lars, et al. ""Erythrochelin–a hydroxamate‐type siderophore predicted from the genome of Saccharopolyspora erythraea."" The FEBS Journal 277.3 (2010): 663-676.; Cruz-Morales, Pablo, et al. ""Actinobacteria phylogenomics, selective isolation from an iron oligotrophic environment and siderophore functional characterization, unveil new desferrioxamine traits."" FEMS Microbiology Ecology 93.9 (2017): fix086.; Senges, Christoph HR, et al. ""The secreted metabolome of Streptomyces chartreusis and implications for bacterial chemistry."" Proceedings of the National Academy of Sciences 115.10 (2018): 2490-2495.",,,,,,21,39,7,11,0,0.538461538,3,1.909090909,0,Shaohua Gu; Ruolin He,2,9,2,-0.94,4.182047958
304,Exochelin MS,,1,3,0,0,0,0,0,0,0,0,0,0,0,0,0,6,Hydroxamate,NRPS,CC(O)C(NC(=O)C(N)CCCN(O)C(=O)CCNC(=O)C(N)CCCN(O)C=O)C(=O)N(O)CCCC(N)C(=O)O,"aThr/Thr, OH-Orn, bAla, Fo-OH-Orn, OH-Orn",5,1,0,C23H44N8O11,608.643503,Mycolicibacterium smegmatis,1,0,0,0,1,0,0,0,0,0,0,0,0,0,0,0,Actinomycetota,Orn derivatives,,,,,,,,"Sharman, G J et al. “Isolation, purification and structure of exochelin MS, the extracellular siderophore from Mycobacterium smegmatis.” The Biochemical journal vol. 305 ( Pt 1),Pt 1 (1995): 187-96. doi:10.1042/bj3050187; Sharman, G. J., et al. ""Isolation, purification and structure of exochelin MS, the extracellular siderophore from Mycobacterium smegmatis."" Biochemical Journal 305.1 (1995): 187-196.",,,,,,23,44,8,11,0,0.522727273,2.875,2.090909091,0,Shaohua Gu; Ruolin He,2,9,1,-0.998,4.057692026
310,Coprinoferrin,,1,3,0,0,0,0,0,0,0,0,0,0,0,0,0,6,Hydroxamate,NRPS,CCCCCC(=O)N(O)CCC[C@H](NC(=O)[C@H](CCCN(O)C(=O)CCCCC)NC(=O)[C@H](CCCN(O)C(=O)CCCCC)NC(C)=O)C(N)=O,"OH-Orn, NAc-OH-Orn, X0, C6:0, C6:0, C6:0",6,0.807692308,1,C35H65N7O10,743.933036,Coprinopsis cinerea,0,1,0,0,0,0,0,0,0,0,0,1,0,0,0,0,Basidiomycota,Orn derivatives,,,,,,,,"Tsunematsu, Yuta, et al. ""Genomic mushroom hunting decrypts coprinoferrin, a siderophore secondary metabolite vital to fungal cell development."" Organic letters 21.18 (2019): 7582-7586.","Tsunematsu, Yuta, et al. ""Genomic mushroom hunting decrypts coprinoferrin, a siderophore secondary metabolite vital to fungal cell development."" Organic letters 21.18 (2019): 7582-7586.",,,,,35,65,7,10,0,0.538461538,5,3.5,0,Ruolin He,2,9,7,-3.994,3.738931087
303,Variobactin A,,1,2,0,0,0,0,1,0,0,0,0,0,0,0,0,6,Alpha-Hydroxycarboxylate/Hydroxamate,Hybrid NRPS/PKS,CCCCCCCCCCCCC(=O)NC(CCCN(O)C=O)C1OC(=O)C(CCCN(O)C(C)=O)NC(=O)C(CCCNC(N)=O)NC(=O)C(CCCN)NC(=O)C(CO)NC(=O)C(C(O)C(=O)O)NC(=O)C1C,"Orn, Ser, Nfo-NOH-5OHBA-Put, C13:0, Cit, Ac-OH-Orn, OH-Asp",7,1,0,C47H83N11O17,1074.227501,Variovorax paradoxus P4B,1,0,0,0,0,0,0,1,0,0,0,0,0,0,0,0,Pseudomonadota,Orn derivatives,,Asp,,,,,,"Griffiths, G. L., et al. ""Vibriobactin, a siderophore from Vibrio cholerae."" Journal of Biological Chemistry 259.1 (1984): 383-385.; Johnston, Chad W., et al. ""An automated Genomes-to-Natural Products platform (GNP) for the discovery of modular natural products."" Nature communications 6.1 (2015): 8421.","Johnston, Chad W., et al. ""An automated Genomes-to-Natural Products platform (GNP) for the discovery of modular natural products."" Nature communications 6.1 (2015): 8421.",,,,,47,83,11,17,0,0.56626506,4.272727273,2.764705882,0,Ruolin He,2,8,2,-3.138,3.227485367
302,Variobactin B,,1,2,0,0,0,0,1,0,0,0,0,0,0,0,0,6,Alpha-Hydroxycarboxylate/Hydroxamate,Hybrid NRPS/PKS,CCCCCCCCCCC(=O)NC(CCCN(O)C=O)C1OC(=O)C(CCCN(O)C(C)=O)NC(=O)C(CCCNC(N)=O)NC(=O)C(CCCN)NC(=O)C(CO)NC(=O)C(C(O)C(=O)O)NC(=O)C1C,"Cit, Orn, Ser, Nfo-NOH-5OHBA-Put, C11:0, Ac-OH-Orn, OH-Asp",7,1,0,C45H79N11O17,1046.174257,Variovorax paradoxus P4B,1,0,0,0,0,0,0,1,0,0,0,0,0,0,0,0,Pseudomonadota,Orn derivatives,,Asp,,,,,,"Griffiths, G. L., et al. ""Vibriobactin, a siderophore from Vibrio cholerae."" Journal of Biological Chemistry 259.1 (1984): 383-385.; Johnston, Chad W., et al. ""An automated Genomes-to-Natural Products platform (GNP) for the discovery of modular natural products."" Nature communications 6.1 (2015): 8421.","Johnston, Chad W., et al. ""An automated Genomes-to-Natural Products platform (GNP) for the discovery of modular natural products."" Nature communications 6.1 (2015): 8421.",,,,,45,79,11,17,0,0.569620253,4.090909091,2.647058824,0,Ruolin He,2,8,1,-2.913,3.261505107
878,Saccharochelin A,,1,3,0,0,0,0,0,0,0,0,0,0,0,0,0,6,Hydroxamate,NRPS,CCCCCCCCCCCC(=O)N[C@@H](CCCN(O)C=O)C(=O)N[C@@H](CO)C(=O)N(O)CCC[C@@H]1NC(=O)[C@H](CCCN(O)C=O)NC1=O,"Ser, Fo-OH-Orn, Fo-OH-Orn, OH-Orn, C12:0",5,1,0,C32H57N7O11,715.836693,Saccharothrix sp. D09,1,0,0,0,1,0,0,0,0,0,0,0,0,0,0,0,Actinomycetota,Orn derivatives,,,,,,,,"Shen, Qiyao, et al. ""Saccharochelins A–H, Cytotoxic Amphiphilic Siderophores from the Rare Marine Actinomycete Saccharothrix sp. D09."" Journal of Natural Products 84.8 (2021): 2149-2156.","Shen, Qiyao, et al. ""Saccharochelins A–H, Cytotoxic Amphiphilic Siderophores from the Rare Marine Actinomycete Saccharothrix sp. D09."" Journal of Natural Products 84.8 (2021): 2149-2156.",,,,,32,57,7,11,0,0.561403509,4.571428571,2.909090909,0,Ruolin He,2,7,8,-2.796,3.797752558
880,Saccharochelin C,,1,3,0,0,0,0,0,0,0,0,0,0,0,0,0,6,Hydroxamate,NRPS,CCCCCCCCCCCCC(=O)N[C@@H](CCCN(O)C=O)C(=O)N[C@@H](CO)C(=O)N(O)CCC[C@@H]1NC(=O)[C@H](CCCN(O)C=O)NC1=O,"OH-Orn, Fo-OH-Orn, Ser, Fo-OH-Orn, C13:0",5,1,0,C33H59N7O11,729.863315,Saccharothrix sp. D09,1,0,0,0,1,0,0,0,0,0,0,0,0,0,0,0,Actinomycetota,Orn derivatives,,,,,,,,"Shen, Qiyao, et al. ""Saccharochelins A–H, Cytotoxic Amphiphilic Siderophores from the Rare Marine Actinomycete Saccharothrix sp. D09."" Journal of Natural Products 84.8 (2021): 2149-2156.","Shen, Qiyao, et al. ""Saccharochelins A–H, Cytotoxic Amphiphilic Siderophores from the Rare Marine Actinomycete Saccharothrix sp. D09."" Journal of Natural Products 84.8 (2021): 2149-2156.",,,,,33,59,7,11,0,0.559322034,4.714285714,3,0,Ruolin He,2,7,9,-2.97,3.767970923
882,Saccharochelin E,,1,3,0,0,0,0,0,0,0,0,0,0,0,0,0,6,Hydroxamate,NRPS,CCCCCCCCCCCCCC(=O)N[C@@H](CCCN(O)C=O)C(=O)N[C@@H](CO)C(=O)N(O)CCC[C@@H]1NC(=O)[C@H](CCCN(O)C=O)NC1=O,"Fo-OH-Orn, C14:0, OH-Orn, Ser, Fo-OH-Orn",5,1,0,C34H61N7O11,743.889937,Saccharothrix sp. D09,1,0,0,0,1,0,0,0,0,0,0,0,0,0,0,0,Actinomycetota,Orn derivatives,,,,,,,,"Shen, Qiyao, et al. ""Saccharochelins A–H, Cytotoxic Amphiphilic Siderophores from the Rare Marine Actinomycete Saccharothrix sp. D09."" Journal of Natural Products 84.8 (2021): 2149-2156.","Shen, Qiyao, et al. ""Saccharochelins A–H, Cytotoxic Amphiphilic Siderophores from the Rare Marine Actinomycete Saccharothrix sp. D09."" Journal of Natural Products 84.8 (2021): 2149-2156.",,,,,34,61,7,11,0,0.557377049,4.857142857,3.090909091,0,Ruolin He,2,7,10,-3.147,3.739018809
885,Saccharochelin H,,1,3,0,0,0,0,0,0,0,0,0,0,0,0,0,6,Hydroxamate,NRPS,CCC(C)CCCCCCCCCCC(=O)N[C@@H](CCCN(O)C=O)C(=O)N[C@@H](CO)C(=O)N(O)CCC[C@@H]1NC(=O)[C@H](CCCN(O)C=O)NC1=O,"Fo-OH-Orn, aC15:0, OH-Orn, Fo-OH-Orn, Ser",5,1,0,C35H63N7O11,757.916559,Saccharothrix sp. D09,1,0,0,0,1,0,0,0,0,0,0,0,0,0,0,0,Actinomycetota,Orn derivatives,,,,,,,,"Shen, Qiyao, et al. ""Saccharochelins A–H, Cytotoxic Amphiphilic Siderophores from the Rare Marine Actinomycete Saccharothrix sp. D09."" Journal of Natural Products 84.8 (2021): 2149-2156.","Shen, Qiyao, et al. ""Saccharochelins A–H, Cytotoxic Amphiphilic Siderophores from the Rare Marine Actinomycete Saccharothrix sp. D09."" Journal of Natural Products 84.8 (2021): 2149-2156.",,,,,35,63,7,11,0,0.555555556,5,3.181818182,0,Ruolin He,2,7,11,-3.329,3.710857703
883,Saccharochelin F,,1,3,0,0,0,0,0,0,0,0,0,0,0,0,0,6,Hydroxamate,NRPS,CC(C)CCCCCCCCCCC(=O)N[C@@H](CCCN(O)C=O)C(=O)N[C@@H](CO)C(=O)N(O)CCC[C@@H]1NC(=O)[C@H](CCCN(O)C=O)NC1=O,"Fo-OH-Orn, iC14:0, Fo-OH-Orn, OH-Orn, Ser",5,1,0,C34H61N7O11,743.889937,Saccharothrix sp. D09,1,0,0,0,1,0,0,0,0,0,0,0,0,0,0,0,Actinomycetota,Orn derivatives,,,,,,,,"Shen, Qiyao, et al. ""Saccharochelins A–H, Cytotoxic Amphiphilic Siderophores from the Rare Marine Actinomycete Saccharothrix sp. D09."" Journal of Natural Products 84.8 (2021): 2149-2156.","Shen, Qiyao, et al. ""Saccharochelins A–H, Cytotoxic Amphiphilic Siderophores from the Rare Marine Actinomycete Saccharothrix sp. D09."" Journal of Natural Products 84.8 (2021): 2149-2156.",,,,,34,61,7,11,0,0.557377049,4.857142857,3.090909091,0,Ruolin He,2,7,12,-3.151,3.739018809
881,Saccharochelin D,,1,3,0,0,0,0,0,0,0,0,0,0,0,0,0,6,Hydroxamate,NRPS,CC(C)CCCCCCCCCC(=O)N[C@@H](CCCN(O)C=O)C(=O)N[C@@H](CO)C(=O)N(O)CCC[C@@H]1NC(=O)[C@H](CCCN(O)C=O)NC1=O,"Ser, Fo-OH-Orn, OH-Orn, Fo-OH-Orn, iC13:0",5,1,0,C33H59N7O11,729.863315,Saccharothrix sp. D09,1,0,0,0,1,0,0,0,0,0,0,0,0,0,0,0,Actinomycetota,Orn derivatives,,,,,,,,"Shen, Qiyao, et al. ""Saccharochelins A–H, Cytotoxic Amphiphilic Siderophores from the Rare Marine Actinomycete Saccharothrix sp. D09."" Journal of Natural Products 84.8 (2021): 2149-2156.","Shen, Qiyao, et al. ""Saccharochelins A–H, Cytotoxic Amphiphilic Siderophores from the Rare Marine Actinomycete Saccharothrix sp. D09."" Journal of Natural Products 84.8 (2021): 2149-2156.",,,,,33,59,7,11,0,0.559322034,4.714285714,3,0,Ruolin He,2,7,13,-2.974,3.767970923
884,Saccharochelin G,,1,3,0,0,0,0,0,0,0,0,0,0,0,0,0,6,Hydroxamate,NRPS,CC(C)CCCCCCCCCCCC(=O)N[C@@H](CCCN(O)C=O)C(=O)N[C@@H](CO)C(=O)N(O)CCC[C@@H]1NC(=O)[C@H](CCCN(O)C=O)NC1=O,"Fo-OH-Orn, iC15:0, OH-Orn, Fo-OH-Orn, Ser",5,1,0,C35H63N7O11,757.916559,Saccharothrix sp. D09,1,0,0,0,1,0,0,0,0,0,0,0,0,0,0,0,Actinomycetota,Orn derivatives,,,,,,,,"Shen, Qiyao, et al. ""Saccharochelins A–H, Cytotoxic Amphiphilic Siderophores from the Rare Marine Actinomycete Saccharothrix sp. D09."" Journal of Natural Products 84.8 (2021): 2149-2156.","Shen, Qiyao, et al. ""Saccharochelins A–H, Cytotoxic Amphiphilic Siderophores from the Rare Marine Actinomycete Saccharothrix sp. D09."" Journal of Natural Products 84.8 (2021): 2149-2156.",,,,,35,63,7,11,0,0.555555556,5,3.181818182,0,Ruolin He,2,7,14,-3.327,3.710857703
879,Saccharochelin B,,1,3,0,0,0,0,0,0,0,0,0,0,0,0,0,6,Hydroxamate,NRPS,CC(C)CCCCCCCCC(=O)N[C@@H](CCCN(O)C=O)C(=O)N[C@@H](CO)C(=O)N(O)CCC[C@@H]1NC(=O)[C@H](CCCN(O)C=O)NC1=O,"Fo-OH-Orn, OH-Orn, Ser, Fo-OH-Orn, iC12:0",5,1,0,C32H57N7O11,715.836693,Saccharothrix sp. D09,1,0,0,0,1,0,0,0,0,0,0,0,0,0,0,0,Actinomycetota,Orn derivatives,,,,,,,,"Shen, Qiyao, et al. ""Saccharochelins A–H, Cytotoxic Amphiphilic Siderophores from the Rare Marine Actinomycete Saccharothrix sp. D09."" Journal of Natural Products 84.8 (2021): 2149-2156.","Shen, Qiyao, et al. ""Saccharochelins A–H, Cytotoxic Amphiphilic Siderophores from the Rare Marine Actinomycete Saccharothrix sp. D09."" Journal of Natural Products 84.8 (2021): 2149-2156.",,,,,32,57,7,11,0,0.561403509,4.571428571,2.909090909,0,Ruolin He,2,7,15,-2.799,3.797752558
297,Foroxymithine,,1,3,0,0,0,0,0,0,0,0,0,0,0,0,0,6,Hydroxamate,NRPS,CC(=O)NC(CCCN(O)C=O)C(=O)NC(CO)C(=O)N(O)CCCC1NC(=O)C(CCCN(O)C=O)NC1=O,"OH-Orn, Ser, NAc-Fo-OH-Orn, Fo-OH-Orn",4,1,0,C22H37N7O11,575.570473,Streptomyces nitrosporeus,1,0,0,0,1,0,0,0,0,0,0,0,0,0,0,0,Actinomycetota,Orn derivatives,,,,,,,,"UMEZAWA, HAMAO, et al. ""Foroxymithine, a new inhibitor of angiotensin-converting enzyme, produced by actinomycetes."" The Journal of Antibiotics 38.12 (1985): 1813-1815.","Chen, Yunqiu, et al. ""A proteomic survey of nonribosomal peptide and polyketide biosynthesis in actinobacteria."" Journal of proteome research 11.1 (2012): 85-94.",,,,,22,37,7,11,0,0.594594595,3.142857143,2,0,Shaohua Gu; Ruolin He,2,7,2,-1.363,4.151966139
298,Peucechelin,Desferri-peucechelin,1,3,0,0,0,0,0,0,0,0,0,0,0,0,0,6,Hydroxamate,NRPS,CC(=O)N[C@@H](CCCN(O)C=O)C(=O)N[C@H](CCCNC(=N)N)C(=O)N(O)CCC[C@@H]1NC(=O)[C@H](CCCN(O)C=O)NC1=O,"Fo-OH-Orn, OH-Orn, Arg, NAc-Fo-OH-Orn",4,1,0,C25H44N10O10,644.678984,Streptomyces peucetius ATCC 27952,1,0,0,0,1,0,0,0,0,0,0,0,0,0,0,0,Actinomycetota,Orn derivatives,,,,,,,,"Park, Hae-Min, et al. ""Genome-based cryptic gene discovery and functional identification of NRPS siderophore peptide in Streptomyces peucetius."" Applied microbiology and biotechnology 97 (2013): 1213-1222.; Kodani, Shinya, et al. ""Structure determination of a siderophore peucechelin from Streptomyces peucetius."" Biometals 28 (2015): 791-801.","Kodani, Shinya, et al. ""Structure determination of a siderophore peucechelin from Streptomyces peucetius."" Biometals 28 (2015): 791-801.; Park, Hae-Min, et al. ""Genome-based cryptic gene discovery and functional identification of NRPS siderophore peptide in Streptomyces peucetius."" Applied microbiology and biotechnology 97 (2013): 1213-1222.",,,,,25,44,10,10,0,0.568181818,2.5,2.5,0,Ruolin He,2,7,3,-1.783,3.963226364
299,Salinichelin A,,2,3,0,0,0,0,0,0,0,0,0,0,0,0,0,6,Hydroxamate,NRPS,CC(=O)N[C@@H](CCCN(O)C(C)=O)C(=O)N[C@H](CCCNC(=N)N)C(=O)N(O)CCC[C@@H]1NC(=O)[C@H](CCCN(O)C=O)NC1=O,"OH-Orn, Arg, Fo-OH-Orn, NAc-Ac-OH-Orn",4,1,0,C26H46N10O10,658.705606,Salinispora sp.; Nocardia sp. GA10-001,1,0,0,0,1,0,0,0,0,0,0,0,0,0,0,0,Actinomycetota,Orn derivatives,,,,,,,,"Bruns, Hilke, et al. ""Function-related replacement of bacterial siderophore pathways."" The ISME journal 12.2 (2018): 320-329.; Rajwani, Rahim, et al. ""Genome-guided discovery of natural products through multiplexed low-coverage whole-genome sequencing of soil actinomycetes on Oxford Nanopore Flongle."" Msystems 6.6 (2021): e01020-21.","Bruns, Hilke, et al. ""Function-related replacement of bacterial siderophore pathways."" The ISME journal 12.2 (2018): 320-329.",,,,,26,46,10,10,0,0.565217391,2.6,2.6,0,Ruolin He,2,7,4,-1.978,3.9285356
300,Salinichelin C,,1,3,0,0,0,0,0,0,0,0,0,0,0,0,0,6,Hydroxamate,NRPS,CCC(=O)N[C@@H](CCCN(O)C(C)=O)C(=O)N[C@H](CCCNC(=N)N)C(=O)N(O)CCC[C@@H]1NC(=O)[C@H](CCCN(O)C=O)NC1=O,"Ac-OH-Orn, Pra, Arg, Fo-OH-Orn, OH-Orn",5,1,0,C27H48N10O10,672.732228,Salinispora sp.,1,0,0,0,1,0,0,0,0,0,0,0,0,0,0,0,Actinomycetota,Orn derivatives,,,,,,,,"Bruns, Hilke, et al. ""Function-related replacement of bacterial siderophore pathways."" The ISME journal 12.2 (2018): 320-329.","Bruns, Hilke, et al. ""Function-related replacement of bacterial siderophore pathways."" The ISME journal 12.2 (2018): 320-329.",,,,,27,48,10,10,0,0.5625,2.7,2.7,0,Ruolin He,2,7,5,-2.125,3.894916885
301,Salinichelin B,,1,3,0,0,0,0,0,0,0,0,0,0,0,0,0,6,Hydroxamate,NRPS,CC(=O)N[C@@H](CCCN(O)C(C)=O)C(=O)N[C@H](CCCNC(=N)N)C(=O)N(O)CCC[C@@H]1NC(=O)[C@H](CCCN(O)C(C)=O)NC1=O,"Arg, NAc-Ac-OH-Orn, Ac-OH-Orn, OH-Orn",4,1,0,C27H48N10O10,672.732228,Salinispora sp.,1,0,0,0,1,0,0,0,0,0,0,0,0,0,0,0,Actinomycetota,Orn derivatives,,,,,,,,"Bruns, Hilke, et al. ""Function-related replacement of bacterial siderophore pathways."" The ISME journal 12.2 (2018): 320-329.","Bruns, Hilke, et al. ""Function-related replacement of bacterial siderophore pathways."" The ISME journal 12.2 (2018): 320-329.",,,,,27,48,10,10,0,0.5625,2.7,2.7,0,Ruolin He,2,7,6,-2.18,3.894916885
705,Thermochelin,,1,3,0,0,0,0,0,0,0,0,0,0,0,0,0,6,Hydroxamate,NRPS,CC(=O)NC(CCCN(O)C(C)=O)C(=O)NC(CCC(N)=O)C(=O)N(O)CCCC1NC(=O)C(CCCN(O)C(C)=O)NC1=O,"OH-Orn, Ac-OH-Orn, Gln, NAc-Ac-OH-Orn",4,1,0,C26H44N8O11,644.675723,Thermocrispum agreste DSM 44070,1,0,0,0,1,0,0,0,0,0,0,0,0,0,0,0,Actinomycetota,Orn derivatives,,,,,,,,"Heine, Thomas, et al. ""Thermochelin, a hydroxamate siderophore from Thermocrispum agreste DSM 44070."" Solid State Phenomena 262 (2017): 501-504.","Heine, Thomas, et al. ""Thermochelin, a hydroxamate siderophore from Thermocrispum agreste DSM 44070."" Solid State Phenomena 262 (2017): 501-504.",,,,,26,44,8,11,0,0.590909091,3.25,2.363636364,0,Ruolin He,2,7,7,-2.094,3.963234558
296,Erythrochelin,,1,3,0,0,0,0,0,0,0,0,0,0,0,0,0,6,Hydroxamate,NRPS,CC(=O)N[C@H](CCCCN(O)C(C)=O)C(=O)N[C@H](CO)C(=O)N(O)CCC[C@@H]1NC(=O)[C@H](CCCN(O)C(C)=O)NC1=O,"OH-Orn, Ac-OH-Orn, Ser, 5Ac-5OH-NAc-Lys",4,1,0,C25H43N7O11,617.650339,Saccharopolyspora erythraea,1,0,0,0,1,0,0,0,0,0,0,0,0,0,0,0,Actinomycetota,Orn derivatives,,,,,,,,"Lazos, Orestis, et al. ""Biosynthesis of the putative siderophore erythrochelin requires unprecedented crosstalk between separate nonribosomal peptide gene clusters."" Chemistry & biology 17.2 (2010): 160-173.; Robbel, Lars, et al. ""Erythrochelin–a hydroxamate‐type siderophore predicted from the genome of Saccharopolyspora erythraea."" The FEBS Journal 277.3 (2010): 663-676.","Gu, Binbin, et al. ""Tentative biosynthetic pathways of some microbial diketopiperazines."" Applied microbiology and biotechnology 97 (2013): 8439-8453.",,,,,25,43,7,11,0,0.581395349,3.571428571,2.272727273,0,Shaohua Gu; Ruolin He,2,7,1,-1.855,4.033320173
827,Marinobactin HG,,2,2,0,0,0,0,0,0,0,1,0,0,0,0,0,6,Alpha-Aminocarboxylate/Hydroxamate,NRPS,CC(=O)N(O)CCC[C@H](NC(=O)[C@@H](CO)NC(=O)[C@@H]1CCNC(=O)C(O)[C@@H](N)C(=O)N1)C(=O)N[C@@H](CO)C(=O)N[C@H](CCCN(O)C(C)=O)C(=O)O,"Ac-OH-Orn, Ser, Ser, Dab, OH-Asp, Ac-OH-Orn",6,1,0,C28H47N9O15,749.725349,Marinobacter sp. DS40M6; Marinobacter nanhaiticus D15-8W,1,0,0,0,0,0,0,1,0,0,0,0,0,0,0,0,Pseudomonadota,Orn derivatives,,,,,,,,"Martinez, J. S., et al. ""Self-assembling amphiphilic siderophores from marine bacteria."" Science 287.5456 (2000): 1245-1247.; Gauglitz, Julia M., et al. ""Microbial tailoring of acyl peptidic siderophores."" Biochemistry 53.16 (2014): 2624-2631.; Kem, Michelle P., et al. ""Fatty acid hydrolysis of acyl marinobactin siderophores by Marinobacter acylases."" Biochemistry 54.3 (2015): 744-758.","Kem, Michelle P., et al. ""Fatty acid hydrolysis of acyl marinobactin siderophores by Marinobacter acylases."" Biochemistry 54.3 (2015): 744-758.",,,,,28,47,9,15,0,0.595744681,3.111111111,1.866666667,0,Ruolin He,2,6,8,-1.454,3.727209145
289,Marinobactin A,,2,2,0,0,0,0,0,0,0,1,0,0,0,0,0,6,Alpha-Aminocarboxylate/Hydroxamate,NRPS,CCCCCCCCCCCC(=O)N[C@H]1C(=O)N[C@H](C(=O)N[C@H](CO)C(=O)N[C@@H](CCCN(O)C(C)=O)C(=O)N[C@@H](CO)C(=O)N[C@H](CCCN(O)C(C)=O)C(=O)O)CCNC(=O)C1O,"Ac-OH-Orn, Ser, Ac-OH-Orn, Ser, OH-Asp, C12:0, Dab",7,1,0,C40H69N9O16,932.028336,Marinobacter sp. DS40M6; Marinobacter nanhaiticus D15-8W,1,0,0,0,0,0,0,1,0,0,0,0,0,0,0,0,Pseudomonadota,Orn derivatives,,,,,,,,"Martinez, J. S., et al. ""Self-assembling amphiphilic siderophores from marine bacteria."" Science 287.5456 (2000): 1245-1247.; Gauglitz, Julia M., et al. ""Microbial tailoring of acyl peptidic siderophores."" Biochemistry 53.16 (2014): 2624-2631.; Kem, Michelle P., et al. ""Fatty acid hydrolysis of acyl marinobactin siderophores by Marinobacter acylases."" Biochemistry 54.3 (2015): 744-752.","Kem, Michelle P., et al. ""Fatty acid hydrolysis of acyl marinobactin siderophores by Marinobacter acylases."" Biochemistry 54.3 (2015): 744-758.",,,,,40,69,9,16,0,0.579710145,4.444444444,2.5,0,Ruolin He,2,6,1,-2.637,3.414945857
290,Marinobactin E,,2,2,0,0,0,0,0,0,0,1,0,0,0,0,0,6,Alpha-Aminocarboxylate/Hydroxamate,NRPS,CCCCCCCCCCCCCCCC(=O)N[C@H]1C(=O)N[C@H](C(=O)N[C@H](CO)C(=O)N[C@@H](CCCN(O)C(C)=O)C(=O)N[C@@H](CO)C(=O)N[C@H](CCCN(O)C(C)=O)C(=O)O)CCNC(=O)C1O,"OH-Asp, C16:0, Dab, Ac-OH-Orn, Ser, Ac-OH-Orn, Ser",7,1,0,C44H77N9O16,988.134824,Marinobacter sp. DS40M6; Marinobacter nanhaiticus D15-8W,1,0,0,0,0,0,0,1,0,0,0,0,0,0,0,0,Pseudomonadota,Orn derivatives,,,,,,,,"Martinez, J. S., et al. ""Self-assembling amphiphilic siderophores from marine bacteria."" Science 287.5456 (2000): 1245-1247.; Gauglitz, Julia M., et al. ""Microbial tailoring of acyl peptidic siderophores."" Biochemistry 53.16 (2014): 2624-2631.; Kem, Michelle P., et al. ""Fatty acid hydrolysis of acyl marinobactin siderophores by Marinobacter acylases."" Biochemistry 54.3 (2015): 744-757.","Kem, Michelle P., et al. ""Fatty acid hydrolysis of acyl marinobactin siderophores by Marinobacter acylases."" Biochemistry 54.3 (2015): 744-758.",,,,,44,77,9,16,0,0.571428571,4.888888889,2.75,0,Ruolin He,2,6,2,-3.126,3.336295222
291,Marinobactin F,,1,2,0,0,0,0,0,0,0,1,0,0,0,0,0,6,Alpha-Aminocarboxylate/Hydroxamate,NRPS,CCCCCCCCCCCCCCCCCC(=O)N[C@H]1C(=O)N[C@H](C(=O)N[C@H](CO)C(=O)N[C@H](CCCN(O)C(C)=O)C(=O)N[C@@H](CO)C(=O)N[C@@H](CCCN(O)C(C)=O)C(=O)O)CCNC(=O)[C@@H]1O,"Dab, OH-Asp, Ac-OH-Orn, Ser, C18:0, Ac-OH-Orn, Ser",7,1,0,C46H81N9O16,1016.188068,Marinobacter sp. DS40M6,1,0,0,0,0,0,0,1,0,0,0,0,0,0,0,0,Pseudomonadota,Orn derivatives,,,,,,,,"Martinez, Jennifer S., and Alison Butler. ""Marine amphiphilic siderophores: marinobactin structure, uptake, and microbial partitioning."" Journal of inorganic biochemistry 101.11-12 (2007): 1692-1698.","Kem, Michelle P., et al. ""Fatty acid hydrolysis of acyl marinobactin siderophores by Marinobacter acylases."" Biochemistry 54.3 (2015): 744-758.",,,,,46,81,9,16,0,0.567901235,5.111111111,2.875,0,Ruolin He,2,6,3,-3.374,3.299368741
292,Marinobactin C,,2,2,0,0,0,0,0,0,0,1,0,0,0,0,0,6,Alpha-Aminocarboxylate/Hydroxamate,NRPS,CCCCCCCCCCCCCC(=O)N[C@H]1C(=O)N[C@H](C(=O)N[C@H](CO)C(=O)N[C@@H](CCCN(O)C(C)=O)C(=O)N[C@@H](CO)C(=O)N[C@H](CCCN(O)C(C)=O)C(=O)O)CCNC(=O)C1O,"Ac-OH-Orn, Ser, Dab, OH-Asp, Ac-OH-Orn, Ser, C14:0",7,1,0,C42H73N9O16,960.08158,Marinobacter sp. DS40M6; Marinobacter nanhaiticus D15-8W,1,0,0,0,0,0,0,1,0,0,0,0,0,0,0,0,Pseudomonadota,Orn derivatives,,,,,,,,"Martinez, J. S., et al. ""Self-assembling amphiphilic siderophores from marine bacteria."" Science 287.5456 (2000): 1245-1247.; Gauglitz, Julia M., et al. ""Microbial tailoring of acyl peptidic siderophores."" Biochemistry 53.16 (2014): 2624-2631.; Kem, Michelle P., et al. ""Fatty acid hydrolysis of acyl marinobactin siderophores by Marinobacter acylases."" Biochemistry 54.3 (2015): 744-754.","Kem, Michelle P., et al. ""Fatty acid hydrolysis of acyl marinobactin siderophores by Marinobacter acylases."" Biochemistry 54.3 (2015): 744-758.",,,,,42,73,9,16,0,0.575342466,4.666666667,2.625,0,Ruolin He,2,6,4,-2.879,3.374782313
295,Marinobactin D1,,2,2,0,0,0,0,0,0,0,1,0,0,0,0,0,6,Alpha-Aminocarboxylate/Hydroxamate,NRPS,CCCCCC/C=C/CCCCCCCC(=O)N[C@H]1C(=O)N[C@H](C(=O)N[C@H](CO)C(=O)N[C@@H](CCCN(O)C(C)=O)C(=O)N[C@@H](CO)C(=O)N[C@H](CCCN(O)C(C)=O)C(=O)O)CCNC(=O)C1O,"Dab, OH-Asp, Ac-OH-Orn, Ser, Ser, C16:1(9), Ac-OH-Orn",7,1,0,C44H75N9O16,986.118942,Marinobacter sp. DS40M6; Marinobacter nanhaiticus D15-8W,1,0,0,0,0,0,0,1,0,0,0,0,0,0,0,0,Pseudomonadota,Orn derivatives,,,,,,,,"Martinez, J. S., et al. ""Self-assembling amphiphilic siderophores from marine bacteria."" Science 287.5456 (2000): 1245-1247.; Gauglitz, Julia M., et al. ""Microbial tailoring of acyl peptidic siderophores."" Biochemistry 53.16 (2014): 2624-2631.; Kem, Michelle P., et al. ""Fatty acid hydrolysis of acyl marinobactin siderophores by Marinobacter acylases."" Biochemistry 54.3 (2015): 744-755.","Kem, Michelle P., et al. ""Fatty acid hydrolysis of acyl marinobactin siderophores by Marinobacter acylases."" Biochemistry 54.3 (2015): 744-758.",,,,,44,75,9,16,0,0.586666667,4.888888889,2.75,0,Ruolin He,2,6,7,-3.099,3.339007515
294,Marinobactin D2,,2,2,0,0,0,0,0,0,0,1,0,0,0,0,0,6,Alpha-Aminocarboxylate/Hydroxamate,NRPS,CCCCCCCC/C=C/CCCCCC(=O)N[C@H]1C(=O)N[C@H](C(=O)N[C@H](CO)C(=O)N[C@@H](CCCN(O)C(C)=O)C(=O)N[C@@H](CO)C(=O)N[C@H](CCCN(O)C(C)=O)C(=O)O)CCNC(=O)C1O,"Ser, Ac-OH-Orn, Dab, OH-Asp, C16:1(7), Ser, Ac-OH-Orn",7,1,0,C44H75N9O16,986.118942,Marinobacter sp. DS40M6; Marinobacter nanhaiticus D15-8W,1,0,0,0,0,0,0,1,0,0,0,0,0,0,0,0,Pseudomonadota,Orn derivatives,,,,,,,,"Martinez, J. S., et al. ""Self-assembling amphiphilic siderophores from marine bacteria."" Science 287.5456 (2000): 1245-1247.; Gauglitz, Julia M., et al. ""Microbial tailoring of acyl peptidic siderophores."" Biochemistry 53.16 (2014): 2624-2631.; Kem, Michelle P., et al. ""Fatty acid hydrolysis of acyl marinobactin siderophores by Marinobacter acylases."" Biochemistry 54.3 (2015): 744-756.","Kem, Michelle P., et al. ""Fatty acid hydrolysis of acyl marinobactin siderophores by Marinobacter acylases."" Biochemistry 54.3 (2015): 744-758.",,,,,44,75,9,16,0,0.586666667,4.888888889,2.75,0,Ruolin He,2,6,6,-3.099,3.339007515
293,Marinobactin B,,2,2,0,0,0,0,0,0,0,1,0,0,0,0,0,6,Alpha-Aminocarboxylate/Hydroxamate,NRPS,CCCCCC/C=C/CCCCCC(=O)N[C@H]1C(=O)N[C@H](C(=O)N[C@H](CO)C(=O)N[C@@H](CCCN(O)C(C)=O)C(=O)N[C@@H](CO)C(=O)N[C@H](CCCN(O)C(C)=O)C(=O)O)CCNC(=O)C1O,"Ser, Dab, OH-Asp, C14:1(7), Ser, Ac-OH-Orn, Ac-OH-Orn",7,1,0,C42H71N9O16,958.065698,Marinobacter sp. DS40M6; Marinobacter nanhaiticus D15-8W,1,0,0,0,0,0,0,1,0,0,0,0,0,0,0,0,Pseudomonadota,Orn derivatives,,,,,,,,"Martinez, J. S., et al. ""Self-assembling amphiphilic siderophores from marine bacteria."" Science 287.5456 (2000): 1245-1247.; Gauglitz, Julia M., et al. ""Microbial tailoring of acyl peptidic siderophores."" Biochemistry 53.16 (2014): 2624-2631.; Kem, Michelle P., et al. ""Fatty acid hydrolysis of acyl marinobactin siderophores by Marinobacter acylases."" Biochemistry 54.3 (2015): 744-753.","Kem, Michelle P., et al. ""Fatty acid hydrolysis of acyl marinobactin siderophores by Marinobacter acylases."" Biochemistry 54.3 (2015): 744-758.",,,,,42,71,9,16,0,0.591549296,4.666666667,2.625,0,Ruolin He,2,6,5,-2.853,3.377611072
287,Variochelin A,,2,2,0,0,0,0,1,0,0,0,0,0,0,0,0,6,Alpha-Hydroxycarboxylate/Hydroxamate,NRPS,CCCCCCCCCCCC(=O)N[C@@H](CCCNC(=N)N)[C@@H](O)[C@H](C)C(=O)N[C@H](C(=O)N[C@H](CO)C(=O)N1CCC[C@H]1C(=O)N[C@@H](CCCN(O)C(C)=O)C(=O)N[C@@H](CCCN(O)C(C)=O)C(=O)O)[C@H](O)C(=O)O,"Ac-OH-Orn, Ac-OH-Orn, NGd-5OHBA-Put, C12:0, Ser, OH-Asp, Pro",7,1,0,C47H83N11O17,1074.227501,Variovorax boronicumulans BAM-48; Variovorax sp. H002,1,0,0,0,0,0,0,1,0,0,0,0,0,0,0,0,Pseudomonadota,Orn derivatives,,Asp,,,,,,"Kurth, Colette, et al. ""Variochelins, lipopeptide siderophores from Variovorax boronicumulans discovered by genome mining."" Journal of natural products 79.4 (2016): 865-872.; Haedar, Jabal Rahmat, Aya Yoshimura, and Toshiyuki Wakimoto. ""New variochelins from soil-isolated Variovorax sp. H002."" Beilstein Journal of Organic Chemistry 20.1 (2024): 692-700.","Kurth, Colette, et al. ""Variochelins, lipopeptide siderophores from Variovorax boronicumulans discovered by genome mining."" Journal of natural products 79.4 (2016): 865-872.",,,,,47,83,11,17,0,0.56626506,4.272727273,2.764705882,0,Ruolin He,2,5,1,-2.921,3.227485367
709,Variochelin C,,1,2,0,0,0,0,1,0,0,0,0,0,0,0,0,6,Alpha-Hydroxycarboxylate/Hydroxamate,NRPS,CCCCCCCCCC(=O)N[C@@H](CCCNC(=N)N)[C@@H](O)[C@H](C)C(=O)N[C@H](C(=O)N[C@H](CO)C(=O)N1CCC[C@H]1C(=O)N[C@@H](CCCN(O)C(C)=O)C(=O)N[C@@H](CCCN(O)C(C)=O)C(=O)O)[C@H](O)C(=O)O,"Pro, Ser, Ac-OH-Orn, Ac-OH-Orn, NGd-5OHBA-Put, C10:0, OH-Asp",7,1,0,C45H79N11O17,1046.174257,Variovorax sp. H002,1,0,0,0,0,0,0,1,0,0,0,0,0,0,0,0,Pseudomonadota,Orn derivatives,,Asp,,,,,,"Haedar, Jabal Rahmat, Aya Yoshimura, and Toshiyuki Wakimoto. ""New variochelins from soil-isolated Variovorax sp. H002."" Beilstein Journal of Organic Chemistry 20.1 (2024): 692-700.","Kurth, Colette, et al. ""Variochelins, lipopeptide siderophores from Variovorax boronicumulans discovered by genome mining."" Journal of natural products 79.4 (2016): 865-872.",,,,,45,79,11,17,0,0.569620253,4.090909091,2.647058824,0,Ruolin He,2,5,5,-2.69,3.261505107
288,Variochelin B,,2,2,0,0,0,0,1,0,0,0,0,0,0,0,0,6,Alpha-Hydroxycarboxylate/Hydroxamate,NRPS,CCCCCCCCCCCCCC(=O)N[C@@H](CCCNC(=N)N)[C@@H](O)[C@H](C)C(=O)N[C@H](C(=O)N[C@H](CO)C(=O)N1CCC[C@H]1C(=O)N[C@@H](CCCN(O)C(C)=O)C(=O)N[C@@H](CCCN(O)C(C)=O)C(=O)O)[C@H](O)C(=O)O,"NGd-5OHBA-Put, C14:0, OH-Asp, Ser, Pro, Ac-OH-Orn, Ac-OH-Orn",7,1,0,C49H87N11O17,1102.280745,Variovorax boronicumulans BAM-48; Variovorax sp. H002,1,0,0,0,0,0,0,1,0,0,0,0,0,0,0,0,Pseudomonadota,Orn derivatives,,Asp,,,,,,"Kurth, Colette, et al. ""Variochelins, lipopeptide siderophores from Variovorax boronicumulans discovered by genome mining."" Journal of natural products 79.4 (2016): 865-872.; Haedar, Jabal Rahmat, Aya Yoshimura, and Toshiyuki Wakimoto. ""New variochelins from soil-isolated Variovorax sp. H002."" Beilstein Journal of Organic Chemistry 20.1 (2024): 692-700.","Kurth, Colette, et al. ""Variochelins, lipopeptide siderophores from Variovorax boronicumulans discovered by genome mining."" Journal of natural products 79.4 (2016): 865-872.",,,,,49,87,11,17,0,0.563218391,4.454545455,2.882352941,0,Ruolin He,2,5,2,-3.154,3.194733828
711,Variochelin E,,1,2,0,0,0,0,1,0,0,0,0,0,0,0,0,6,Alpha-Hydroxycarboxylate/Hydroxamate,NRPS,CCCCCC/C=C/CCCCCC(=O)N[C@@H](CCCNC(=N)N)[C@@H](O)[C@H](C)C(=O)N[C@H](C(=O)N[C@H](CO)C(=O)N1CCC[C@H]1C(=O)N[C@@H](CCCN(O)C(C)=O)C(=O)N[C@@H](CCCN(O)C(C)=O)C(=O)O)[C@H](O)C(=O)O,"NGd-5OHBA-Put, C14:1(7), Ac-OH-Orn, Pro, OH-Asp, Ac-OH-Orn, Ser",7,1,0,C49H85N11O17,1100.264863,Variovorax sp. H002,1,0,0,0,0,0,0,1,0,0,0,0,0,0,0,0,Pseudomonadota,Orn derivatives,,Asp,,,,,,"Haedar, Jabal Rahmat, Aya Yoshimura, and Toshiyuki Wakimoto. ""New variochelins from soil-isolated Variovorax sp. H002."" Beilstein Journal of Organic Chemistry 20.1 (2024): 692-700.","Kurth, Colette, et al. ""Variochelins, lipopeptide siderophores from Variovorax boronicumulans discovered by genome mining."" Journal of natural products 79.4 (2016): 865-872.",,,,,49,85,11,17,0,0.576470588,4.454545455,2.882352941,0,Ruolin He,2,5,4,-3.133,3.197046759
710,Variochelin D,,1,2,0,0,0,0,1,0,0,0,0,0,0,0,0,6,Alpha-Hydroxycarboxylate/Hydroxamate,NRPS,CC/C=C/CCCCCCCC(=O)N[C@@H](CCCNC(=N)N)[C@@H](O)[C@H](C)C(=O)N[C@H](C(=O)N[C@H](CO)C(=O)N1CCC[C@H]1C(=O)N[C@@H](CCCN(O)C(C)=O)C(=O)N[C@@H](CCCN(O)C(C)=O)C(=O)O)[C@H](O)C(=O)O,"Pro, Ser, OH-Asp, Ac-OH-Orn, Ac-OH-Orn, NGd-5OHBA-Put, C12:1(5)",7,1,0,C47H81N11O17,1072.211619,Variovorax sp. H002,1,0,0,0,0,0,0,1,0,0,0,0,0,0,0,0,Pseudomonadota,Orn derivatives,,Asp,,,,,,"Haedar, Jabal Rahmat, Aya Yoshimura, and Toshiyuki Wakimoto. ""New variochelins from soil-isolated Variovorax sp. H002."" Beilstein Journal of Organic Chemistry 20.1 (2024): 692-700.","Kurth, Colette, et al. ""Variochelins, lipopeptide siderophores from Variovorax boronicumulans discovered by genome mining."" Journal of natural products 79.4 (2016): 865-872.",,,,,47,81,11,17,0,0.580246914,4.272727273,2.764705882,0,Ruolin He,2,5,3,-2.9,3.229886724
721,Amphibactin U,,1,3,0,0,0,0,0,0,0,0,0,0,0,0,0,6,Hydroxamate,NRPS,CCCCCC/C=C/CCCCCCC(=O)N[C@@H](CCCN(O)C(=O)O)C(=O)N(C)[C@H](CCCN(O)C(C)=O)C(=O)N[C@@H](CO)C(=O)N[C@@H](CCCN(O)C(C)=O)C(=O)O,"NMe-Ac-OH-Orn, C15:1(8), Ac-OH-Orn, Ser, Ac-OH-Orn",5,1,0,C39H69N7O14,860.00538,Vibrio cyclitrophicus 1F53,1,0,0,0,0,0,0,1,0,0,0,0,0,0,0,0,Pseudomonadota,Orn derivatives,,,,,,,,"Walker, Lawrence R., et al. ""Unambiguous identification and discovery of bacterial siderophores by direct injection 21 Tesla Fourier transform ion cyclotron resonance mass spectrometry."" Metallomics 9.1 (2017): 82-92.","Galvis, Fabián, et al. ""The marine bivalve molluscs pathogen Vibrio neptunius produces the siderophore amphibactin, which is widespread in molluscs microbiota."" Environmental Microbiology 22.12 (2020): 5467-5482.",,,,,39,69,7,14,0,0.565217391,5.571428571,2.785714286,0,Ruolin He,2,4,37,-3.394,3.526671954
722,Amphibactin V,,2,3,0,0,0,0,0,0,0,0,0,0,0,0,0,6,Hydroxamate,NRPS,CCCCCCCCCCCCCCC(=O)N[C@@H](CCCN(O)C(=O)O)C(=O)N(C)[C@H](CCCN(O)C(C)=O)C(=O)N[C@@H](CO)C(=O)N[C@@H](CCCN(O)C(C)=O)C(=O)O,"NMe-Ac-OH-Orn, Ser, C15:0, Ac-OH-Orn, Ac-OH-Orn",5,1,0,C39H71N7O14,862.021262,Vibrio neptunius; Vibrio cyclitrophicus 1F53,1,0,0,0,0,0,0,1,0,0,0,0,0,0,0,0,Pseudomonadota,Orn derivatives,,,,,,,,"Walker, Lawrence R., et al. ""Unambiguous identification and discovery of bacterial siderophores by direct injection 21 Tesla Fourier transform ion cyclotron resonance mass spectrometry."" Metallomics 9.1 (2017): 82-92.; Galvis, Fabián, et al. ""The marine bivalve molluscs pathogen Vibrio neptunius produces the siderophore amphibactin, which is widespread in molluscs microbiota."" Environmental Microbiology 22.12 (2020): 5467-5482.","Galvis, Fabián, et al. ""The marine bivalve molluscs pathogen Vibrio neptunius produces the siderophore amphibactin, which is widespread in molluscs microbiota."" Environmental Microbiology 22.12 (2020): 5467-5482.",,,,,39,71,7,14,0,0.549295775,5.571428571,2.785714286,0,Yanzhao Wu; Jiqi Shao; Ruolin He,2,4,38,-3.429,3.523360408
262,Moanachelin ala-B,,2,3,0,0,0,0,0,0,0,0,0,0,0,0,0,6,Hydroxamate,Putative NRPS,CCCCCCCCCCCC(=O)N[C@H](CCCN(O)C(C)=O)C(=O)N[C@H](CCCN(O)C(C)=O)C(=O)N[C@@H](C)C(=O)N[C@@H](CCCN(O)C(C)=O)C(=O)O,"Ac-OH-Orn, Ala, Ac-OH-Orn, C12:0, Ac-OH-Orn",5,1,0,C36H65N7O12,787.942586,Vibrio sp. Nt1.; Vibrio cyclitrophicus 1F53,1,0,0,0,0,0,0,1,0,0,0,0,0,0,0,0,Pseudomonadota,Orn derivatives,,,,,,,,"Gauglitz, Julia M., and Alison Butler. ""Amino acid variability in the peptide composition of a suite of amphiphilic peptide siderophores from an open ocean Vibrio species."" JBIC Journal of Biological Inorganic Chemistry 18 (2013): 489-497.; Walker, Lawrence R., et al. ""Unambiguous identification and discovery of bacterial siderophores by direct injection 21 Tesla Fourier transform ion cyclotron resonance mass spectrometry."" Metallomics 9.1 (2017): 82-92.",,,,,,36,65,7,12,0,0.553846154,5.142857143,3,0,Ruolin He,2,4,6,-3.613,3.653069491
261,Moanachelin ala-D,,1,3,0,0,0,0,0,0,0,0,0,0,0,0,0,6,Hydroxamate,Putative NRPS,CCCCCCCCCCCCCC(=O)N[C@H](CCCN(O)C(C)=O)C(=O)N[C@H](CCCN(O)C(C)=O)C(=O)N[C@@H](C)C(=O)N[C@@H](CCCN(O)C(C)=O)C(=O)O,"Ac-OH-Orn, Ala, Ac-OH-Orn, C14:0, Ac-OH-Orn",5,1,0,C38H69N7O12,815.99583,Vibrio sp. Nt1.,1,0,0,0,0,0,0,1,0,0,0,0,0,0,0,0,Pseudomonadota,Orn derivatives,,,,,,,,"Gauglitz, Julia M., and Alison Butler. ""Amino acid variability in the peptide composition of a suite of amphiphilic peptide siderophores from an open ocean Vibrio species."" JBIC Journal of Biological Inorganic Chemistry 18 (2013): 489-497.",,,,,,38,69,7,12,0,0.550724638,5.428571429,3.166666667,0,Ruolin He,2,4,5,-3.951,3.601923381
260,Moanachelin gly-B,,1,3,0,0,0,0,0,0,0,0,0,0,0,0,0,6,Hydroxamate,Putative NRPS,CCCCCCCCCCCC(=O)N[C@H](CCCN(O)C(C)=O)C(=O)N[C@H](CCCN(O)C(C)=O)C(=O)NCC(=O)N[C@@H](CCCN(O)C(C)=O)C(=O)O,"Ac-OH-Orn, C12:0, Ac-OH-Orn, Gly, Ac-OH-Orn",5,1,0,C35H63N7O12,773.915964,Vibrio sp. Nt1.,1,0,0,0,0,0,0,1,0,0,0,0,0,0,0,0,Pseudomonadota,Orn derivatives,,,,,,,,"Gauglitz, Julia M., and Alison Butler. ""Amino acid variability in the peptide composition of a suite of amphiphilic peptide siderophores from an open ocean Vibrio species."" JBIC Journal of Biological Inorganic Chemistry 18 (2013): 489-497.",,,,,,35,63,7,12,0,0.555555556,5,2.916666667,0,Ruolin He,2,4,4,-3.423,3.679655603
259,Moanachelin gly-D,,2,3,0,0,0,0,0,0,0,0,0,0,0,0,0,6,Hydroxamate,Putative NRPS,CCCCCCCCCCCCCC(=O)N[C@H](CCCN(O)C(C)=O)C(=O)N[C@H](CCCN(O)C(C)=O)C(=O)NCC(=O)N[C@@H](CCCN(O)C(C)=O)C(=O)O,"Gly, Ac-OH-Orn, Ac-OH-Orn, C14:0, Ac-OH-Orn",5,1,0,C37H67N7O12,801.969208,Vibrio sp. Nt1.; Vibrio cyclitrophicus 1F53,1,0,0,0,0,0,0,1,0,0,0,0,0,0,0,0,Pseudomonadota,Orn derivatives,,,,,,,,"Gauglitz, Julia M., and Alison Butler. ""Amino acid variability in the peptide composition of a suite of amphiphilic peptide siderophores from an open ocean Vibrio species."" JBIC Journal of Biological Inorganic Chemistry 18 (2013): 489-497.; Walker, Lawrence R., et al. ""Unambiguous identification and discovery of bacterial siderophores by direct injection 21 Tesla Fourier transform ion cyclotron resonance mass spectrometry."" Metallomics 9.1 (2017): 82-92.",,,,,,37,67,7,12,0,0.552238806,5.285714286,3.083333333,0,Ruolin He,2,4,3,-3.767,3.627168585
258,Moanachelin gly-E,,1,3,0,0,0,0,0,0,0,0,0,0,0,0,0,6,Hydroxamate,Putative NRPS,CCCCCCCC/C=C/CCCCCC(=O)N[C@H](CCCN(O)C(C)=O)C(=O)N[C@H](CCCN(O)C(C)=O)C(=O)NCC(=O)N[C@@H](CCCN(O)C(C)=O)C(=O)O,"Ac-OH-Orn, Gly, Ac-OH-Orn, Ac-OH-Orn, C16:1(7)",5,1,0,C39H69N7O12,828.00657,Vibrio sp. Nt1.,1,0,0,0,0,0,0,1,0,0,0,0,0,0,0,0,Pseudomonadota,Orn derivatives,,,,,,,,"Gauglitz, Julia M., and Alison Butler. ""Amino acid variability in the peptide composition of a suite of amphiphilic peptide siderophores from an open ocean Vibrio species."" JBIC Journal of Biological Inorganic Chemistry 18 (2013): 489-497.",,,,,,39,69,7,12,0,0.565217391,5.571428571,3.25,0,Ruolin He,2,4,2,-4.065,3.580806457
257,Moanachelin gly-C,,2,3,0,0,0,0,0,0,0,0,0,0,0,0,0,6,Hydroxamate,Putative NRPS,CCCCCC/C=C/CCCCCC(=O)N[C@H](CCCN(O)C(C)=O)C(=O)N[C@H](CCCN(O)C(C)=O)C(=O)NCC(=O)N[C@@H](CCCN(O)C(C)=O)C(=O)O,"Ac-OH-Orn, Gly, Ac-OH-Orn, Ac-OH-Orn, C14:1(7)",5,1,0,C37H65N7O12,799.953326,Vibrio sp. Nt1.; Vibrio cyclitrophicus 1F53,1,0,0,0,0,0,0,1,0,0,0,0,0,0,0,0,Pseudomonadota,Orn derivatives,,,,,,,,"Gauglitz, Julia M., and Alison Butler. ""Amino acid variability in the peptide composition of a suite of amphiphilic peptide siderophores from an open ocean Vibrio species."" JBIC Journal of Biological Inorganic Chemistry 18 (2013): 489-497.; Walker, Lawrence R., et al. ""Unambiguous identification and discovery of bacterial siderophores by direct injection 21 Tesla Fourier transform ion cyclotron resonance mass spectrometry."" Metallomics 9.1 (2017): 82-92.",,,,,,37,65,7,12,0,0.569230769,5.285714286,3.083333333,0,Ruolin He,2,4,1,-3.734,3.63085
270,Amphibactin E,,4,3,0,0,0,0,0,0,0,0,0,0,0,0,0,6,Hydroxamate,NRPS,CCCCCC/C=C\CCCCCCCC(=O)NC(CCCN(O)C(C)=O)C(=O)NC(CCCN(O)C(C)=O)C(=O)NC(CO)C(=O)NC(CCCN(O)C(C)=O)C(=O)O,"Ser, Ac-OH-Orn, Ac-OH-Orn, C16:1(9), Ac-OH-Orn",5,1,0,C40H71N7O13,858.032597,Vibrio sp. HC0601C5; Alcanivorax borkumensis SK2; Vibrio neptunius; Vibrio cyclitrophicus 1F53,1,0,0,0,0,0,0,1,0,0,0,0,0,0,0,0,Pseudomonadota,Orn derivatives,,,,,,,,"Vraspir, Julia M., Pamela D. Holt, and Alison Butler. ""Identification of new members within suites of amphiphilic marine siderophores."" Biometals 24 (2011): 85-92.; Kem, Michelle P., et al. ""Amphiphilic siderophore production by oil-associating microbes."" Metallomics 6.6 (2014): 1150-1155.; Walker, Lawrence R., et al. ""Unambiguous identification and discovery of bacterial siderophores by direct injection 21 Tesla Fourier transform ion cyclotron resonance mass spectrometry."" Metallomics 9.1 (2017): 82-92.; Galvis, Fabián, et al. ""The marine bivalve molluscs pathogen Vibrio neptunius produces the siderophore amphibactin, which is widespread in molluscs microbiota."" Environmental Microbiology 22.12 (2020): 5467-5482.","Galvis, Fabián, et al. ""The marine bivalve molluscs pathogen Vibrio neptunius produces the siderophore amphibactin, which is widespread in molluscs microbiota."" Environmental Microbiology 22.12 (2020): 5467-5482.",,,,,40,71,7,13,0,0.563380282,5.714285714,3.076923077,0,Shaohua Gu; Ruolin He,2,4,14,-3.75,3.529923714
268,Amphibactin I,,3,3,0,0,0,0,0,0,0,0,0,0,0,0,0,6,Hydroxamate,NRPS,CCCCCCCC/C=C\CCCCCCCC(=O)NC(CCCN(O)C(C)=O)C(=O)NC(CCCN(O)C(C)=O)C(=O)NC(CO)C(=O)NC(CCCN(O)C(C)=O)C(=O)O,"Ser, Ac-OH-Orn, Ac-OH-Orn, C18:1(9), Ac-OH-Orn",5,1,0,C42H75N7O13,886.085841,Vibrio sp.; Alcanivorax borkumensis SK2; Vibrio cyclitrophicus 1F53,1,0,0,0,0,0,0,1,0,0,0,0,0,0,0,0,Pseudomonadota,Orn derivatives,,,,,,,,"Martinez, Jennifer S., et al. ""Structure and membrane affinity of a suite of amphiphilic siderophores produced by a marine bacterium."" Proceedings of the National Academy of Sciences 100.7 (2003): 3754-3759.; Kem, Michelle P., et al. ""Amphiphilic siderophore production by oil-associating microbes."" Metallomics 6.6 (2014): 1150-1155.; Walker, Lawrence R., et al. ""Unambiguous identification and discovery of bacterial siderophores by direct injection 21 Tesla Fourier transform ion cyclotron resonance mass spectrometry."" Metallomics 9.1 (2017): 82-92.","Galvis, Fabián, et al. ""The marine bivalve molluscs pathogen Vibrio neptunius produces the siderophore amphibactin, which is widespread in molluscs microbiota."" Environmental Microbiology 22.12 (2020): 5467-5482.",,,,,42,75,7,13,0,0.56,6,3.230769231,0,Shaohua Gu; Ruolin He,2,4,12,-4.06,3.484684184
269,Amphibactin S,,4,3,0,0,0,0,0,0,0,0,0,0,0,0,0,6,Hydroxamate,NRPS,CCCCCC/C=C/CCCCCC(=O)NC(CCCN(O)C(C)=O)C(=O)NC(CCCN(O)C(C)=O)C(=O)NC(CO)C(=O)NC(CCCN(O)C(C)=O)C(=O)O,"Ac-OH-Orn, Ser, Ac-OH-Orn, C14:1(7), Ac-OH-Orn",5,1,0,C38H67N7O13,829.979353,Vibrio sp. HC0601C5; Alcanivorax borkumensis SK2; Vibrio neptunius; Vibrio cyclitrophicus 1F53,1,0,0,0,0,0,0,1,0,0,0,0,0,0,0,0,Pseudomonadota,Orn derivatives,,,,,,,,"Martinez, Jennifer S., et al. ""Structure and membrane affinity of a suite of amphiphilic siderophores produced by a marine bacterium."" Proceedings of the National Academy of Sciences 100.7 (2003): 3754-3759.; Kem, Michelle P., et al. ""Amphiphilic siderophore production by oil-associating microbes."" Metallomics 6.6 (2014): 1150-1155.; Walker, Lawrence R., et al. ""Unambiguous identification and discovery of bacterial siderophores by direct injection 21 Tesla Fourier transform ion cyclotron resonance mass spectrometry."" Metallomics 9.1 (2017): 82-92.; Galvis, Fabián, et al. ""The marine bivalve molluscs pathogen Vibrio neptunius produces the siderophore amphibactin, which is widespread in molluscs microbiota."" Environmental Microbiology 22.12 (2020): 5467-5482.","Galvis, Fabián, et al. ""The marine bivalve molluscs pathogen Vibrio neptunius produces the siderophore amphibactin, which is widespread in molluscs microbiota."" Environmental Microbiology 22.12 (2020): 5467-5482.",,,,,38,67,7,13,0,0.567164179,5.428571429,2.923076923,0,Ruolin He,2,4,13,-3.425,3.577380842
267,Amphibactin G,,3,3,0,0,0,0,0,0,0,0,0,0,0,0,0,6,Hydroxamate,NRPS,CCCCCCCCCC/C=C\CCCCCCCC(=O)NC(CCCN(O)C(C)=O)C(=O)NC(CCCN(O)C(C)=O)C(=O)NC(CO)C(=O)NC(CCCN(O)C(C)=O)C(=O)O,"Ac-OH-Orn, Ac-OH-Orn, Ser, C20:1(9), Ac-OH-Orn",5,1,0,C44H79N7O13,914.139085,Vibrio sp.; Alcanivorax borkumensis SK2; Vibrio cyclitrophicus 1F53,1,0,0,0,0,0,0,1,0,0,0,0,0,0,0,0,Pseudomonadota,Orn derivatives,,,,,,,,"Martinez, Jennifer S., et al. ""Structure and membrane affinity of a suite of amphiphilic siderophores produced by a marine bacterium."" Proceedings of the National Academy of Sciences 100.7 (2003): 3754-3759.; Kem, Michelle P., et al. ""Amphiphilic siderophore production by oil-associating microbes."" Metallomics 6.6 (2014): 1150-1155.; Walker, Lawrence R., et al. ""Unambiguous identification and discovery of bacterial siderophores by direct injection 21 Tesla Fourier transform ion cyclotron resonance mass spectrometry."" Metallomics 9.1 (2017): 82-92.","Galvis, Fabián, et al. ""The marine bivalve molluscs pathogen Vibrio neptunius produces the siderophore amphibactin, which is widespread in molluscs microbiota."" Environmental Microbiology 22.12 (2020): 5467-5482.",,,,,44,79,7,13,0,0.556962025,6.285714286,3.384615385,0,Shaohua Gu; Ruolin He,2,4,11,-4.348,3.441491456
266,Amphibactin H,,4,3,0,0,0,0,0,0,0,0,0,0,0,0,0,6,Hydroxamate,NRPS,CCCCCCCCCCCCCCCC(=O)NC(CCCN(O)C(C)=O)C(=O)NC(CCCN(O)C(C)=O)C(=O)NC(CO)C(=O)NC(CCCN(O)C(C)=O)C(=O)O,"Ac-OH-Orn, Ser, Ac-OH-Orn, Ac-OH-Orn, C16:0",5,1,0,C40H73N7O13,860.048479,Vibrio sp. HC0601C5; Alcanivorax borkumensis SK2; Vibrio neptunius; Vibrio cyclitrophicus 1F53,1,0,0,0,0,0,0,1,0,0,0,0,0,0,0,0,Pseudomonadota,Orn derivatives,,,,,,,,"Vraspir, Julia M., Pamela D. Holt, and Alison Butler. ""Identification of new members within suites of amphiphilic marine siderophores."" Biometals 24 (2011): 85-92.; Kem, Michelle P., et al. ""Amphiphilic siderophore production by oil-associating microbes."" Metallomics 6.6 (2014): 1150-1155.; Walker, Lawrence R., et al. ""Unambiguous identification and discovery of bacterial siderophores by direct injection 21 Tesla Fourier transform ion cyclotron resonance mass spectrometry."" Metallomics 9.1 (2017): 82-92.; Galvis, Fabián, et al. ""The marine bivalve molluscs pathogen Vibrio neptunius produces the siderophore amphibactin, which is widespread in molluscs microbiota."" Environmental Microbiology 22.12 (2020): 5467-5482.","Galvis, Fabián, et al. ""The marine bivalve molluscs pathogen Vibrio neptunius produces the siderophore amphibactin, which is widespread in molluscs microbiota."" Environmental Microbiology 22.12 (2020): 5467-5482.",,,,,40,73,7,13,0,0.547945205,5.714285714,3.076923077,0,Shaohua Gu; Ruolin He,2,4,10,-3.784,3.526601035
264,Amphibactin T,,6,3,0,0,0,0,0,0,0,0,0,0,0,0,0,6,Hydroxamate,NRPS,CCCCCCCCCCCC(=O)NC(CCCN(O)C(C)=O)C(=O)NC(CCCN(O)C(C)=O)C(=O)NC(CO)C(=O)NC(CCCN(O)C(C)=O)C(=O)O,"Ser, Ac-OH-Orn, Ac-OH-Orn, C12:0, Ac-OH-Orn",5,1,0,C36H65N7O13,803.941991,Vibrio sp. HC0601C5; Alcanivorax borkumensis SK2; Azotobacter chroococcum NCIMB 8003; Azotobacter chroococcum B3; Vibrio neptunius; Vibrio cyclitrophicus 1F53,1,0,0,0,0,0,0,1,0,0,0,0,0,0,0,0,Pseudomonadota,Orn derivatives,,,,,,,,"Martinez, Jennifer S., et al. ""Structure and membrane affinity of a suite of amphiphilic siderophores produced by a marine bacterium."" Proceedings of the National Academy of Sciences 100.7 (2003): 3754-3759.; Kem, Michelle P., et al. ""Amphiphilic siderophore production by oil-associating microbes."" Metallomics 6.6 (2014): 1150-1155.; Walker, Lawrence R., et al. ""Unambiguous identification and discovery of bacterial siderophores by direct injection 21 Tesla Fourier transform ion cyclotron resonance mass spectrometry."" Metallomics 9.1 (2017): 82-92.; Zhang, Xinning, Oliver Baars, and François MM Morel. ""Genetic, structural, and functional diversity of low and high-affinity siderophores in strains of nitrogen fixing Azotobacter chroococcum."" Metallomics 11.1 (2019): 201-212.; Galvis, Fabián, et al. ""The marine bivalve molluscs pathogen Vibrio neptunius produces the siderophore amphibactin, which is widespread in molluscs microbiota."" Environmental Microbiology 22.12 (2020): 5467-5482.","Galvis, Fabián, et al. ""The marine bivalve molluscs pathogen Vibrio neptunius produces the siderophore amphibactin, which is widespread in molluscs microbiota."" Environmental Microbiology 22.12 (2020): 5467-5482.",,,,,36,65,7,13,0,0.553846154,5.142857143,2.769230769,0,Ruolin He,2,4,8,-3.13,3.623578987
265,Amphibactin D,,4,3,0,0,0,0,0,0,0,0,0,0,0,0,0,6,Hydroxamate,NRPS,CCCCCCCCCCCCCC(=O)NC(CCCN(O)C(C)=O)C(=O)NC(CCCN(O)C(C)=O)C(=O)NC(CO)C(=O)NC(CCCN(O)C(C)=O)C(=O)O,"Ac-OH-Orn, C14:0, Ser, Ac-OH-Orn, Ac-OH-Orn",5,1,0,C38H69N7O13,831.995235,Vibrio sp. HC0601C5; Alcanivorax borkumensis SK2; Vibrio neptunius; Vibrio cyclitrophicus 1F53,1,0,0,0,0,0,0,1,0,0,0,0,0,0,0,0,Pseudomonadota,Orn derivatives,,,,,,,,"Vraspir, Julia M., Pamela D. Holt, and Alison Butler. ""Identification of new members within suites of amphiphilic marine siderophores."" Biometals 24 (2011): 85-92.; Kem, Michelle P., et al. ""Amphiphilic siderophore production by oil-associating microbes."" Metallomics 6.6 (2014): 1150-1155.; Walker, Lawrence R., et al. ""Unambiguous identification and discovery of bacterial siderophores by direct injection 21 Tesla Fourier transform ion cyclotron resonance mass spectrometry."" Metallomics 9.1 (2017): 82-92.; Galvis, Fabián, et al. ""The marine bivalve molluscs pathogen Vibrio neptunius produces the siderophore amphibactin, which is widespread in molluscs microbiota."" Environmental Microbiology 22.12 (2020): 5467-5482.","Galvis, Fabián, et al. ""The marine bivalve molluscs pathogen Vibrio neptunius produces the siderophore amphibactin, which is widespread in molluscs microbiota."" Environmental Microbiology 22.12 (2020): 5467-5482.",,,,,38,69,7,13,0,0.550724638,5.428571429,2.923076923,0,Shaohua Gu; Ruolin He,2,4,9,-3.46,3.573892686
263,Amphibactin ACB,,2,3,0,0,0,0,0,0,0,0,0,0,0,0,0,6,Hydroxamate,NRPS,CCCCCCCCCC(=O)NC(CCCN(O)C(C)=O)C(=O)NC(CCCN(O)C(C)=O)C(=O)NC(CO)C(=O)NC(CCCN(O)C(C)=O)C(=O)O,"Ac-OH-Orn, Ser, Ac-OH-Orn, Ac-OH-Orn, C10:0",5,1,0,C34H61N7O13,775.888747,Azotobacter chroococcum NCIMB 8003; Azotobacter chroococcum B3,1,0,0,0,0,0,0,1,0,0,0,0,0,0,0,0,Pseudomonadota,Orn derivatives,,,,,,,,"Zhang, Xinning, Oliver Baars, and François MM Morel. ""Genetic, structural, and functional diversity of low and high-affinity siderophores in strains of nitrogen fixing Azotobacter chroococcum."" Metallomics 11.1 (2019): 201-212.","Galvis, Fabián, et al. ""The marine bivalve molluscs pathogen Vibrio neptunius produces the siderophore amphibactin, which is widespread in molluscs microbiota."" Environmental Microbiology 22.12 (2020): 5467-5482.",,,,,34,61,7,13,0,0.557377049,4.857142857,2.615384615,0,Ruolin He,2,4,7,-2.801,3.675873819
274,Amphibactin ACA,,2,3,0,0,0,0,0,0,0,0,0,0,0,0,0,6,Hydroxamate,NRPS,CCCCCCCC(O)CC(=O)NC(CCCN(O)C(C)=O)C(=O)NC(CCCN(O)C(C)=O)C(=O)NC(CO)C(=O)NC(CCCN(O)C(C)=O)C(=O)O,"Ac-OH-Orn, C10:0-OH(3), Ac-OH-Orn, Ser, Ac-OH-Orn",5,1,0,C34H61N7O14,791.888152,Azotobacter chroococcum NCIMB 8003; Azotobacter chroococcum B3,1,0,0,0,0,0,0,1,0,0,0,0,0,0,0,0,Pseudomonadota,Orn derivatives,,,,,,,,"Zhang, Xinning, Oliver Baars, and François MM Morel. ""Genetic, structural, and functional diversity of low and high-affinity siderophores in strains of nitrogen fixing Azotobacter chroococcum."" Metallomics 11.1 (2019): 201-212.","Galvis, Fabián, et al. ""The marine bivalve molluscs pathogen Vibrio neptunius produces the siderophore amphibactin, which is widespread in molluscs microbiota."" Environmental Microbiology 22.12 (2020): 5467-5482.",,,,,34,61,7,14,0,0.557377049,4.857142857,2.428571429,0,Ruolin He,2,4,18,-2.382,3.645715838
272,Amphibactin B,,4,3,0,0,0,0,0,0,0,0,0,0,0,0,0,6,Hydroxamate,NRPS,CCCCCCCCCCCC(O)CC(=O)NC(CCCN(O)C(C)=O)C(=O)NC(CCCN(O)C(C)=O)C(=O)NC(CO)C(=O)NC(CCCN(O)C(C)=O)C(=O)O,"Ac-OH-Orn, C14:0-OH(3), Ac-OH-Orn, Ser, Ac-OH-Orn",5,1,0,C38H69N7O14,847.99464,Vibrio sp.; Alcanivorax borkumensis SK2; Vibrio neptunius; Vibrio cyclitrophicus 1F53,1,0,0,0,0,0,0,1,0,0,0,0,0,0,0,0,Pseudomonadota,Orn derivatives,,,,,,,,"Martinez, Jennifer S., et al. ""Structure and membrane affinity of a suite of amphiphilic siderophores produced by a marine bacterium."" Proceedings of the National Academy of Sciences 100.7 (2003): 3754-3759.; Kem, Michelle P., et al. ""Amphiphilic siderophore production by oil-associating microbes."" Metallomics 6.6 (2014): 1150-1155.; Walker, Lawrence R., et al. ""Unambiguous identification and discovery of bacterial siderophores by direct injection 21 Tesla Fourier transform ion cyclotron resonance mass spectrometry."" Metallomics 9.1 (2017): 82-92.; Galvis, Fabián, et al. ""The marine bivalve molluscs pathogen Vibrio neptunius produces the siderophore amphibactin, which is widespread in molluscs microbiota."" Environmental Microbiology 22.12 (2020): 5467-5482.","Galvis, Fabián, et al. ""The marine bivalve molluscs pathogen Vibrio neptunius produces the siderophore amphibactin, which is widespread in molluscs microbiota."" Environmental Microbiology 22.12 (2020): 5467-5482.",,,,,38,69,7,14,0,0.550724638,5.428571429,2.714285714,0,Shaohua Gu; Ruolin He,2,4,16,-2.991,3.546640459
273,Amphibactin F,,3,3,0,0,0,0,0,0,0,0,0,0,0,0,0,6,Hydroxamate,NRPS,CCCCCCCCCCCCCC(O)CC(=O)NC(CCCN(O)C(C)=O)C(=O)NC(CCCN(O)C(C)=O)C(=O)NC(CO)C(=O)NC(CCCN(O)C(C)=O)C(=O)O,"Ac-OH-Orn, C16:0-OH(3), Ac-OH-Orn, Ac-OH-Orn, Ser",5,1,0,C40H73N7O14,876.047884,Vibrio sp. HC0601C5; Alcanivorax borkumensis SK2; Vibrio cyclitrophicus 1F53,1,0,0,0,0,0,0,1,0,0,0,0,0,0,0,0,Pseudomonadota,Orn derivatives,,,,,,,,"Vraspir, Julia M., Pamela D. Holt, and Alison Butler. ""Identification of new members within suites of amphiphilic marine siderophores."" Biometals 24 (2011): 85-92.; Kem, Michelle P., et al. ""Amphiphilic siderophore production by oil-associating microbes."" Metallomics 6.6 (2014): 1150-1155.; Walker, Lawrence R., et al. ""Unambiguous identification and discovery of bacterial siderophores by direct injection 21 Tesla Fourier transform ion cyclotron resonance mass spectrometry."" Metallomics 9.1 (2017): 82-92.","Galvis, Fabián, et al. ""The marine bivalve molluscs pathogen Vibrio neptunius produces the siderophore amphibactin, which is widespread in molluscs microbiota."" Environmental Microbiology 22.12 (2020): 5467-5482.",,,,,40,73,7,14,0,0.547945205,5.714285714,2.857142857,0,Shaohua Gu; Ruolin He,2,4,17,-3.305,3.500628071
271,Amphibactin C,,4,3,0,0,0,0,0,0,0,0,0,0,0,0,0,6,Hydroxamate,NRPS,CCCCCC/C=C\CCCCCC(O)CC(=O)NC(CCCN(O)C(C)=O)C(=O)NC(CCCN(O)C(C)=O)C(=O)NC(CO)C(=O)NC(CCCN(O)C(C)=O)C(=O)O,"Ser, Ac-OH-Orn, Ac-OH-Orn, C16:1(9)-OH(3), Ac-OH-Orn",5,1,0,C40H71N7O14,874.032002,Vibrio sp. HC0601C5; Alcanivorax borkumensis SK2; Vibrio neptunius; Vibrio cyclitrophicus 1F53,1,0,0,0,0,0,0,1,0,0,0,0,0,0,0,0,Pseudomonadota,Orn derivatives,,,,,,,,"Vraspir, Julia M., Pamela D. Holt, and Alison Butler. ""Identification of new members within suites of amphiphilic marine siderophores."" Biometals 24 (2011): 85-92.; Kem, Michelle P., et al. ""Amphiphilic siderophore production by oil-associating microbes."" Metallomics 6.6 (2014): 1150-1155.; Walker, Lawrence R., et al. ""Unambiguous identification and discovery of bacterial siderophores by direct injection 21 Tesla Fourier transform ion cyclotron resonance mass spectrometry."" Metallomics 9.1 (2017): 82-92.; Galvis, Fabián, et al. ""The marine bivalve molluscs pathogen Vibrio neptunius produces the siderophore amphibactin, which is widespread in molluscs microbiota."" Environmental Microbiology 22.12 (2020): 5467-5482.","Galvis, Fabián, et al. ""The marine bivalve molluscs pathogen Vibrio neptunius produces the siderophore amphibactin, which is widespread in molluscs microbiota."" Environmental Microbiology 22.12 (2020): 5467-5482.",,,,,40,71,7,14,0,0.563380282,5.714285714,2.857142857,0,Shaohua Gu; Ruolin He,2,4,15,-3.272,3.503862256
286,Aquachelin A,,1,2,0,0,0,0,1,0,0,0,0,0,0,0,0,6,Alpha-Hydroxycarboxylate/Hydroxamate,Putative NRPS,CCCCCC/C=C\CCCC(=O)NC(C(=O)NC(CO)C(=O)NC(CO)C(=O)NC(CCC(N)=O)C(=O)NC(CCCN(O)C(C)=O)C(=O)NC(CO)C(=O)NC(CCCN(O)C(C)=O)C(=O)O)C(O)C(=O)O,"Ser, Ser, Ac-OH-Orn, Gln, Ser, Ac-OH-Orn, OH-Asp, C12:1(5)",8,1,0,C44H74N10O20,1063.115324,Vreelandella aquamarina str. HC4321C1,1,0,0,0,0,0,0,1,0,0,0,0,0,0,0,0,Pseudomonadota,Orn derivatives,,Asp,,,,,,"Vraspir, Julia M., Pamela D. Holt, and Alison Butler. ""Identification of new members within suites of amphiphilic marine siderophores."" Biometals 24 (2011): 85-92.","Gauglitz, Julia M., et al. ""Microbial tailoring of acyl peptidic siderophores."" Biochemistry 53.16 (2014): 2624-2631.",,,,,44,74,10,20,0,0.594594595,4.4,2.2,0,Shaohua Gu; Ruolin He,2,4,30,-2.215,3.240804638
285,Sodachelin C,,1,2,0,0,0,0,1,0,0,0,0,0,0,0,0,6,Alpha-Hydroxycarboxylate/Hydroxamate,NRPS,CCCCCC/C=C/CCCC(=O)NC(C(=O)NC(CCC(N)=O)C(=O)NC(CO)C(=O)NC(CCC(N)=O)C(=O)NC(CCCN(O)C(C)=O)C(=O)NC(CO)C(=O)NC(CCCN(O)C(C)=O)C(=O)O)C(O)C(=O)O,"Gln, OH-Asp, Ser, Ac-OH-Orn, Gln, Ser, Ac-OH-Orn, C12:1(5)",8,1,0,C46H77N11O20,1104.16733,Halomonas sp. SL28,1,0,0,0,0,0,0,1,0,0,0,0,0,0,0,0,Pseudomonadota,Orn derivatives,,Asp,,,,,,"Richards, Abigail Marie. Identification and structural characterization of siderophores produced by halophilic and alkaliphilic bacteria. Diss. Washington State University, (2007)",,,,,,46,77,11,20,0,0.597402597,4.181818182,2.3,0,Ruolin He,2,4,29,-2.456,3.19257481
284,Sodachelin E,,1,2,0,0,0,0,1,0,0,0,0,0,0,0,0,6,Alpha-Hydroxycarboxylate/Hydroxamate,NRPS,CCCCCC/C=C/CCCCCC(=O)NC(C(=O)NC(CCC(N)=O)C(=O)NC(CO)C(=O)NC(CCC(N)=O)C(=O)NC(CCCN(O)C(C)=O)C(=O)NC(CO)C(=O)NC(CCCN(O)C(C)=O)C(=O)O)C(O)C(=O)O,"Gln, OH-Asp, Ser, Ac-OH-Orn, Ser, C14:1(7), Gln, Ac-OH-Orn",8,1,0,C48H81N11O20,1132.220574,Halomonas sp. SL28,1,0,0,0,0,0,0,1,0,0,0,0,0,0,0,0,Pseudomonadota,Orn derivatives,,Asp,,,,,,"Richards, Abigail Marie. Identification and structural characterization of siderophores produced by halophilic and alkaliphilic bacteria. Diss. Washington State University, (2007)",,,,,,48,81,11,20,0,0.592592593,4.363636364,2.4,0,Ruolin He,2,4,28,-2.661,3.161090248
283,Aquachelin C,,2,2,0,0,0,0,1,0,0,0,0,0,0,0,0,6,Alpha-Hydroxycarboxylate/Hydroxamate,Putative NRPS,CCCCCC/C=C\CCCCCC(=O)NC(C(=O)NC(CO)C(=O)NC(CO)C(=O)NC(CCC(N)=O)C(=O)NC(CCCN(O)C(C)=O)C(=O)NC(CO)C(=O)NC(CCCN(O)C(C)=O)C(=O)O)C(O)C(=O)O,"OH-Asp, C14:1(7), Gln, Ser, Ac-OH-Orn, Ser, Ac-OH-Orn, Ser",8,1,0,C46H78N10O20,1091.168568,Halomonas aquamarina; Vreelandella aquamarina str. HC4321C1,1,0,0,0,0,0,0,1,0,0,0,0,0,0,0,0,Pseudomonadota,Orn derivatives,,Asp,,,,,,"Martinez, Jennifer S., et al. ""Structure and membrane affinity of a suite of amphiphilic siderophores produced by a marine bacterium."" Proceedings of the National Academy of Sciences 100.7 (2003): 3754-3759.; Vraspir, Julia M., Pamela D. Holt, and Alison Butler. ""Identification of new members within suites of amphiphilic marine siderophores."" Biometals 24 (2011): 85-92.","Gauglitz, Julia M., et al. ""Microbial tailoring of acyl peptidic siderophores."" Biochemistry 53.16 (2014): 2624-2631.",,,,,46,78,10,20,0,0.58974359,4.6,2.3,0,Ruolin He,2,4,27,-2.413,3.207560549
282,Aquachelin J,,1,2,0,0,0,0,1,0,0,0,0,0,0,0,0,6,Alpha-Hydroxycarboxylate/Hydroxamate,Putative NRPS,CCCCCCCCCC(=O)NC(C(=O)NC(CO)C(=O)NC(CO)C(=O)NC(CCC(N)=O)C(=O)NC(CCCN(O)C(C)=O)C(=O)NC(CO)C(=O)NC(CCCN(O)C(C)=O)C(=O)O)C(O)C(=O)O,"Ac-OH-Orn, Ser, Ac-OH-Orn, Gln, Ser, Ser, OH-Asp, C10:0",8,1,0,C42H72N10O20,1037.077962,Vreelandella aquamarina str. HC4321C1,1,0,0,0,0,0,0,1,0,0,0,0,0,0,0,0,Pseudomonadota,Orn derivatives,,Asp,,,,,,"Vraspir, Julia M., Pamela D. Holt, and Alison Butler. ""Identification of new members within suites of amphiphilic marine siderophores."" Biometals 24 (2011): 85-92.",,,,,,42,72,10,20,0,0.583333333,4.2,2.1,0,Ruolin He,2,4,26,-2.045,3.272822415
281,Aquachelin D,,2,2,0,0,0,0,1,0,0,0,0,0,0,0,0,6,Alpha-Hydroxycarboxylate/Hydroxamate,Putative NRPS,CCCCCCCCCCCCCC(=O)NC(C(=O)NC(CO)C(=O)NC(CO)C(=O)NC(CCC(N)=O)C(=O)NC(CCCN(O)C(C)=O)C(=O)NC(CO)C(=O)NC(CCCN(O)C(C)=O)C(=O)O)C(O)C(=O)O,"OH-Asp, C14:0, Ser, Ser, Ac-OH-Orn, Ser, Ac-OH-Orn, Gln",8,1,0,C46H80N10O20,1093.18445,Halomonas aquamarina; Vreelandella aquamarina str. HC4321C1,1,0,0,0,0,0,0,1,0,0,0,0,0,0,0,0,Pseudomonadota,Orn derivatives,,Asp,,,,,,"Martinez, Jennifer S., et al. ""Structure and membrane affinity of a suite of amphiphilic siderophores produced by a marine bacterium."" Proceedings of the National Academy of Sciences 100.7 (2003): 3754-3759.; Vraspir, Julia M., Pamela D. Holt, and Alison Butler. ""Identification of new members within suites of amphiphilic marine siderophores."" Biometals 24 (2011): 85-92.","Gauglitz, Julia M., et al. ""Microbial tailoring of acyl peptidic siderophores."" Biochemistry 53.16 (2014): 2624-2631.",,,,,46,80,10,20,0,0.575,4.6,2.3,0,Ruolin He,2,4,25,-2.434,3.205219563
279,Sodachelin D,,1,2,0,0,0,0,1,0,0,0,0,0,0,0,0,6,Alpha-Hydroxycarboxylate/Hydroxamate,NRPS,CCCCCCCCCCCC(=O)NC(C(=O)NC(CCC(N)=O)C(=O)NC(CO)C(=O)NC(CCC(N)=O)C(=O)NC(CCCN(O)C(C)=O)C(=O)NC(CO)C(=O)NC(CCCN(O)C(C)=O)C(=O)O)C(O)C(=O)O,"Gln, OH-Asp, Ac-OH-Orn, Gln, Ser, Ser, C12:0, Ac-OH-Orn",8,1,0,C46H79N11O20,1106.183212,Halomonas sp. SL28,1,0,0,0,0,0,0,1,0,0,0,0,0,0,0,0,Pseudomonadota,Orn derivatives,,Asp,,,,,,"Richards, Abigail Marie. Identification and structural characterization of siderophores produced by halophilic and alkaliphilic bacteria. Diss. Washington State University, (2007)",,,,,,46,79,11,20,0,0.582278481,4.181818182,2.3,0,Ruolin He,2,4,23,-2.473,3.190273741
280,Sodachelin F,,1,2,0,0,0,0,1,0,0,0,0,0,0,0,0,6,Alpha-Hydroxycarboxylate/Hydroxamate,NRPS,CCCCCCCCCCCCCC(=O)NC(C(=O)NC(CCC(N)=O)C(=O)NC(CO)C(=O)NC(CCC(N)=O)C(=O)NC(CCCN(O)C(C)=O)C(=O)NC(CO)C(=O)NC(CCCN(O)C(C)=O)C(=O)O)C(O)C(=O)O,"OH-Asp, C14:0, Ac-OH-Orn, Ser, Ac-OH-Orn, Ser, Gln, Gln",8,1,0,C48H83N11O20,1134.236456,Halomonas sp. SL28,1,0,0,0,0,0,0,1,0,0,0,0,0,0,0,0,Pseudomonadota,Orn derivatives,,Asp,,,,,,"Richards, Abigail Marie. Identification and structural characterization of siderophores produced by halophilic and alkaliphilic bacteria. Diss. Washington State University, (2007)",,,,,,48,83,11,20,0,0.578313253,4.363636364,2.4,0,Ruolin He,2,4,24,-2.681,3.158871475
278,Sodachelin A,,1,2,0,0,0,0,1,0,0,0,0,0,0,0,0,6,Alpha-Hydroxycarboxylate/Hydroxamate,NRPS,CCCCCCCCCC(=O)NC(C(=O)NC(CCC(N)=O)C(=O)NC(CO)C(=O)NC(CCC(N)=O)C(=O)NC(CCCN(O)C(C)=O)C(=O)NC(CO)C(=O)NC(CCCN(O)C(C)=O)C(=O)O)C(O)C(=O)O,"Gln, Ser, Gln, OH-Asp, Ac-OH-Orn, Ser, C10:0, Ac-OH-Orn",8,1,0,C44H75N11O20,1078.129968,Halomonas sp. SL28,1,0,0,0,0,0,0,1,0,0,0,0,0,0,0,0,Pseudomonadota,Orn derivatives,,Asp,,,,,,"Richards, Abigail Marie. Identification and structural characterization of siderophores produced by halophilic and alkaliphilic bacteria. Diss. Washington State University, (2007)",,,,,,44,75,11,20,0,0.586666667,4,2.2,0,Ruolin He,2,4,22,-2.277,3.222855247
277,Aquachelin B,,2,2,0,0,0,0,1,0,0,0,0,0,0,0,0,6,Alpha-Hydroxycarboxylate/Hydroxamate,Putative NRPS,CCCCCCCCCCCC(=O)NC(C(=O)NC(CO)C(=O)NC(CO)C(=O)NC(CCC(N)=O)C(=O)NC(CCCN(O)C(C)=O)C(=O)NC(CO)C(=O)NC(CCCN(O)C(C)=O)C(=O)O)C(O)C(=O)O,"Gln, Ser, Ser, OH-Asp, Ac-OH-Orn, Ac-OH-Orn, Ser, C12:0",8,1,0,C44H76N10O20,1065.131206,Halomonas aquamarina; Vreelandella aquamarina str. HC4321C1,1,0,0,0,0,0,0,1,0,0,0,0,0,0,0,0,Pseudomonadota,Orn derivatives,,Asp,,,,,,"Martinez, Jennifer S., et al. ""Structure and membrane affinity of a suite of amphiphilic siderophores produced by a marine bacterium."" Proceedings of the National Academy of Sciences 100.7 (2003): 3754-3759.; Vraspir, Julia M., Pamela D. Holt, and Alison Butler. ""Identification of new members within suites of amphiphilic marine siderophores."" Biometals 24 (2011): 85-92.","Gauglitz, Julia M., et al. ""Microbial tailoring of acyl peptidic siderophores."" Biochemistry 53.16 (2014): 2624-2631.",,,,,44,76,10,20,0,0.578947368,4.4,2.2,0,Ruolin He,2,4,21,-2.233,3.238373362
276,Sodachelin B,,1,2,0,0,0,0,1,0,0,0,0,0,0,0,0,6,Alpha-Hydroxycarboxylate/Hydroxamate,NRPS,CCCCCCCCCC(O)CC(=O)NC(C(=O)NC(CCC(N)=O)C(=O)NC(CO)C(=O)NC(CCC(N)=O)C(=O)NC(CCCN(O)C(C)=O)C(=O)NC(CO)C(=O)NC(CCCN(O)C(C)=O)C(=O)O)C(O)C(=O)O,"Gln, Ser, OH-Asp, C12:0-OH(3), Ac-OH-Orn, Ac-OH-Orn, Ser, Gln",8,1,0,C46H79N11O21,1122.182617,Halomonas sp. SL28,1,0,0,0,0,0,0,1,0,0,0,0,0,0,0,0,Pseudomonadota,Orn derivatives,,Asp,,,,,,"Richards, Abigail Marie. Identification and structural characterization of siderophores produced by halophilic and alkaliphilic bacteria. Diss. Washington State University, (2007)",,,,,,46,79,11,21,0,0.582278481,4.181818182,2.19047619,0,Ruolin He,2,4,20,-2.208,3.17222452
275,Aquachelin I,,1,2,0,0,0,0,1,0,0,0,0,0,0,0,0,6,Alpha-Hydroxycarboxylate/Hydroxamate,Putative NRPS,CCCCCCCCCC(O)CC(=O)NC(C(=O)NC(CO)C(=O)NC(CO)C(=O)NC(CCC(N)=O)C(=O)NC(CCCN(O)C(C)=O)C(=O)NC(CO)C(=O)NC(CCCN(O)C(C)=O)C(=O)O)C(O)C(=O)O,"Gln, Ser, OH-Asp, C12:0-OH(3), Ser, Ac-OH-Orn, Ser, Ac-OH-Orn",8,1,0,C44H76N10O21,1081.130611,Vreelandella aquamarina str. HC4321C1,1,0,0,0,0,0,0,1,0,0,0,0,0,0,0,0,Pseudomonadota,Orn derivatives,,Asp,,,,,,"Vraspir, Julia M., Pamela D. Holt, and Alison Butler. ""Identification of new members within suites of amphiphilic marine siderophores."" Biometals 24 (2011): 85-92.",,,,,,44,76,10,21,0,0.578947368,4.4,2.095238095,0,Ruolin He,2,4,19,-1.989,3.219311648
658,Caribactin A,Caribactin-C8,1,2,0,0,0,0,1,0,0,0,0,0,0,0,0,6,Alpha-Hydroxycarboxylate/Hydroxamate,NRPS,CCCCCC(O)CC(=O)N(O)CCC[C@H](N)C(=O)N[C@@H](C(=O)N[C@@H](CO)C(=O)N[C@@H](CCCN(O)C(C)=O)C(=O)NCCCCN)[C@@H](O)C(=O)O,"OH-Orn, C8:0-OH(3), Ser, OH-Asp, Ac-OH-Orn, Put",6,1,0,C31H58N8O13,750.839407,Paraburkholderia caribensis CICC 10960,1,0,0,0,0,0,0,1,0,0,0,0,0,0,0,0,Pseudomonadota,Orn derivatives,,Asp,,,,,,"Wang, Xingyan, et al. ""Recombineering enables genome mining of novel siderophores in a non-model Burkholderiales strain."" Engineering Microbiology 3.3 (2023): 100106.","Wang, Xingyan, et al. ""Recombineering enables genome mining of novel siderophores in a non-model Burkholderiales strain."" Engineering Microbiology 3.3 (2023): 100106.",,,,,31,58,8,13,0,0.534482759,3.875,2.384615385,0,Ruolin He,2,4,36,-1.494,3.724969862
662,Caribactin E,Caribactin-C12,1,2,0,0,0,0,1,0,0,0,0,0,0,0,0,6,Alpha-Hydroxycarboxylate/Hydroxamate,NRPS,CCCCCCCCCC(O)CC(=O)N(O)CCC[C@H](N)C(=O)N[C@@H](C(=O)N[C@@H](CO)C(=O)N[C@@H](CCCN(O)C(C)=O)C(=O)NCCCCN)[C@@H](O)C(=O)O,"OH-Asp, OH-Orn, Ser, C12:0-OH(3), Put, Ac-OH-Orn",6,1,0,C35H66N8O13,806.945895,Paraburkholderia caribensis CICC 10960,1,0,0,0,0,0,0,1,0,0,0,0,0,0,0,0,Pseudomonadota,Orn derivatives,,Asp,,,,,,"Wang, Xingyan, et al. ""Recombineering enables genome mining of novel siderophores in a non-model Burkholderiales strain."" Engineering Microbiology 3.3 (2023): 100106.","Wang, Xingyan, et al. ""Recombineering enables genome mining of novel siderophores in a non-model Burkholderiales strain."" Engineering Microbiology 3.3 (2023): 100106.",,,,,35,66,8,13,0,0.53030303,4.375,2.692307692,0,Ruolin He,2,4,35,-1.945,3.618137931
660,Caribactin C,Caribactin-C10,1,2,0,0,0,0,1,0,0,0,0,0,0,0,0,6,Alpha-Hydroxycarboxylate/Hydroxamate,NRPS,CCCCCCCC(O)CC(=O)N(O)CCC[C@H](N)C(=O)N[C@@H](C(=O)N[C@@H](CO)C(=O)N[C@@H](CCCN(O)C(C)=O)C(=O)NCCCCN)[C@@H](O)C(=O)O,"Put, Ac-OH-Orn, Ser, OH-Asp, OH-Orn, C10:0-OH(3)",6,1,0,C33H62N8O13,778.892651,Paraburkholderia caribensis CICC 10960,1,0,0,0,0,0,0,1,0,0,0,0,0,0,0,0,Pseudomonadota,Orn derivatives,,Asp,,,,,,"Wang, Xingyan, et al. ""Recombineering enables genome mining of novel siderophores in a non-model Burkholderiales strain."" Engineering Microbiology 3.3 (2023): 100106.","Wang, Xingyan, et al. ""Recombineering enables genome mining of novel siderophores in a non-model Burkholderiales strain."" Engineering Microbiology 3.3 (2023): 100106.",,,,,33,62,8,13,0,0.532258065,4.125,2.538461538,0,Ruolin He,2,4,34,-1.709,3.670142415
661,Caribactin D,Deoxycaribactin-C10,1,2,0,0,0,0,1,0,0,0,0,0,0,0,0,6,Alpha-Hydroxycarboxylate/Hydroxamate,NRPS,CCCCCCCCCC(=O)N(O)CCC[C@H](N)C(=O)N[C@@H](C(=O)N[C@@H](CO)C(=O)N[C@@H](CCCN(O)C(C)=O)C(=O)NCCCCN)[C@@H](O)C(=O)O,"OH-Asp, OH-Orn, Ac-OH-Orn, Ser, Put, C10:0",6,1,0,C33H62N8O12,762.893246,Paraburkholderia caribensis CICC 10960,1,0,0,0,0,0,0,1,0,0,0,0,0,0,0,0,Pseudomonadota,Orn derivatives,,Asp,,,,,,"Wang, Xingyan, et al. ""Recombineering enables genome mining of novel siderophores in a non-model Burkholderiales strain."" Engineering Microbiology 3.3 (2023): 100106.","Wang, Xingyan, et al. ""Recombineering enables genome mining of novel siderophores in a non-model Burkholderiales strain."" Engineering Microbiology 3.3 (2023): 100106.",,,,,33,62,8,12,0,0.532258065,4.125,2.75,0,Ruolin He,2,4,33,-2.002,3.701049302
663,Caribactin F,Deoxycaribactin-C12,1,2,0,0,0,0,1,0,0,0,0,0,0,0,0,6,Alpha-Hydroxycarboxylate/Hydroxamate,NRPS,CCCCCCCCCCCC(=O)N(O)CCC[C@H](N)C(=O)N[C@@H](C(=O)N[C@@H](CO)C(=O)N[C@@H](CCCN(O)C(C)=O)C(=O)NCCCCN)[C@@H](O)C(=O)O,"Ac-OH-Orn, Ser, Put, OH-Asp, OH-Orn, C12:0",6,1,0,C35H66N8O12,790.94649,Paraburkholderia caribensis CICC 10960,1,0,0,0,0,0,0,1,0,0,0,0,0,0,0,0,Pseudomonadota,Orn derivatives,,Asp,,,,,,"Wang, Xingyan, et al. ""Recombineering enables genome mining of novel siderophores in a non-model Burkholderiales strain."" Engineering Microbiology 3.3 (2023): 100106.","Wang, Xingyan, et al. ""Recombineering enables genome mining of novel siderophores in a non-model Burkholderiales strain."" Engineering Microbiology 3.3 (2023): 100106.",,,,,35,66,8,12,0,0.53030303,4.375,2.916666667,0,Ruolin He,2,4,32,-2.271,3.647465997
659,Caribactin B,Deoxycaribactin-C8,1,2,0,0,0,0,1,0,0,0,0,0,0,0,0,6,Alpha-Hydroxycarboxylate/Hydroxamate,NRPS,CCCCCCCC(=O)N(O)CCC[C@H](N)C(=O)N[C@@H](C(=O)N[C@@H](CO)C(=O)N[C@@H](CCCN(O)C(C)=O)C(=O)NCCCCN)[C@@H](O)C(=O)O,"OH-Asp, OH-Orn, Put, Ac-OH-Orn, Ser, C8:0",6,1,0,C31H58N8O12,734.840002,Paraburkholderia caribensis CICC 10960,1,0,0,0,0,0,0,1,0,0,0,0,0,0,0,0,Pseudomonadota,Orn derivatives,,Asp,,,,,,"Wang, Xingyan, et al. ""Recombineering enables genome mining of novel siderophores in a non-model Burkholderiales strain."" Engineering Microbiology 3.3 (2023): 100106.","Wang, Xingyan, et al. ""Recombineering enables genome mining of novel siderophores in a non-model Burkholderiales strain."" Engineering Microbiology 3.3 (2023): 100106.",,,,,31,58,8,12,0,0.534482759,3.875,2.583333333,0,Ruolin He,2,4,31,-1.755,3.757605727
256,Cupriachelin,,1,1,0,0,0,0,2,0,0,0,0,0,0,0,0,6,Alpha-Hydroxycarboxylate/Hydroxamate,NRPS,CCCCCCCCCC(=O)N[C@H](C(=O)N[C@@H](CCN)C(=O)N[C@H](C(=O)NCC(=O)N[C@@H](CCCN(O)C(=O)C[C@H](C)O)C(=O)O)[C@H](O)C(=O)O)[C@H](O)C(=O)O,"Gly, OH-Asp, OH-Orn, C4:0-OH(3), Dab, OH-Asp, C10:0",7,1,0,C33H57N7O16,807.844458,Cupriavidus necator,1,0,0,0,0,0,0,1,0,0,0,0,0,0,0,0,Pseudomonadota,Orn derivatives,,Asp,,,,,,"Kreutzer, M., H. Kage, and M. Nett. ""Cupriachelin, a photoreactive siderophore from the freshwater bacterium Cupriavidus necator H16."" Planta Medica 78.11 (2012): PI42.; Kreutzer, Martin F., Hirokazu Kage, and Markus Nett. ""Structure and biosynthetic assembly of cupriachelin, a photoreactive siderophore from the bioplastic producer Cupriavidus necator H16."" Journal of the American Chemical Society 134.11 (2012): 5415-5422.","Kreutzer, Martin F., Hirokazu Kage, and Markus Nett. ""Structure and biosynthetic assembly of cupriachelin, a photoreactive siderophore from the bioplastic producer Cupriavidus necator H16."" Journal of the American Chemical Society 134.11 (2012): 5415-5422.",,,,,33,57,7,16,0,0.578947368,4.714285714,2.0625,0,Shaohua Gu; Ruolin He,2,3,8,-1.8,3.616516103
255,Gramibactin B,Trinickiabactin,2,0,0,0,0,0,1,0,0,0,0,0,2,0,0,6,Alpha-Hydroxycarboxylate/Diazeniumdiolate,NRPS,CCCCCCCC(=O)N[C@@H](C(=O)N[C@H](C(=O)N[C@@H](C(=O)N[C@H](CCCN(O)N=O)C(=O)NCC(=O)N[C@H](CCCN(O)N=O)C(=O)O)[C@@H](C)O)[C@@H](C)O)[C@@H](O)C(=O)O,"aThr/Thr, OH-Asp, Gra, Gly, C8:0, Gra, aThr/Thr",7,1,0,C32H56N10O17,852.845291,Paraburkholderia caledonica; Trinickia caryophylli DSM 50341,1,0,0,0,0,0,0,1,0,0,0,0,0,0,0,0,Pseudomonadota,,,Asp,,,,Gra,,"Hermenau, Ron, et al. ""Genomics‐driven discovery of NO‐donating diazeniumdiolate siderophores in diverse plant‐associated bacteria."" Angewandte Chemie 131.37 (2019): 13158-13163.; Jiao, Junjing, et al. ""Structure elucidation and biosynthetic locus of trinickiabactin from the plant pathogenic bacterium Trinickia caryophylli."" The Journal of antibiotics 73.1 (2020): 28-34.","Hermenau, Ron, et al. ""Genomics‐driven discovery of NO‐donating diazeniumdiolate siderophores in diverse plant‐associated bacteria."" Angewandte Chemie 131.37 (2019): 13158-13163.",,,,,32,56,10,17,0,0.571428571,3.2,1.882352941,0,Ruolin He,2,3,7,-1.87,3.538526459
254,Megapolibactin D,,1,0,0,0,0,0,1,0,0,0,0,0,2,0,0,6,Alpha-Hydroxycarboxylate/Diazeniumdiolate,NRPS,CCCCCCC[C@@H](O)CC(=O)NCC(=O)N[C@@H](C(=O)N[C@@H](CO)C(=O)N[C@@H](C(=O)N[C@H](CCCN(O)N=O)C(=O)N[C@@H](CO)C(=O)N[C@H](CCCN(O)N=O)C(=O)O)[C@@H](C)O)[C@@H](O)C(=O)O,"Gra, aThr/Thr, OH-Asp, Gly, Gra, Ser, C10:0-OH(3), Ser",8,1,0,C36H63N11O20,969.948756,Paraburkholderia megapolitana DSM23488,1,0,0,0,0,0,0,1,0,0,0,0,0,0,0,0,Pseudomonadota,,,Asp,,,,Gra,,"Hermenau, Ron, et al. ""Genomics‐driven discovery of NO‐donating diazeniumdiolate siderophores in diverse plant‐associated bacteria."" Angewandte Chemie 131.37 (2019): 13158-13163.","Hermenau, Ron, et al. ""Genomics‐driven discovery of NO‐donating diazeniumdiolate siderophores in diverse plant‐associated bacteria."" Angewandte Chemie 131.37 (2019): 13158-13163.",,,,,36,63,11,20,0,0.571428571,3.272727273,1.8,0,Ruolin He,2,3,6,-1.653,3.361060307
253,Megapolibactin F,,1,0,0,0,0,0,1,0,0,0,0,0,2,0,0,6,Alpha-Hydroxycarboxylate/Diazeniumdiolate,NRPS,CCCCCCCCCCC[C@@H](O)CC(=O)NCC(=O)N[C@@H](C(=O)N[C@@H](CO)C(=O)N[C@@H](C(=O)N[C@H](CCCN(O)N=O)C(=O)N[C@@H](CO)C(=O)N[C@H](CCCN(O)N=O)C(=O)O)[C@@H](C)O)[C@@H](O)C(=O)O,"OH-Asp, Gly, aThr/Thr, Ser, Gra, Ser, C14:0-OH(3), Gra",8,1,0,C40H71N11O20,1026.055244,Paraburkholderia megapolitana DSM23488,1,0,0,0,0,0,0,1,0,0,0,0,0,0,0,0,Pseudomonadota,,,Asp,,,,Gra,,"Hermenau, Ron, et al. ""Genomics‐driven discovery of NO‐donating diazeniumdiolate siderophores in diverse plant‐associated bacteria."" Angewandte Chemie 131.37 (2019): 13158-13163.","Hermenau, Ron, et al. ""Genomics‐driven discovery of NO‐donating diazeniumdiolate siderophores in diverse plant‐associated bacteria."" Angewandte Chemie 131.37 (2019): 13158-13163.",,,,,40,71,11,20,0,0.563380282,3.636363636,2,0,Ruolin He,2,3,5,-1.988,3.286731724
252,Megapolibactin E,,1,0,0,0,0,0,1,0,0,0,0,0,2,0,0,6,Alpha-Hydroxycarboxylate/Diazeniumdiolate,NRPS,CCCCCCCCC[C@@H](O)CC(=O)NCC(=O)N[C@@H](C(=O)N[C@@H](CO)C(=O)N[C@@H](C(=O)N[C@H](CCCN(O)N=O)C(=O)N[C@@H](CO)C(=O)N[C@H](CCCN(O)N=O)C(=O)O)[C@@H](C)O)[C@@H](O)C(=O)O,"aThr/Thr, Ser, Gra, Ser, Gly, C12:0-OH(3), Gra, OH-Asp",8,1,0,C38H67N11O20,998.002,Paraburkholderia megapolitana DSM23488,1,0,0,0,0,0,0,1,0,0,0,0,0,0,0,0,Pseudomonadota,,,Asp,,,,Gra,,"Hermenau, Ron, et al. ""Genomics‐driven discovery of NO‐donating diazeniumdiolate siderophores in diverse plant‐associated bacteria."" Angewandte Chemie 131.37 (2019): 13158-13163.","Hermenau, Ron, et al. ""Genomics‐driven discovery of NO‐donating diazeniumdiolate siderophores in diverse plant‐associated bacteria."" Angewandte Chemie 131.37 (2019): 13158-13163.",,,,,38,67,11,20,0,0.567164179,3.454545455,1.9,0,Ruolin He,2,3,4,-1.813,3.323134743
251,Megapolibactin B,,1,0,0,0,0,0,1,0,0,0,0,0,2,0,0,6,Alpha-Hydroxycarboxylate/Diazeniumdiolate,NRPS,CCCCCCCCC[C@@H](O)CC(=O)NCC(=O)N[C@@H](C(=O)N[C@@H](CO)C(=O)N[C@@H](C(=O)N[C@H](CCCN(O)N=O)C(=O)N[C@@H](C)C(=O)N[C@H](CCCN(O)N=O)C(=O)O)[C@@H](C)O)[C@@H](O)C(=O)O,"aThr/Thr, Ser, OH-Asp, Gly, C12:0-OH(3), Gra, Ala, Gra",8,1,0,C38H67N11O19,982.002595,Paraburkholderia megapolitana DSM23488,1,0,0,0,0,0,0,1,0,0,0,0,0,0,0,0,Pseudomonadota,,,Asp,,,,Gra,,"Hermenau, Ron, et al. ""Genomics‐driven discovery of NO‐donating diazeniumdiolate siderophores in diverse plant‐associated bacteria."" Angewandte Chemie 131.37 (2019): 13158-13163.","Hermenau, Ron, et al. ""Genomics‐driven discovery of NO‐donating diazeniumdiolate siderophores in diverse plant‐associated bacteria."" Angewandte Chemie 131.37 (2019): 13158-13163.",,,,,38,67,11,19,0,0.567164179,3.454545455,2,0,Ruolin He,2,3,3,-2.016,3.344571088
250,Megapolibactin C,,1,0,0,0,0,0,1,0,0,0,0,0,2,0,0,6,Alpha-Hydroxycarboxylate/Diazeniumdiolate,NRPS,CCCCCCCCCCC[C@@H](O)CC(=O)NCC(=O)N[C@@H](C(=O)N[C@@H](CO)C(=O)N[C@@H](C(=O)N[C@H](CCCN(O)N=O)C(=O)N[C@@H](C)C(=O)N[C@H](CCCN(O)N=O)C(=O)O)[C@@H](C)O)[C@@H](O)C(=O)O,"Gly, C14:0-OH(3), Gra, aThr/Thr, OH-Asp, Ala, Ser, Gra",8,1,0,C40H71N11O19,1010.055839,Paraburkholderia megapolitana DSM23488,1,0,0,0,0,0,0,1,0,0,0,0,0,0,0,0,Pseudomonadota,,,Asp,,,,Gra,,"Hermenau, Ron, et al. ""Genomics‐driven discovery of NO‐donating diazeniumdiolate siderophores in diverse plant‐associated bacteria."" Angewandte Chemie 131.37 (2019): 13158-13163.","Hermenau, Ron, et al. ""Genomics‐driven discovery of NO‐donating diazeniumdiolate siderophores in diverse plant‐associated bacteria."" Angewandte Chemie 131.37 (2019): 13158-13163.",,,,,40,71,11,19,0,0.563380282,3.636363636,2.105263158,0,Ruolin He,2,3,2,-2.21,3.307312786
249,Megapolibactin A,,1,0,0,0,0,0,1,0,0,0,0,0,2,0,0,6,Alpha-Hydroxycarboxylate/Diazeniumdiolate,NRPS,CCCCCCC[C@@H](O)CC(=O)NCC(=O)N[C@@H](C(=O)N[C@@H](CO)C(=O)N[C@@H](C(=O)N[C@H](CCCN(O)N=O)C(=O)N[C@@H](C)C(=O)N[C@H](CCCN(O)N=O)C(=O)O)[C@@H](C)O)[C@@H](O)C(=O)O,"Ala, Gra, aThr/Thr, Ser, OH-Asp, Gly, Gra, C10:0-OH(3)",8,1,0,C36H63N11O19,953.949351,Paraburkholderia megapolitana DSM23488,1,0,0,0,0,0,0,1,0,0,0,0,0,0,0,0,Pseudomonadota,,,Asp,,,,Gra,,"Hermenau, Ron, et al. ""Genomics‐driven discovery of NO‐donating diazeniumdiolate siderophores in diverse plant‐associated bacteria."" Angewandte Chemie 131.37 (2019): 13158-13163.","Hermenau, Ron, et al. ""Genomics‐driven discovery of NO‐donating diazeniumdiolate siderophores in diverse plant‐associated bacteria."" Angewandte Chemie 131.37 (2019): 13158-13163.",,,,,36,63,11,19,0,0.571428571,3.272727273,1.894736842,0,Ruolin He,2,3,1,-1.836,3.383414338
247,Crochelin D,,2,1,0,0,0,0,1,0,0,0,0,0,0,0,0,4,Alpha-Hydroxycarboxylate/Hydroxamate,NRPS,CCCC/C=C/CCCC(=O)NC(CO)C(O)CC(=O)NC(CO)C(=O)NC(C(=O)NC(CCN)C(=O)NC(CCCN(O)C=O)C(=O)NCCCCN)C(O)C(=O)O,"Dab, OH-Asp, X0, C10:1(2), Fo-OH-Orn, Ser, Put",7,0.847457627,1,C36H65N9O14,847.954802,Azotobacter chroococcum NCIMB 8003; Azotobacter chroococcum B3,1,0,0,0,0,0,0,1,0,0,0,0,0,0,0,0,Pseudomonadota,Orn derivatives,,Asp,,,,,,"Baars, Oliver, et al. ""Crochelins: siderophores with an unprecedented iron‐chelating moiety from the nitrogen‐fixing bacterium Azotobacter chroococcum."" Angewandte Chemie 130.2 (2018): 545-550.; Zhang, Xinning, Oliver Baars, and François MM Morel. ""Genetic, structural, and functional diversity of low and high-affinity siderophores in strains of nitrogen fixing Azotobacter chroococcum."" Metallomics 11.1 (2019): 201-212.",,,,,,36,65,9,14,0,0.553846154,4,2.571428571,0,Ruolin He,2,2,16,-1.564,3.546707379
248,Crochelin C,,2,1,0,0,0,0,1,0,0,0,0,0,0,0,0,4,Alpha-Hydroxycarboxylate/Hydroxamate,NRPS,CCCCCC/C=C/CCCC(=O)NC(CO)C(O)CC(=O)NC(CO)C(=O)NC(C(=O)NC(CCN)C(=O)NC(CCCN(O)C=O)C(=O)NCCCCN)C(O)C(=O)O,"Fo-OH-Orn, Dab, OH-Asp, Ser, X0, C12:1(5), Put",7,0.852459016,1,C38H69N9O14,876.008046,Azotobacter chroococcum NCIMB 8003; Azotobacter chroococcum B3,1,0,0,0,0,0,0,1,0,0,0,0,0,0,0,0,Pseudomonadota,Orn derivatives,,Asp,,,,,,"Baars, Oliver, et al. ""Crochelins: siderophores with an unprecedented iron‐chelating moiety from the nitrogen‐fixing bacterium Azotobacter chroococcum."" Angewandte Chemie 130.2 (2018): 545-550.; Zhang, Xinning, Oliver Baars, and François MM Morel. ""Genetic, structural, and functional diversity of low and high-affinity siderophores in strains of nitrogen fixing Azotobacter chroococcum."" Metallomics 11.1 (2019): 201-212.",,,,,,38,69,9,14,0,0.550724638,4.222222222,2.714285714,0,Ruolin He,2,2,17,-1.756,3.50069188
246,Crochelin E,,2,1,0,0,0,0,1,0,0,0,0,0,0,0,0,4,Alpha-Hydroxycarboxylate/Hydroxamate,NRPS,CCCCCCCCCC(=O)NC(CO)C(O)CC(=O)NC(CO)C(=O)NC(C(=O)NC(CCN)C(=O)NC(CCCN(O)C=O)C(=O)NCCCCN)C(O)C(=O)O,"Dab, OH-Asp, X0, C10:0, Ser, Fo-OH-Orn, Put",7,0.847457627,1,C36H67N9O14,849.970684,Azotobacter chroococcum NCIMB 8003; Azotobacter chroococcum B3,1,0,0,0,0,0,0,1,0,0,0,0,0,0,0,0,Pseudomonadota,Orn derivatives,,Asp,,,,,,"Zhang, Xinning, Oliver Baars, and François MM Morel. ""Genetic, structural, and functional diversity of low and high-affinity siderophores in strains of nitrogen fixing Azotobacter chroococcum."" Metallomics 11.1 (2019): 201-212.",,,,,,36,67,9,14,0,0.537313433,4,2.571428571,0,Ruolin He,2,2,15,-1.584,3.543326821
245,Crochelin B,,2,1,0,0,0,0,1,0,0,0,0,0,0,0,0,4,Alpha-Hydroxycarboxylate/Hydroxamate,NRPS,CCCCCCCCCCCC(=O)NC(CO)C(O)CC(=O)NC(CO)C(=O)NC(C(=O)NC(CCN)C(=O)NC(CCCN(O)C=O)C(=O)NCCCCN)C(O)C(=O)O,"X0, C12:0, Ser, OH-Asp, Dab, Fo-OH-Orn, Put",7,0.852459016,1,C38H71N9O14,878.023928,Azotobacter chroococcum NCIMB 8003; Azotobacter chroococcum B3,1,0,0,0,0,0,0,1,0,0,0,0,0,0,0,0,Pseudomonadota,Orn derivatives,,Asp,,,,,,"Baars, Oliver, et al. ""Crochelins: siderophores with an unprecedented iron‐chelating moiety from the nitrogen‐fixing bacterium Azotobacter chroococcum."" Angewandte Chemie 130.2 (2018): 545-550.; Zhang, Xinning, Oliver Baars, and François MM Morel. ""Genetic, structural, and functional diversity of low and high-affinity siderophores in strains of nitrogen fixing Azotobacter chroococcum."" Metallomics 11.1 (2019): 201-212.",,,,,,38,71,9,14,0,0.535211268,4.222222222,2.714285714,0,Ruolin He,2,2,14,-1.782,3.497468345
244,Ornibactin C8,Ornibactin F,5,2,0,0,0,0,1,0,0,0,0,0,0,0,0,6,Alpha-Hydroxycarboxylate/Hydroxamate,NRPS,CCCCCC(O)CC(=O)N(O)CCC[C@H](N)C(=O)N[C@@H](C(=O)N[C@@H](CO)C(=O)N[C@@H](CCCN(O)C=O)C(=O)NCCCCN)C(O)C(=O)O,"Put, Fo-OH-Orn, Ser, OH-Orn, C8:0-OH(3), OH-Asp",6,1,0,C30H56N8O13,736.812785,Burkholderia cepacia; Burkholderia pyrrocinia JK-SH007; Burkholderia catarinensis 89; Burkholderia seminalis R456; Burkholderia contaminans MS14,1,0,0,0,0,0,0,1,0,0,0,0,0,0,0,0,Pseudomonadota,Orn derivatives,,Asp,,,,,,"Stephan, Holger, et al. ""Structure Elucidation of the Gallium–Ornibactin Complex by 2D‐NMR Spectroscopy."" Liebigs Annalen der Chemie 1993.1 (1993): 43-48.; Deng, Peng, et al. ""The siderophore product ornibactin is required for the bactericidal activity of Burkholderia contaminans MS14."" Applied and Environmental Microbiology 83.8 (2017): e00051-17.; Wang, Xiaoxuan, et al. ""A novel NRPS cluster, acquired by horizontal gene transfer from algae, regulates siderophore iron metabolism in Burkholderia seminalis R456."" International Journal of Biological Macromolecules 182 (2021): 838-848.; Yu, Meng, et al. ""CysB Is a Key Regulator of the Antifungal Activity of Burkholderia pyrrocinia JK-SH007."" International Journal of Molecular Sciences 24.9 (2023): 8067.; Bach, Evelise, et al. ""Genome-guided purification of high amounts of the siderophore ornibactin and detection of potentially novel burkholdine derivatives produced by Burkholderia catarinensis 89T."" Journal of Applied Microbiology 135.2 (2024): lxae040.","Agnoli, Kirsty, et al. ""The ornibactin biosynthesis and transport genes of Burkholderia cenocepacia are regulated by an extracytoplasmic function σ factor which is a part of the Fur regulon."" Journal of bacteriology 188.10 (2006): 3631-3644.",,,,,30,56,8,13,0,0.535714286,3.75,2.307692308,0,Ruolin He,2,2,13,-1.352,3.753525418
243,Ornibactin C6,Ornibactin D,4,2,0,0,0,0,1,0,0,0,0,0,0,0,0,6,Alpha-Hydroxycarboxylate/Hydroxamate,NRPS,CCCC(O)CC(=O)N(O)CCC[C@H](N)C(=O)N[C@@H](C(=O)N[C@@H](CO)C(=O)N[C@@H](CCCN(O)C=O)C(=O)NCCCCN)C(O)C(=O)O,"Ser, OH-Asp, Fo-OH-Orn, OH-Orn, Put, C6:0-OH(3)",6,1,0,C28H52N8O13,708.759541,Burkholderia cepacia; Burkholderia pyrrocinia JK-SH007; Burkholderia catarinensis 89; Burkholderia seminalis R456,1,0,0,0,0,0,0,1,0,0,0,0,0,0,0,0,Pseudomonadota,Orn derivatives,,Asp,,,,,,"Stephan, Holger, et al. ""Structure Elucidation of the Gallium–Ornibactin Complex by 2D‐NMR Spectroscopy."" Liebigs Annalen der Chemie 1993.1 (1993): 43-48.; Wang, Xiaoxuan, et al. ""A novel NRPS cluster, acquired by horizontal gene transfer from algae, regulates siderophore iron metabolism in Burkholderia seminalis R456."" International Journal of Biological Macromolecules 182 (2021): 838-848.; Yu, Meng, et al. ""CysB Is a Key Regulator of the Antifungal Activity of Burkholderia pyrrocinia JK-SH007."" International Journal of Molecular Sciences 24.9 (2023): 8067.; Bach, Evelise, et al. ""Genome-guided purification of high amounts of the siderophore ornibactin and detection of potentially novel burkholdine derivatives produced by Burkholderia catarinensis 89T."" Journal of Applied Microbiology 135.2 (2024): lxae040.","Agnoli, Kirsty, et al. ""The ornibactin biosynthesis and transport genes of Burkholderia cenocepacia are regulated by an extracytoplasmic function σ factor which is a part of the Fur regulon."" Journal of bacteriology 188.10 (2006): 3631-3644.",,,,,28,52,8,13,0,0.538461538,3.5,2.153846154,0,Ruolin He,2,2,12,-1.172,3.813106725
242,Ornibactin C4,Ornibactin B,2,2,0,0,0,0,1,0,0,0,0,0,0,0,0,6,Alpha-Hydroxycarboxylate/Hydroxamate,NRPS,CC(O)CC(=O)N(O)CCC[C@H](N)C(=O)N[C@@H](C(=O)N[C@@H](CO)C(=O)N[C@@H](CCCN(O)C=O)C(=O)NCCCCN)C(O)C(=O)O,"OH-Asp, OH-Orn, Put, Fo-OH-Orn, C4:0-OH(3), Ser",6,1,0,C26H48N8O13,680.706297,Burkholderia cepacia; Burkholderia catarinensis 89,1,0,0,0,0,0,0,1,0,0,0,0,0,0,0,0,Pseudomonadota,Orn derivatives,,Asp,,,,,,"Stephan, Holger, et al. ""Structure Elucidation of the Gallium–Ornibactin Complex by 2D‐NMR Spectroscopy."" Liebigs Annalen der Chemie 1993.1 (1993): 43-48.; Bach, Evelise, et al. ""Genome-guided purification of high amounts of the siderophore ornibactin and detection of potentially novel burkholdine derivatives produced by Burkholderia catarinensis 89T."" Journal of Applied Microbiology 135.2 (2024): lxae040.","Agnoli, Kirsty, et al. ""The ornibactin biosynthesis and transport genes of Burkholderia cenocepacia are regulated by an extracytoplasmic function σ factor which is a part of the Fur regulon."" Journal of bacteriology 188.10 (2006): 3631-3644.",,,,,26,48,8,13,0,0.541666667,3.25,2,0,Ruolin He,2,2,11,-1.013,3.876261587
234,Malleobactin LB400,Malleobactin X,2,2,0,0,0,0,1,0,0,0,0,0,0,0,0,6,Alpha-Hydroxycarboxylate/Hydroxamate,NRPS,NCCCCNC(=O)[C@H](CCCN(O)C=O)NC(=O)[C@H](CO)NC(=O)[C@H](NC(=O)[C@@H](N)CCCN(O)C=O)[C@@H](O)C(=O)O,"Put, Fo-OH-Orn, Ser, OH-Asp, Fo-OH-Orn",5,1,0,C23H42N8O12,622.627026,Paraburkholderia xenovorans LB400; Collimonas pratensis PMB3(1),1,0,0,0,0,0,0,1,0,0,0,0,0,0,0,0,Pseudomonadota,Orn derivatives,,Asp,,,,,,"Vargas-Straube, María José, et al. ""Genetic and functional analysis of the biosynthesis of a non-ribosomal peptide siderophore in Burkholderia xenovorans LB400."" PloS one 11.3 (2016): e0151273.; Picard, Laura, et al. ""The mineral weathering ability of Collimonas pratensis PMB3 (1) involves a Malleobactin‐mediated iron acquisition system."" Environmental Microbiology 24.2 (2022): 784-802.","Vargas-Straube, María José, et al. ""Genetic and functional analysis of the biosynthesis of a non-ribosomal peptide siderophore in Burkholderia xenovorans LB400."" PloS one 11.3 (2016): e0151273.",,,,,23,42,8,12,0,0.547619048,2.875,1.916666667,0,Ruolin He,2,2,3,-0.906,4.02007752
240,Malleobactin E,,1,2,0,0,0,0,1,0,0,0,0,0,0,0,0,6,Alpha-Hydroxycarboxylate/Hydroxamate,NRPS,NCCCCNC(=O)[C@H](CCCN(O)C=O)NC(=O)[C@H](CO)NC(=O)[C@H](NC(=O)[C@H](CCCN(O)C=O)NC=O)[C@@H](O)C(=O)O,"Fo-OH-Orn, Ser, OH-Asp, NFo-Fo-OH-Orn, Put",5,1,0,C24H42N8O13,650.637171,Burkholderia thailandensis,1,0,0,0,0,0,0,1,0,0,0,0,0,0,0,0,Pseudomonadota,Orn derivatives,,Asp,,,,,,"Franke, Jakob, Keishi Ishida, and Christian Hertweck. ""Plasticity of the malleobactin pathway and its impact on siderophore action in human pathogenic bacteria."" Chemistry–A European Journal 21.22 (2015): 8010-8014.","Franke, Jakob, Keishi Ishida, and Christian Hertweck. ""Plasticity of the malleobactin pathway and its impact on siderophore action in human pathogenic bacteria."" Chemistry–A European Journal 21.22 (2015): 8010-8014.",,,,,24,42,8,13,0,0.571428571,3,1.846153846,0,Ruolin He,2,2,9,-0.96,3.948355847
239,Malleobactin B,,1,1,0,0,0,0,1,0,0,0,0,0,0,0,0,4,Alpha-Hydroxycarboxylate/Hydroxamate,NRPS,NCCCCNC(=O)[C@H](CCCN(O)C=O)NC(=O)[C@H](CO)NC(=O)[C@H](NC(=O)[C@H](CCCNO)NC=O)[C@@H](O)C(=O)O,"Ser, OH-Asp, Put, Fo-OH-Orn, NFo-OH-Orn",5,1,0,C23H42N8O12,622.627026,Burkholderia mallei,1,0,0,0,0,0,0,1,0,0,0,0,0,0,0,0,Pseudomonadota,Orn derivatives,,Asp,,,,,,"Vial, Ludovic, et al. ""Burkholderia diversity and versatility: an inventory of the extracellular products."" Journal of microbiology and biotechnology 17.9 (2007): 1407-1429.; Franke, Jakob, et al. ""Nitro versus hydroxamate in siderophores of pathogenic bacteria: effect of missing hydroxylamine protection in malleobactin biosynthesis."" Angewandte Chemie International Edition 32.52 (2013): 8271-8275.","Franke, Jakob, et al. ""Nitro versus hydroxamate in siderophores of pathogenic bacteria: effect of missing hydroxylamine protection in malleobactin biosynthesis."" Angewandte Chemie International Edition 32.52 (2013): 8271-8275.",,,,,23,42,8,12,0,0.547619048,2.875,1.916666667,0,Ruolin He,2,2,8,-0.949,4.02007752
238,Malleobactin C,,1,1,0,0,0,0,1,0,0,0,0,0,0,0,0,4,Alpha-Hydroxycarboxylate/Hydroxamate,NRPS,NCCCCNC(=O)[C@H](CCCN(O)C=O)NC(=O)[C@H](CO)NC(=O)[C@H](NC(=O)[C@H](CCCN=O)NC=O)[C@@H](O)C(=O)O,"Put, Fo-OH-Orn, Ser, OH-Asp, X0",5,0.744186047,1,C23H40N8O12,620.611144,Burkholderia mallei,1,0,0,0,0,0,0,1,0,0,0,0,0,0,0,0,Pseudomonadota,Orn derivatives,,Asp,,,,,,"Vial, Ludovic, et al. ""Burkholderia diversity and versatility: an inventory of the extracellular products."" Journal of microbiology and biotechnology 17.9 (2007): 1407-1429.; Franke, Jakob, et al. ""Nitro versus hydroxamate in siderophores of pathogenic bacteria: effect of missing hydroxylamine protection in malleobactin biosynthesis."" Angewandte Chemie International Edition 32.52 (2013): 8271-8275.","Franke, Jakob, et al. ""Nitro versus hydroxamate in siderophores of pathogenic bacteria: effect of missing hydroxylamine protection in malleobactin biosynthesis."" Angewandte Chemie International Edition 32.52 (2013): 8271-8275.",,,,,23,40,8,12,0,0.575,2.875,1.916666667,0,Ruolin He,2,2,7,-1.066,4.025422762
241,Malleobactin F,,1,1,0,0,0,0,1,0,0,0,0,0,0,0,0,4,Alpha-Hydroxycarboxylate/Hydroxamate,NRPS,CC(C)C[C@H](NC(=O)[C@H](CO)NC(=O)[C@H](NC(=O)[C@H](CCCN(O)C=O)NC=O)[C@@H](O)C(=O)O)C(=O)NCCCCN,"OH-Asp, NFo-Fo-OH-Orn, Put, Leu, Ser",5,1,0,C24H43N7O11,605.639599,Burkholderia thailandensis,1,0,0,0,0,0,0,1,0,0,0,0,0,0,0,0,Pseudomonadota,Orn derivatives,,Asp,,,,,,"Franke, Jakob, Keishi Ishida, and Christian Hertweck. ""Plasticity of the malleobactin pathway and its impact on siderophore action in human pathogenic bacteria."" Chemistry–A European Journal 21.22 (2015): 8010-8014.","Franke, Jakob, Keishi Ishida, and Christian Hertweck. ""Plasticity of the malleobactin pathway and its impact on siderophore action in human pathogenic bacteria."" Chemistry–A European Journal 21.22 (2015): 8010-8014.",,,,,24,43,7,11,0,0.558139535,3.428571429,2.181818182,0,Ruolin He,2,2,10,-1.15,4.06593917
235,Crochelin A,,2,1,0,0,0,0,1,0,0,0,0,0,0,0,0,4,Alpha-Hydroxycarboxylate/Hydroxamate,NRPS,NCCCCNC(=O)C(CCCN(O)C=O)NC(=O)C(CCN)NC(=O)C(NC(=O)C(CO)NC(=O)CC(O)C(N)CO)C(O)C(=O)O,"Fo-OH-Orn, Dab, OH-Asp, Ser, Put, X0",6,0.8125,1,C26H49N9O13,695.720941,Azotobacter chroococcum NCIMB 8003; Azotobacter chroococcum B3,1,0,0,0,0,0,0,1,0,0,0,0,0,0,0,0,Pseudomonadota,Orn derivatives,,Asp,,,,,,"Baars, Oliver, et al. ""Crochelins: siderophores with an unprecedented iron‐chelating moiety from the nitrogen‐fixing bacterium Azotobacter chroococcum."" Angewandte Chemie 130.2 (2018): 545-550.; Zhang, Xinning, Oliver Baars, and François MM Morel. ""Genetic, structural, and functional diversity of low and high-affinity siderophores in strains of nitrogen fixing Azotobacter chroococcum."" Metallomics 11.1 (2019): 201-212.",,,,,,26,49,9,13,0,0.530612245,2.888888889,2,0,Ruolin He,2,2,4,-0.805,3.841993575
236,Malleobactin A,,2,1,0,0,0,0,1,0,0,0,0,0,0,0,0,4,Alpha-Hydroxycarboxylate/Hydroxamate,NRPS,NCCCCNC(=O)[C@H](CCCN(O)C=O)NC(=O)[C@H](CO)NC(=O)[C@H](NC(=O)[C@H](CCC[N+](=O)[O-])NC=O)[C@@H](O)C(=O)O,"Ser, OH-Asp, Fo-OH-Orn, X0, Put",5,0.727272727,1,C23H40N8O13,636.610549,Burkholderia mallei; Burkholderia pseudomallei,1,0,0,0,0,0,0,1,0,0,0,0,0,0,0,0,Pseudomonadota,Orn derivatives,,Asp,,,,,,"Vial, Ludovic, et al. ""Burkholderia diversity and versatility: an inventory of the extracellular products."" Journal of microbiology and biotechnology 17.9 (2007): 1407-1429.; Franke, Jakob, et al. ""Nitro versus hydroxamate in siderophores of pathogenic bacteria: effect of missing hydroxylamine protection in malleobactin biosynthesis."" Angewandte Chemie International Edition 32.52 (2013): 8271-8275.; Esmaeel, Qassim, et al. ""Nonribosomal peptides and polyketides of Burkholderia: new compounds potentially implicated in biocontrol and pharmaceuticals."" Environmental Science and Pollution Research 25 (2018): 29794-29807.","Franke, Jakob, et al. ""Nitro versus hydroxamate in siderophores of pathogenic bacteria: effect of missing hydroxylamine protection in malleobactin biosynthesis."" Angewandte Chemie International Edition 32.52 (2013): 8271-8275.",,,,,23,40,8,13,0,0.575,2.875,1.769230769,0,Ruolin He,2,2,5,-1.449,3.983689871
237,Malleobactin D,,1,2,0,0,0,0,2,0,0,0,0,0,0,0,0,8,Alpha-Hydroxycarboxylate/Hydroxamate,NRPS,NCCCCNC(=O)[C@H](CCCN(O)C=O)NC(=O)[C@H](CO)NC(=O)[C@H](NC(=O)[C@H](CCCN=[N+]([O-])CCC[C@H](NC=O)C(=O)N[C@@H](C(=O)N[C@@H](CO)C(=O)N[C@@H](CCCN(O)C=O)C(=O)NCCCCN)[C@@H](O)C(=O)O)NC=O)[C@@H](O)C(=O)O,"Fo-OH-Orn, Ser, Put, OH-Asp, Fo-OH-Orn, Ser, OH-Asp, Put, NFo-Orn, NFo-OH-Orn",10,1,0,C46H80N16O23,1225.222883,Burkholderia mallei,1,0,0,0,0,0,0,1,0,0,0,0,0,0,0,0,Pseudomonadota,Orn derivatives,,Asp,,,,,,"Vial, Ludovic, et al. ""Burkholderia diversity and versatility: an inventory of the extracellular products."" Journal of microbiology and biotechnology 17.9 (2007): 1407-1429.; Franke, Jakob, et al. ""Nitro versus hydroxamate in siderophores of pathogenic bacteria: effect of missing hydroxylamine protection in malleobactin biosynthesis."" Angewandte Chemie International Edition 32.52 (2013): 8271-8275.","Franke, Jakob, et al. ""Nitro versus hydroxamate in siderophores of pathogenic bacteria: effect of missing hydroxylamine protection in malleobactin biosynthesis."" Angewandte Chemie International Edition 32.52 (2013): 8271-8275.",,,,,46,80,16,23,0,0.575,2.875,2,0,Ruolin He,2,2,6,-1.614,3.064322356
232,Malleobactin H,,1,1,0,0,0,0,1,0,0,0,0,0,0,0,0,4,Alpha-Hydroxycarboxylate/Hydroxamate,NRPS,NCCCCNC(=O)[C@H](Cc1c[nH]c2ccccc12)NC(=O)[C@H](CO)NC(=O)[C@H](NC(=O)[C@H](CCCN(O)C=O)NC=O)[C@@H](O)C(=O)O,"Put, Trp, OH-Asp, NFo-Fo-OH-Orn, Ser",5,1,0,C29H42N8O11,678.692061,Burkholderia thailandensis,1,0,0,0,0,0,0,1,0,0,0,0,0,0,0,0,Pseudomonadota,Orn derivatives,,Asp,,,,,,"Franke, Jakob, Keishi Ishida, and Christian Hertweck. ""Plasticity of the malleobactin pathway and its impact on siderophore action in human pathogenic bacteria."" Chemistry–A European Journal 21.22 (2015): 8010-8014.","Franke, Jakob, Keishi Ishida, and Christian Hertweck. ""Plasticity of the malleobactin pathway and its impact on siderophore action in human pathogenic bacteria."" Chemistry–A European Journal 21.22 (2015): 8010-8014.",,,,,29,42,8,11,0,0.69047619,3.625,2.636363636,0,Ruolin He,2,2,1,-1.751,3.880943395
233,Malleobactin G,,1,1,0,0,0,0,1,0,0,0,0,0,0,0,0,4,Alpha-Hydroxycarboxylate/Hydroxamate,NRPS,NCCCCNC(=O)[C@H](CCCN(O)C=O)NC(=O)[C@H](CO)NC(=O)[C@H](NC(=O)[C@@H](N)Cc1ccccc1)[C@@H](O)C(=O)O,"Fo-OH-Orn, Ser, OH-Asp, Phe, Put",5,1,0,C26H41N7O10,611.645792,Burkholderia thailandensis,1,0,0,0,0,0,0,1,0,0,0,0,0,0,0,0,Pseudomonadota,Orn derivatives,,Asp,,,,,,"Franke, Jakob, Keishi Ishida, and Christian Hertweck. ""Plasticity of the malleobactin pathway and its impact on siderophore action in human pathogenic bacteria."" Chemistry–A European Journal 21.22 (2015): 8010-8014.","Franke, Jakob, Keishi Ishida, and Christian Hertweck. ""Plasticity of the malleobactin pathway and its impact on siderophore action in human pathogenic bacteria."" Chemistry–A European Journal 21.22 (2015): 8010-8014.",,,,,26,41,7,10,0,0.634146341,3.714285714,2.6,0,Ruolin He,2,2,2,-1.372,4.049509176
562,Albomycin Delta1,Albomycin δ1; alveomycin; antibiotics A 1787; LA 5352 and LA 5937; and Ro 5-2667,1,3,0,0,0,0,0,0,0,0,0,0,0,0,0,6,Hydroxamate,Hybrid NRPS/NIS,CC(=O)N(O)CCC[C@H](NC(=O)[C@H](CCCN(O)C(C)=O)NC(=O)[C@@H](N)CCCN(O)C(C)=O)C(=O)N[C@@H](CO)C(=O)N[C@@H](C(=O)O)[C@H](O)[C@H]1S[C@@H](n2ccc(=O)n(C)c2=O)[C@H](O)[C@H]1O,"Ac-OH-Orn, Ac-OH-Orn, Ac-OH-Orn, X0, Ser, 3-MeUra",6,0.784615385,1,C36H58N10O18S,950.968338,Streptomyces sp. WS116,1,0,0,0,1,0,0,0,0,0,0,0,0,0,0,0,Actinomycetota,Orn derivatives,,,,,,,,"Benz, Günter, et al. ""Konstitution der Desferriform der Albomycine δ1, δ2, ε."" Angewandte Chemie International Edition in English 21.S7 (1982): 1322-1335.",[Biosynthesis and Chemical Synthesis of Albomycin Nucleoside Antibiotics 2022](https://www.mdpi.com/2079-6382/11/4/438); [Biosynthesis of Albomycin δ2 Provides a Template for Assembling Siderophore and Aminoacyl-tRNA Synthetase Inhibitor Conjugates | ACS Chemical Biology 2012](https://pubs.acs.org/doi/10.1021/cb300173x),,,,,36,58,10,18,1,0.620689655,3.6,2,36,Shaohua Gu; Ruolin He,2,22,3,-1.806,3.387639859
561,Albomycin Epsilon,Albomycin ε; alveomycin; antibiotics A 1787; LA 5352 and LA 5937; and Ro 5-2667,1,3,0,0,0,0,0,0,0,0,0,0,0,0,0,6,Hydroxamate,Hybrid NRPS/NIS,CC(=O)N(O)CCC[C@H](NC(=O)[C@H](CCCN(O)C(C)=O)NC(=O)[C@@H](N)CCCN(O)C(C)=O)C(=O)N[C@@H](CO)C(=O)N[C@@H](C(=O)O)[C@H](O)[C@H]1S[C@@H](n2ccc(=N)n(C)c2=O)[C@H](O)[C@H]1O,"Ac-OH-Orn, Ac-OH-Orn, Ser, X0, 3Me-Cyt, Ac-OH-Orn",6,0.784615385,1,C36H59N11O17S,949.983577,Streptomyces sp. WS116,1,0,0,0,1,0,0,0,0,0,0,0,0,0,0,0,Actinomycetota,Orn derivatives,,,,,,,,"Benz, Günter, et al. ""Konstitution der Desferriform der Albomycine δ1, δ2, ε."" Angewandte Chemie International Edition in English 21.S7 (1982): 1322-1335.",[Biosynthesis and Chemical Synthesis of Albomycin Nucleoside Antibiotics 2022](https://www.mdpi.com/2079-6382/11/4/438); [Biosynthesis of Albomycin δ2 Provides a Template for Assembling Siderophore and Aminoacyl-tRNA Synthetase Inhibitor Conjugates | ACS Chemical Biology 2012](https://pubs.acs.org/doi/10.1021/cb300173x),,,,,36,59,11,17,1,0.610169492,3.272727273,2.117647059,36,Shaohua Gu; Ruolin He,2,22,2,-1.805,3.389039986
560,Albomycin Delta2,Albomycin δ2; alveomycin; antibiotics A 1787; LA 5352 and LA 5937; and Ro 5-2667,2,3,0,0,0,0,0,0,0,0,0,0,0,0,0,6,Hydroxamate,Hybrid NRPS/NIS,CC(=O)N(O)CCC[C@H](NC(=O)[C@H](CCCN(O)C(C)=O)NC(=O)[C@@H](N)CCCN(O)C(C)=O)C(=O)N[C@@H](CO)C(=O)N[C@@H](C(=O)O)[C@H](O)[C@H]1S[C@@H](n2ccc(=NC(N)=O)n(C)c2=O)[C@H](O)[C@H]1O,"Ser, Ac-OH-Orn, Ac-OH-Orn, X0, X1, Ac-OH-Orn",6,0.617647059,2,C37H60N12O18S,993.008366,Streptomyces sp. WS116; Streptomyces sp. ATCC 700974,1,0,0,0,1,0,0,0,0,0,0,0,0,0,0,0,Actinomycetota,Orn derivatives,,,,,,,,"Benz, Günter, et al. ""Konstitution der Desferriform der Albomycine δ1, δ2, ε."" Angewandte Chemie International Edition in English 21.S7 (1982): 1322-1335.; Zeng, Yu, et al. ""Biosynthesis of albomycin δ2 provides a template for assembling siderophore and aminoacyl-tRNA synthetase inhibitor conjugates."" ACS chemical biology 7.9 (2012): 1565-1575.",[Biosynthesis and Chemical Synthesis of Albomycin Nucleoside Antibiotics 2022](https://www.mdpi.com/2079-6382/11/4/438); [Biosynthesis of Albomycin δ2 Provides a Template for Assembling Siderophore and Aminoacyl-tRNA Synthetase Inhibitor Conjugates | ACS Chemical Biology 2012](https://pubs.acs.org/doi/10.1021/cb300173x),,,,,37,60,12,18,1,0.616666667,3.083333333,2.055555556,37,Shaohua Gu; Ruolin He,2,22,1,-1.881,3.329771249
557,Ornicorrugatin,,1,0,0,0,0,0,2,0,0,0,1,0,0,0,0,6,Alpha-Hydroxycarboxylate/Alpha-Hydroxyimidazole,NRPS,CCCCCCCC(=O)NC(C1=NCCC(C(=O)NC(CCCN)C(=O)NC(CO)C(=O)NC(CO)C(=O)NC(C2=NCCC(C(=O)NC(C(=O)O)C(O)C(=O)O)N2)C(O)C(=O)O)N1)C(O)c1c[nH]cn1,"OH-Asp, Ser, Dab, OH-His, OH-Asp, Dab, Orn, C8:0, Ser",9,1,0,C41H65N13O17,1012.033529,Pseudomonas fluorescens,1,0,0,0,0,0,0,1,0,0,0,0,0,0,0,0,Pseudomonadota,,,Asp,,,His,,,"Matthijs, Sandra, et al. ""Ornicorrugatin, a new siderophore from Pseudomonas fluorescens AF76."" Zeitschrift Für Naturforschung C 63.1-2 (2008): 8-12.; Cornelis, Pierre. ""Iron uptake and metabolism in pseudomonads."" Applied microbiology and biotechnology 86 (2010): 1637-1645.","Van Der Voort, Menno, et al. ""Genome mining and metabolic profiling of the rhizosphere bacterium Pseudomonas sp. SH-C52 for antimicrobial compounds."" Frontiers in Microbiology 6 (2015): 693.",,,,,41,65,13,17,0,0.630769231,3.153846154,2.411764706,0,Shaohua Gu; Ruolin He,2,21,1,-1.899,3.304743112
558,Corrugatin,,1,0,0,0,0,0,2,0,0,0,1,0,0,0,0,6,Alpha-Hydroxycarboxylate/Alpha-Hydroxyimidazole,Putative NRPS,CCCCCCCC(=O)NC(C1=NCCC(C(=O)NC(CCN)C(=O)NC(CO)C(=O)NC(CO)C(=O)NC(C2=NCCC(C(=O)NC(C(=O)O)C(O)C(=O)O)N2)C(O)C(=O)O)N1)C(O)c1c[nH]cn1,"Dab, OH-Asp, Ser, Ser, OH-Asp, Dab, OH-His, Dab, C8:0",9,1,0,C40H63N13O17,998.006907,Pseudomonas corrugata,1,0,0,0,0,0,0,1,0,0,0,0,0,0,0,0,Pseudomonadota,,,Asp,,,His,,,"Risse, D., et al. ""Corrugatin, a lipopeptide siderophore from Pseudomonas corrugata."" Zeitschrift für Naturforschung C 53.5-6 (1998): 295-304.; Cornelis, Pierre, and Sandra Matthijs. ""Diversity of siderophore‐mediated iron uptake systems in fluorescent pseudomonads: not only pyoverdines."" Environmental Microbiology 4.12 (2002): 787-798.; Cornelis, Pierre. ""Iron uptake and metabolism in pseudomonads."" Applied microbiology and biotechnology 86 (2010): 1637-1645.",,,,,,40,63,13,17,0,0.634920635,3.076923077,2.352941176,0,Shaohua Gu; Ruolin He,2,21,2,-1.843,3.323128246
559,Histicorrugatin,,1,0,0,0,0,0,1,0,0,0,2,0,0,0,0,6,Alpha-Hydroxycarboxylate/Alpha-Hydroxyimidazole,NRPS,CCCCCCCC(=O)NC(C1=NCC[C@@H](C(=O)N[C@@H](CCCN)C(=O)N[C@@H](CO)C(=O)N[C@H](CO)C(=O)N[C@H](C2=NCC[C@@H](C(=O)NC(C(=O)O)C(O)c3c[nH]cn3)N2)C(O)C(=O)O)N1)C(O)c1cnc[nH]1,"Dab, OH-His, Dab, OH-Asp, Orn, OH-His, C8:0, Ser, Ser",9,1,0,C43H67N15O15,1034.085487,Pseudomonas thivervalensis LMG 21626,1,0,0,0,0,0,0,1,0,0,0,0,0,0,0,0,Pseudomonadota,,,Asp,,,His,,,"Matthijs, Sandra, et al. ""Pyoverdine and histicorrugatin-mediated iron acquisition in Pseudomonas thivervalensis."" Biometals 29 (2016): 467-485.; Reitz, Zachary L., et al. ""Genomic analysis of siderophore β-hydroxylases reveals divergent stereocontrol and expands the condensation domain family."" Proceedings of the National Academy of Sciences 116.40 (2019): 19805-19814.",,,,,,43,67,15,15,0,0.641791045,2.866666667,2.866666667,0,Ruolin He,2,21,3,-2.068,3.276577192
769,Cyanochelin 1045,,1,0,0,0,0,0,2,0,0,0,0,0,0,0,0,4,Alpha-Hydroxycarboxylate,Hybrid NRPS/PKS,CCCCCCCCCCCCCC(C)CC(=O)C(C)C(=O)CC1NC(C)(C(=O)NCC(=O)NC(C)C(=O)NC(C(=O)NC(C)C(=O)NC(C(=O)NC(CO)CCC(N)=O)C(O)C(=O)O)C(O)C(=O)O)CS1,"4NH2-5OH-Pena, OH-Asp, Ala, Gly, aMe-Cys, C10:0-Me(4.7)-oxo(3.5), OH-Asp, Ala",8,1,0,C47H80N8O16S,1045.248964,Rubidibacter lacunae KORDI 51-2,1,0,0,0,0,1,0,0,0,0,0,0,0,0,0,0,Cyanobacteriota,,,Asp,,,,,,"Galica, Tomáš, et al. ""Cyanochelins, an overlooked class of widely distributed cyanobacterial siderophores, discovered by silent gene cluster awakening."" Applied and Environmental Microbiology 87.17 (2021): e03128-20.","Galica, Tomáš, et al. ""Cyanochelins, an overlooked class of widely distributed cyanobacterial siderophores, discovered by silent gene cluster awakening."" Applied and Environmental Microbiology 87.17 (2021): e03128-20.",,,,,47,80,8,16,1,0.5875,5.875,2.9375,47,Ruolin He,2,25,1,-3.273,3.262649772
771,Cyanochelin B,Cyanochelin 1026,5,0,0,0,0,0,2,0,0,0,0,0,0,0,0,4,Alpha-Hydroxycarboxylate,Hybrid NRPS/PKS,CCCCCCCCCCCCCCC[C@H](O)[C@@](C)(O)C1=N[C@](C)(C(=O)N[C@@H](Cc2ccccc2)C(=O)NCC(=O)N[C@H](C(=O)N[C@H](CO)C(=O)N[C@@H](C(=O)NCCO)[C@@H](O)C(=O)O)[C@H](O)C(=O)O)CS1,"OH-Asp, Ser, OH-Asp, Gly, aMe-Cys, X0, Phe, Eta",8,0.704225352,1,C47H75N7O16S,1026.202556,Leptolyngbya sp. NIES-3755; Phormidesmis sp. SID-146-36; Phormidesmis sp. SID-146-35; Phormidesmis sp. SID-146-12; Phormidesmis sp. SID-146-33,1,0,0,0,0,1,0,0,0,0,0,0,0,0,0,0,Cyanobacteriota,,,Asp,,,,,,"Galica, Tomáš, et al. ""Cyanochelins, an overlooked class of widely distributed cyanobacterial siderophores, discovered by silent gene cluster awakening."" Applied and Environmental Microbiology 87.17 (2021): e03128-20.; Falcao, Berness Peter, et al. ""Cyanochelin B: A siderophore produced by cyanobacterium Leptolyngbya sp. NIES-3755 with photolytic properties that negate iron monopolization in the UV-light."" bioRxiv (2025): 2025-01.","Falcao, Berness Peter, et al. ""Cyanochelin B: A siderophore produced by cyanobacterium Leptolyngbya sp. NIES-3755 with photolytic properties that negate iron monopolization in the UV-light."" bioRxiv (2025): 2025-01.",,,,,47,75,7,16,1,0.626666667,6.714285714,2.9375,47,Ruolin He,2,26,1,-2.85,3.286544402
743,Azotobactin,,1,0,1,0,0,0,1,0,0,0,0,0,0,0,0,4,Alpha-Hydroxycarboxylate/Catecholate,NRPS,NC(=O)NCCC[C@H](NC(=O)[C@H](CCO)NC(=O)[C@H](CO)NC(=O)[C@H](CCO)NC(=O)[C@H](CC(=O)O)NC(=O)C1CCn2c(=O)[nH]c3cc4cc(O)c(=O)cc-4n1c32)C(=O)N[C@@H](CO)C(=O)NCC(=O)N[C@H](C(=O)O)C(O)C(=O)O,"Dab, X0, Ser, Hse, Asp, Gly, Ser, OH-Asp, Cit, Hse",10,0.825,1,C44H59N13O23,1138.014533,Azotobacter vinelandii,1,0,0,0,0,0,0,1,0,0,0,0,0,0,0,0,Pseudomonadota,,ChrA,Asp,,,,,,"Knosp, O., M. Von Tigerstrom, and W. J. Page. ""Siderophore-mediated uptake of iron in Azotobacter vinelandii."" Journal of bacteriology 159.1 (1984): 341-347.; Dell’Anno, Filippo, et al. ""Novel insights on pyoverdine: from biosynthesis to biotechnological application."" International Journal of Molecular Sciences 23.19 (2022): 11507.","Baars, Oliver, et al. ""The siderophore metabolome of Azotobacter vinelandii."" Applied and Environmental Microbiology 82.1 (2016): 27-39.",,,,,44,59,13,23,0,0.745762712,3.384615385,1.913043478,0,Yanzhao Wu; Jiqi Shao; Ruolin He,4,9,1,-2.251,3.154728537
807,Ferribactin S3a20,,1,1,0,1,1,0,0,0,0,0,0,0,0,0,0,4,Carboxylate/Hydroxamate/Phenolate,NRPS,CC(NC(=O)C(NC(=O)C(C)NC(=O)C(NC(=O)C(N)CCCCNC(=O)C1CCN=C(/C(=C\c2ccc(O)cc2)NC(=O)CCC(N)C(=O)O)N1)C(O)C(=O)O)C(C)O)C(=O)NC1CCCN(O)C1=O,"Ala, OH-Asp, aThr/Thr, 2dh-Tyr, Glu, Dab, Ala, OH-cOrn, Lys",9,1,0,C43H64N12O16,1005.04096,Pseudomonas environmental isolate S3a20,1,0,0,0,0,0,0,1,0,0,0,0,0,0,0,0,Pseudomonadota,Orn derivatives,,,,,,,,"Rehm, Karoline, et al. ""A comprehensive method to elucidate pyoverdines produced by fluorescent Pseudomonas spp. by UHPLC-HR-MS/MS."" Analytical and Bioanalytical Chemistry 414.8 (2022): 2671-2685.",,,,,,43,64,12,16,0,0.671875,3.583333333,2.6875,0,Ruolin He,4,8,1,-2.55,3.31386176
539,Halochelin C,,1,1,0,0,0,0,1,0,0,0,0,0,0,0,0,4,Alpha-Hydroxycarboxylate/Hydroxamate,NRPS,CCCCCCCCCC(O)CC(=O)NC(Cc1ccccc1)C(=O)NC(C(=O)NC(CS)C(=O)NC(CCCNC(=N)N)C(=O)NC(CCC(N)=O)C(=O)NC(C(=O)NC1CCCN(O)C1=O)C(O)C(=O)O)C(C)O,"Cys, aThr/Thr, Phe, C12:0-OH(3), OH-Asp, Gln, Arg, OH-cOrn",8,1,0,C48H78N12O15S,1095.271229,Halomonas sp. SL01,1,0,0,0,0,0,0,1,0,0,0,0,0,0,0,0,Pseudomonadota,Orn derivatives,,Asp,,,,,,"Figueroa, Luis O’mar Serrano, Benjamin Schwarz, and Abigail M. Richards. ""Structural characterization of amphiphilic siderophores produced by a soda lake isolate, Halomonas sp. SL01, reveals cysteine-, phenylalanine-and proline-containing head groups."" Extremophiles 19 (2015): 1183-1192.",,,,,,48,78,12,15,1,0.615384615,4,3.2,48,Ruolin He,2,18,15,-2.861,3.202802848
538,Halochelin E,,1,1,0,0,0,0,1,0,0,0,0,0,0,0,0,4,Alpha-Hydroxycarboxylate/Hydroxamate,NRPS,CCCCCCCCCCCC(=O)NC(Cc1ccccc1)C(=O)NC(C(=O)NC(CS)C(=O)NC(CCCNC(=N)N)C(=O)NC(CCC(N)=O)C(=O)NC(C(=O)NC1CCCN(O)C1=O)C(O)C(=O)O)C(C)O,"aThr/Thr, Phe, Cys, C12:0, Arg, Gln, OH-cOrn, OH-Asp",8,1,0,C48H78N12O14S,1079.271824,Halomonas sp. SL01,1,0,0,0,0,0,0,1,0,0,0,0,0,0,0,0,Pseudomonadota,Orn derivatives,,Asp,,,,,,"Figueroa, Luis O’mar Serrano, Benjamin Schwarz, and Abigail M. Richards. ""Structural characterization of amphiphilic siderophores produced by a soda lake isolate, Halomonas sp. SL01, reveals cysteine-, phenylalanine-and proline-containing head groups."" Extremophiles 19 (2015): 1183-1192.",,,,,,48,78,12,14,1,0.615384615,4,3.428571429,48,Ruolin He,2,18,14,-3.168,3.221505087
537,Halochelin B,,1,1,0,0,0,0,1,0,0,0,0,0,0,0,0,4,Alpha-Hydroxycarboxylate/Hydroxamate,NRPS,CCCCCCCCCC(=O)NC(Cc1ccccc1)C(=O)NC(C(=O)NC(CS)C(=O)NC(CCCNC(=N)N)C(=O)NC(CCC(N)=O)C(=O)NC(C(=O)NC1CCCN(O)C1=O)C(O)C(=O)O)C(C)O,"Cys, aThr/Thr, OH-Asp, Gln, Arg, Phe, C10:0, OH-cOrn",8,1,0,C46H74N12O14S,1051.21858,Halomonas sp. SL01,1,0,0,0,0,0,0,1,0,0,0,0,0,0,0,0,Pseudomonadota,Orn derivatives,,Asp,,,,,,"Figueroa, Luis O’mar Serrano, Benjamin Schwarz, and Abigail M. Richards. ""Structural characterization of amphiphilic siderophores produced by a soda lake isolate, Halomonas sp. SL01, reveals cysteine-, phenylalanine-and proline-containing head groups."" Extremophiles 19 (2015): 1183-1192.",,,,,,46,74,12,14,1,0.621621622,3.833333333,3.285714286,46,Ruolin He,2,18,13,-3.006,3.25529067
540,Halochelin F,,1,1,0,0,0,0,1,0,0,0,0,0,0,0,0,4,Alpha-Hydroxycarboxylate/Hydroxamate,NRPS,CCCCCCCCCCCC(O)CC(=O)N1CCCC1C(=O)NC(CCCNC(=N)N)C(=O)NC(CO)C(=O)NC(C(=O)NC(C(=O)NC(CO)C(=O)NC1CCCN(O)C1=O)C(C)O)C(O)C(=O)O,"OH-Asp, Ser, Ser, aThr/Thr, Arg, OH-cOrn, Pro, C14:0-OH(3)",8,1,0,C44H77N11O16,1016.14823,Halomonas sp. SL01,1,0,0,0,0,0,0,1,0,0,0,0,0,0,0,0,Pseudomonadota,Orn derivatives,,Asp,,,,,,"Figueroa, Luis O’mar Serrano, Benjamin Schwarz, and Abigail M. Richards. ""Structural characterization of amphiphilic siderophores produced by a soda lake isolate, Halomonas sp. SL01, reveals cysteine-, phenylalanine-and proline-containing head groups."" Extremophiles 19 (2015): 1183-1192.",,,,,,44,77,11,16,0,0.571428571,4,2.75,0,Ruolin He,2,18,16,-2.423,3.299420124
541,Halochelin D,,1,1,0,0,0,0,1,0,0,0,0,0,0,0,0,4,Alpha-Hydroxycarboxylate/Hydroxamate,NRPS,CCCCCCCCCC(O)CC(=O)N1CCCC1C(=O)NC(CCCNC(=N)N)C(=O)NC(CO)C(=O)NC(C(=O)NC(C(=O)NC(CO)C(=O)NC1CCCN(O)C1=O)C(C)O)C(O)C(=O)O,"OH-cOrn, Ser, aThr/Thr, OH-Asp, Ser, Arg, Pro, C12:0-OH(3)",8,1,0,C42H73N11O16,988.094986,Halomonas sp. SL01,1,0,0,0,0,0,0,1,0,0,0,0,0,0,0,0,Pseudomonadota,Orn derivatives,,Asp,,,,,,"Figueroa, Luis O’mar Serrano, Benjamin Schwarz, and Abigail M. Richards. ""Structural characterization of amphiphilic siderophores produced by a soda lake isolate, Halomonas sp. SL01, reveals cysteine-, phenylalanine-and proline-containing head groups."" Extremophiles 19 (2015): 1183-1192.",,,,,,42,73,11,16,0,0.575342466,3.818181818,2.625,0,Ruolin He,2,18,17,-2.221,3.336348744
845,Potashchelin A,,1,1,0,0,0,0,2,0,0,0,0,0,0,0,0,6,Alpha-Hydroxycarboxylate/Hydroxamate,NRPS,CCCCCCCCCC(O)CC(=O)N[C@H](C(=O)N[C@H](CO)C(=O)NCC(=O)N[C@H](CO)C(=O)N[C@@H](CO)C(=O)N[C@H](C(=O)N[C@@H](C(=O)N[C@@H](CO)C(=O)N[C@H]1CCCN(O)C1=O)[C@@H](C)O)[C@@H](O)C(=O)O)[C@H](O)C(=O)O,"Ser, aThr/Thr, Ser, Ser, OH-Asp, C12:0-OH(3), OH-Asp, Ser, OH-cOrn, Gly",10,1,0,C43H72N10O23,1097.086917,Halomonas sp. MG34,1,0,0,0,0,0,0,1,0,0,0,0,0,0,0,0,Pseudomonadota,Orn derivatives,,Asp,,,,,,"Li, Yihong, et al. ""Potashchelins, a suite of lipid siderophores bearing both l-threo and l-erythro beta-hydroxyaspartic acids, acquired from the potash-salt-ore-derived extremophile halomonas sp. mg34."" Frontiers in chemistry 8 (2020): 197.","Li, Yihong, et al. ""Potashchelins, a suite of lipid siderophores bearing both l-threo and l-erythro beta-hydroxyaspartic acids, acquired from the potash-salt-ore-derived extremophile halomonas sp. mg34."" Frontiers in chemistry 8 (2020): 197.",,,,,43,72,10,23,0,0.597222222,4.3,1.869565217,0,Yanzhao Wu; Jiqi Shao; Ruolin He,2,18,21,-1.618,3.200705525
846,Potashchelin B,,1,1,0,0,0,0,2,0,0,0,0,0,0,0,0,6,Alpha-Hydroxycarboxylate/Hydroxamate,NRPS,CCCCCC/C=C\CCCC(=O)N[C@H](C(=O)N[C@H](CO)C(=O)NCC(=O)N[C@H](CO)C(=O)N[C@@H](CO)C(=O)N[C@H](C(=O)N[C@@H](C(=O)N[C@@H](CO)C(=O)N[C@H]1CCCN(O)C1=O)[C@@H](C)O)[C@@H](O)C(=O)O)[C@H](O)C(=O)O,"OH-Asp, Ser, OH-Asp, C12:1(5), aThr/Thr, Ser, Ser, Gly, Ser, OH-cOrn",10,1,0,C43H70N10O22,1079.07163,Halomonas sp. MG34,1,0,0,0,0,0,0,1,0,0,0,0,0,0,0,0,Pseudomonadota,Orn derivatives,,Asp,,,,,,"Li, Yihong, et al. ""Potashchelins, a suite of lipid siderophores bearing both l-threo and l-erythro beta-hydroxyaspartic acids, acquired from the potash-salt-ore-derived extremophile halomonas sp. mg34."" Frontiers in chemistry 8 (2020): 197.","Li, Yihong, et al. ""Potashchelins, a suite of lipid siderophores bearing both l-threo and l-erythro beta-hydroxyaspartic acids, acquired from the potash-salt-ore-derived extremophile halomonas sp. mg34."" Frontiers in chemistry 8 (2020): 197.",,,,,43,70,10,22,0,0.614285714,4.3,1.954545455,0,Yanzhao Wu; Jiqi Shao; Ruolin He,2,18,22,-1.781,3.221741652
848,Potashchelin D,,1,1,0,0,0,0,2,0,0,0,0,0,0,0,0,6,Alpha-Hydroxycarboxylate/Hydroxamate,NRPS,CCCCCC/C=C\CCCCCC(=O)N[C@H](C(=O)N[C@H](CO)C(=O)NCC(=O)N[C@H](CO)C(=O)N[C@@H](CO)C(=O)N[C@H](C(=O)N[C@@H](C(=O)N[C@@H](CO)C(=O)N[C@H]1CCCN(O)C1=O)[C@@H](C)O)[C@@H](O)C(=O)O)[C@H](O)C(=O)O,"Ser, Ser, aThr/Thr, OH-Asp, Gly, Ser, OH-Asp, C14:1(7), OH-cOrn, Ser",10,1,0,C45H74N10O22,1107.124874,Halomonas sp. MG34,1,0,0,0,0,0,0,1,0,0,0,0,0,0,0,0,Pseudomonadota,Orn derivatives,,Asp,,,,,,"Li, Yihong, et al. ""Potashchelins, a suite of lipid siderophores bearing both l-threo and l-erythro beta-hydroxyaspartic acids, acquired from the potash-salt-ore-derived extremophile halomonas sp. mg34."" Frontiers in chemistry 8 (2020): 197.","Li, Yihong, et al. ""Potashchelins, a suite of lipid siderophores bearing both l-threo and l-erythro beta-hydroxyaspartic acids, acquired from the potash-salt-ore-derived extremophile halomonas sp. mg34."" Frontiers in chemistry 8 (2020): 197.",,,,,45,74,10,22,0,0.608108108,4.5,2.045454545,0,Yanzhao Wu; Jiqi Shao; Ruolin He,2,18,23,-1.924,3.189200949
847,Potashchelin C,,1,1,0,0,0,0,2,0,0,0,0,0,0,0,0,6,Alpha-Hydroxycarboxylate/Hydroxamate,NRPS,CCCCCCCCCCCC(=O)N[C@H](C(=O)N[C@H](CO)C(=O)NCC(=O)N[C@H](CO)C(=O)N[C@@H](CO)C(=O)N[C@H](C(=O)N[C@@H](C(=O)N[C@@H](CO)C(=O)N[C@H]1CCCN(O)C1=O)[C@@H](C)O)[C@@H](O)C(=O)O)[C@H](O)C(=O)O,"Ser, Ser, aThr/Thr, OH-Asp, OH-Asp, C12:0, Gly, OH-cOrn, Ser, Ser",10,1,0,C43H72N10O22,1081.087512,Halomonas sp. MG34,1,0,0,0,0,0,0,1,0,0,0,0,0,0,0,0,Pseudomonadota,Orn derivatives,,Asp,,,,,,"Li, Yihong, et al. ""Potashchelins, a suite of lipid siderophores bearing both l-threo and l-erythro beta-hydroxyaspartic acids, acquired from the potash-salt-ore-derived extremophile halomonas sp. mg34."" Frontiers in chemistry 8 (2020): 197.","Li, Yihong, et al. ""Potashchelins, a suite of lipid siderophores bearing both l-threo and l-erythro beta-hydroxyaspartic acids, acquired from the potash-salt-ore-derived extremophile halomonas sp. mg34."" Frontiers in chemistry 8 (2020): 197.",,,,,43,72,10,22,0,0.597222222,4.3,1.954545455,0,Yanzhao Wu; Jiqi Shao; Ruolin He,2,18,24,-1.79,3.219362445
534,Serobactin B,,1,1,0,0,0,0,2,0,0,0,0,0,0,0,0,6,Alpha-Hydroxycarboxylate/Hydroxamate,NRPS,CCCCCCCCCCCC(=O)NC(C(=O)N[C@@H](CO)C(=O)NC(C(=O)N[C@@H](C(=O)N[C@@H](CO)C(=O)N[C@H]1CCCN(O)C1=O)[C@H](C)O)C(O)C(=O)O)C(O)C(=O)O,"Ser, aThr/Thr, OH-cOrn, OH-Asp, OH-Asp, C12:0, Ser",7,1,0,C35H59N7O17,849.881225,Herbaspirillum seropedicae Z67,1,0,0,0,0,0,0,1,0,0,0,0,0,0,0,0,Pseudomonadota,Orn derivatives,,Asp,,,,,,"Rosconi, Federico, et al. ""Identification and structural characterization of serobactins, a suite of lipopeptide siderophores produced by the grass endophyte H erbaspirillum seropedicae."" Environmental microbiology 15.3 (2013): 916-927.","Rosconi, Federico, et al. ""Identification and structural characterization of serobactins, a suite of lipopeptide siderophores produced by the grass endophyte H erbaspirillum seropedicae."" Environmental microbiology 15.3 (2013): 916-927.",,,,,35,59,7,17,0,0.593220339,5,2.058823529,0,Ruolin He,2,18,10,-1.94,3.543476592
535,Serobactin C,,1,1,0,0,0,0,2,0,0,0,0,0,0,0,0,6,Alpha-Hydroxycarboxylate/Hydroxamate,NRPS,CCCCCCCCCCCCCC(=O)NC(C(=O)N[C@@H](CO)C(=O)NC(C(=O)N[C@@H](C(=O)N[C@@H](CO)C(=O)N[C@H]1CCCN(O)C1=O)[C@H](C)O)C(O)C(=O)O)C(O)C(=O)O,"aThr/Thr, OH-Asp, Ser, OH-cOrn, Ser, OH-Asp, C14:0",7,1,0,C37H63N7O17,877.934469,Herbaspirillum seropedicae Z67,1,0,0,0,0,0,0,1,0,0,0,0,0,0,0,0,Pseudomonadota,Orn derivatives,,Asp,,,,,,"Rosconi, Federico, et al. ""Identification and structural characterization of serobactins, a suite of lipopeptide siderophores produced by the grass endophyte H erbaspirillum seropedicae."" Environmental microbiology 15.3 (2013): 916-927.","Rosconi, Federico, et al. ""Identification and structural characterization of serobactins, a suite of lipopeptide siderophores produced by the grass endophyte H erbaspirillum seropedicae."" Environmental microbiology 15.3 (2013): 916-927.",,,,,37,63,7,17,0,0.587301587,5.285714286,2.176470588,0,Ruolin He,2,18,11,-2.151,3.497611167
536,Serobactin A,,1,1,0,0,0,0,2,0,0,0,0,0,0,0,0,6,Alpha-Hydroxycarboxylate/Hydroxamate,NRPS,CCCCCCCCCC(=O)N[C@@H](C(=O)N[C@@H](CO)C(=O)N[C@H](C(=O)N[C@@H](C(=O)N[C@@H](CO)C(=O)N[C@H]1CCCN(O)C1=O)[C@@H](C)O)[C@H](O)C(=O)O)[C@@H](O)C(=O)O,"OH-Asp, C10:0, Ser, OH-cOrn, Ser, aThr/Thr, OH-Asp",7,1,0,C33H55N7O17,821.827981,Herbaspirillum seropedicae Z67,1,0,0,0,0,0,0,1,0,0,0,0,0,0,0,0,Pseudomonadota,Orn derivatives,,Asp,,,,,,"Rosconi F, Davyt D, Martínez V, et al.Ehlert, G., K. Taraz, and H. Budzikiewicz. ""Serratiochelin, a new catecholate siderophore from Serratia marcescens."" Zeitschrift Für Naturforschung C 49.1-2 (1994): 11-17.[J]. Environmental microbiology, 2013, 15(3): 916-927.","Rosconi, Federico, et al. ""Identification and structural characterization of serobactins, a suite of lipopeptide siderophores produced by the grass endophyte H erbaspirillum seropedicae."" Environmental microbiology 15.3 (2013): 916-927.",,,,,33,55,7,17,0,0.6,4.714285714,1.941176471,0,Ruolin He,2,18,12,-1.749,3.591613003
533,Taiwachelin,,1,2,0,0,0,0,1,0,0,0,0,0,0,0,0,6,Alpha-Hydroxycarboxylate/Hydroxamate,NRPS,CCCCCCCCCCCC(=O)NC(C(=O)NC(C(=O)NC(CC(=O)O)C(=O)NC(CCCN(O)C(=O)CC(C)O)C(=O)NC(CO)C(=O)NC1CCCN(O)C1=O)C(C)O)C(O)C(=O)O,"OH-Orn, C4:0-OH(3), Asp, OH-cOrn, Ser, aThr/Thr, OH-Asp, C12:0",8,1,0,C41H70N8O18,963.039124,Cupriavidus taiwanensis,1,0,0,0,0,0,0,1,0,0,0,0,0,0,0,0,Pseudomonadota,Orn derivatives,,Asp,,,,,,"Kreutzer, Martin F., and Markus Nett. ""Genomics-driven discovery of taiwachelin, a lipopeptide siderophore from Cupriavidus taiwanensis."" Organic & biomolecular chemistry 10.47 (2012): 9338-9343.","Kreutzer, Martin F., and Markus Nett. ""Genomics-driven discovery of taiwachelin, a lipopeptide siderophore from Cupriavidus taiwanensis."" Organic & biomolecular chemistry 10.47 (2012): 9338-9343.",,,,,41,70,8,18,0,0.585714286,5.125,2.277777778,0,Shaohua Gu; Ruolin He,2,18,9,-2.444,3.370647825
532,Loihichelin C,,1,2,0,0,0,0,1,0,0,0,0,0,0,0,0,6,Alpha-Hydroxycarboxylate/Hydroxamate,Putative NRPS,C/C=C(\NC(=O)[C@H](CCCN(O)C(C)=O)NC(=O)[C@@H](CO)NC(=O)[C@H](CCC(N)=O)NC(=O)[C@H](CO)NC(=O)[C@H](NC(=O)CCC/C=C\CCCCCC)[C@@H](O)C(=O)O)C(=O)N[C@H](CO)C(=O)N[C@@H]1CCCN(O)C1=O,"OH-Asp, C12:1(5), dhAbu, Ac-OH-Orn, Gln, Ser, OH-cOrn, Ser, Ser",9,1,0,C46H75N11O19,1086.152043,Halomonas sp. LOB-5,1,0,0,0,0,0,0,1,0,0,0,0,0,0,0,0,Pseudomonadota,Orn derivatives,,Asp,,,,,,"Homann, Vanessa V., et al. ""Loihichelins A− F, a suite of amphiphilic siderophores produced by the marine bacterium Halomonas LOB-5."" Journal of natural products 72.5 (2009): 884-888.",,,,,,46,75,11,19,0,0.613333333,4.181818182,2.421052632,0,Ruolin He,2,18,8,-2.558,3.213413487
531,Loihichelin E,,2,2,0,0,0,0,1,0,0,0,0,0,0,0,0,6,Alpha-Hydroxycarboxylate/Hydroxamate,Putative NRPS,C/C=C(\NC(=O)[C@H](CCCN(O)C(C)=O)NC(=O)[C@@H](CO)NC(=O)[C@H](CCC(N)=O)NC(=O)[C@H](CO)NC(=O)[C@H](NC(=O)CCCCC/C=C\CCCCCC)[C@@H](O)C(=O)O)C(=O)N[C@H](CO)C(=O)N[C@@H]1CCCN(O)C1=O,"OH-cOrn, Ser, Ser, Gln, Ser, OH-Asp, dhAbu, Ac-OH-Orn, C14:1(7)",9,1,0,C48H79N11O19,1114.205287,Halomonas sp. LOB-5; Nocardia mangyaensis NH1,1,0,0,0,0.5,0,0,0.5,0,0,0,0,0,0,0,0,Pseudomonadota/Actinomycetota,Orn derivatives,,Asp,,,,,,"Homann, Vanessa V., et al. ""Loihichelins A− F, a suite of amphiphilic siderophores produced by the marine bacterium Halomonas LOB-5."" Journal of natural products 72.5 (2009): 884-888.; Khilyas, Irina V., et al. ""Genomic insights and anti-phytopathogenic potential of siderophore metabolome of endolithic Nocardia mangyaensis NH1."" Scientific Reports 14.1 (2024): 5676.",,,,,,48,79,11,19,0,0.607594937,4.363636364,2.526315789,0,Ruolin He,2,18,7,-2.754,3.181176816
530,Loihichelin D,,1,2,0,0,0,0,1,0,0,0,0,0,0,0,0,6,Alpha-Hydroxycarboxylate/Hydroxamate,Putative NRPS,C/C=C(\NC(=O)[C@H](CCCN(O)C(C)=O)NC(=O)[C@@H](CO)NC(=O)[C@H](CCC(N)=O)NC(=O)[C@H](CO)NC(=O)[C@H](NC(=O)CCCCCCCCCCC)[C@@H](O)C(=O)O)C(=O)N[C@H](CO)C(=O)N[C@@H]1CCCN(O)C1=O,"Ser, Gln, Ser, Ac-OH-Orn, OH-Asp, C12:0, Ser, dhAbu, OH-cOrn",9,1,0,C46H77N11O19,1088.167925,Halomonas sp. LOB-5,1,0,0,0,0,0,0,1,0,0,0,0,0,0,0,0,Pseudomonadota,Orn derivatives,,Asp,,,,,,"Homann, Vanessa V., et al. ""Loihichelins A− F, a suite of amphiphilic siderophores produced by the marine bacterium Halomonas LOB-5."" Journal of natural products 72.5 (2009): 884-888.",,,,,,46,77,11,19,0,0.597402597,4.181818182,2.421052632,0,Ruolin He,2,18,6,-2.574,3.211056779
529,Loihichelin F,,1,2,0,0,0,0,1,0,0,0,0,0,0,0,0,6,Alpha-Hydroxycarboxylate/Hydroxamate,Putative NRPS,C/C=C(\NC(=O)[C@H](CCCN(O)C(C)=O)NC(=O)[C@@H](CO)NC(=O)[C@H](CCC(N)=O)NC(=O)[C@H](CO)NC(=O)[C@H](NC(=O)CCCCCCCCCCCCC)[C@@H](O)C(=O)O)C(=O)N[C@H](CO)C(=O)N[C@@H]1CCCN(O)C1=O,"Gln, Ser, Ser, OH-Asp, C14:0, Ser, dhAbu, Ac-OH-Orn, OH-cOrn",9,1,0,C48H81N11O19,1116.221169,Halomonas sp. LOB-5,1,0,0,0,0,0,0,1,0,0,0,0,0,0,0,0,Pseudomonadota,Orn derivatives,,Asp,,,,,,"Homann, Vanessa V., et al. ""Loihichelins A− F, a suite of amphiphilic siderophores produced by the marine bacterium Halomonas LOB-5."" Journal of natural products 72.5 (2009): 884-888.",,,,,,48,81,11,19,0,0.592592593,4.363636364,2.526315789,0,Ruolin He,2,18,5,-2.773,3.178905784
528,Loihichelin A,,1,2,0,0,0,0,1,0,0,0,0,0,0,0,0,6,Alpha-Hydroxycarboxylate/Hydroxamate,Putative NRPS,C/C=C(\NC(=O)[C@H](CCCN(O)C(C)=O)NC(=O)[C@@H](CO)NC(=O)[C@H](CCC(N)=O)NC(=O)[C@H](CO)NC(=O)[C@H](NC(=O)CCCCCCCCC)[C@@H](O)C(=O)O)C(=O)N[C@H](CO)C(=O)N[C@@H]1CCCN(O)C1=O,"Ser, OH-Asp, Gln, dhAbu, Ac-OH-Orn, Ser, C10:0, Ser, OH-cOrn",9,1,0,C44H73N11O19,1060.114681,Halomonas sp. LOB-5,1,0,0,0,0,0,0,1,0,0,0,0,0,0,0,0,Pseudomonadota,Orn derivatives,,Asp,,,,,,"Homann, Vanessa V., et al. ""Loihichelins A− F, a suite of amphiphilic siderophores produced by the marine bacterium Halomonas LOB-5."" Journal of natural products 72.5 (2009): 884-888.",,,,,,44,73,11,19,0,0.602739726,4,2.315789474,0,Ruolin He,2,18,4,-2.384,3.244436043
527,Loihichelin B,,1,2,0,0,0,0,1,0,0,0,0,0,0,0,0,6,Alpha-Hydroxycarboxylate/Hydroxamate,Putative NRPS,C/C=C(\NC(=O)[C@H](CCCN(O)C(C)=O)NC(=O)[C@@H](CO)NC(=O)[C@H](CCC(N)=O)NC(=O)[C@H](CO)NC(=O)[C@H](NC(=O)CC(O)CCCCCCCCC)[C@@H](O)C(=O)O)C(=O)N[C@H](CO)C(=O)N[C@@H]1CCCN(O)C1=O,"OH-Asp, C12:0-OH(3), OH-cOrn, Ser, dhAbu, Ser, Gln, Ac-OH-Orn, Ser",9,1,0,C46H77N11O20,1104.16733,Halomonas sp. LOB-5,1,0,0,0,0,0,0,1,0,0,0,0,0,0,0,0,Pseudomonadota,Orn derivatives,,Asp,,,,,,"Homann, Vanessa V., et al. ""Loihichelins A− F, a suite of amphiphilic siderophores produced by the marine bacterium Halomonas LOB-5."" Journal of natural products 72.5 (2009): 884-888.",,,,,,46,77,11,20,0,0.597402597,4.181818182,2.3,0,Ruolin He,2,18,3,-2.31,3.19257481
526,Pacifibactin-Gly,,1,2,0,0,0,0,2,0,0,0,0,0,0,0,0,8,Alpha-Hydroxycarboxylate/Hydroxamate,NRPS,CC(=O)N(O)CCC[C@H](NC(=O)[C@H](CO)NC(=O)[C@H](NC(=O)[C@@H](CCCCN=C(N)N)NC(=O)[C@@H](NC(=O)CC(O)CN)[C@H](O)C(=O)O)[C@@H](O)C(=O)O)C(=O)N[C@@H]1CCCN(O)C1=O,"Har, OH-Asp, Ac-OH-Orn, Ser, OH-cOrn, OH-Asp, OH-4Abu",7,1,0,C34H58N12O18,922.895464,Alcanivorax pacificus,1,0,0,0,0,0,0,1,0,0,0,0,0,0,0,0,Pseudomonadota,Orn derivatives,,Asp,,,,,,"Hardy, Clifford D., and Alison Butler. ""Ambiguity of NRPS structure predictions: four bidentate chelating groups in the siderophore pacifibactin."" Journal of natural products 82.4 (2019): 990-997.","Hardy, Clifford D., and Alison Butler. ""Ambiguity of NRPS structure predictions: four bidentate chelating groups in the siderophore pacifibactin."" Journal of natural products 82.4 (2019): 990-997.",,,,,34,58,12,18,0,0.586206897,2.833333333,1.888888889,0,Ruolin He,2,18,2,-1.523,3.428404108
686,Pacifibactin-Ser,,1,2,0,0,0,0,2,0,0,0,0,0,0,0,0,8,Alpha-Hydroxycarboxylate/Hydroxamate,NRPS,CC(=O)N(O)CCC[C@H](NC(=O)[C@H](CO)NC(=O)[C@H](NC(=O)[C@@H](CCCCN=C(N)N)NC(=O)[C@@H](NC(=O)CC(O)C(N)CO)[C@H](O)C(=O)O)[C@@H](O)C(=O)O)C(=O)N[C@@H]1CCCN(O)C1=O,"Har, OH-Asp, OH-cOrn, Ac-OH-Orn, Ser, OH-Asp, X0",7,0.863636364,1,C35H60N12O19,952.921491,Alcanivorax pacificus,1,0,0,0,0,0,0,1,0,0,0,0,0,0,0,0,Pseudomonadota,Orn derivatives,,Asp,,,,,,"Hardy, Clifford D., and Alison Butler. ""Ambiguity of NRPS structure predictions: four bidentate chelating groups in the siderophore pacifibactin."" Journal of natural products 82.4 (2019): 990-997.","Hardy, Clifford D., and Alison Butler. ""Ambiguity of NRPS structure predictions: four bidentate chelating groups in the siderophore pacifibactin."" Journal of natural products 82.4 (2019): 990-997.",,,,,35,60,12,19,0,0.583333333,2.916666667,1.842105263,0,Ruolin He,2,18,20,-1.455,3.384869128
525,Pacifibactin,,1,2,0,0,0,0,2,0,0,0,0,0,0,0,0,8,Alpha-Hydroxycarboxylate/Hydroxamate,NRPS,CC(=O)N(O)CCC[C@H](NC(=O)[C@H](CO)NC(=O)[C@H](NC(=O)[C@@H](CCCCN=C(N)N)NC(=O)[C@@H](NC(=O)CC(O)C(C)N)[C@H](O)C(=O)O)[C@@H](O)C(=O)O)C(=O)N[C@@H]1CCCN(O)C1=O,"OH-Asp, Har, OH-Asp, C5:0-NH2(4)-OH(3), Ser, Ac-OH-Orn, OH-cOrn",7,1,0,C35H60N12O18,936.922086,Alcanivorax pacificus,1,0,0,0,0,0,0,1,0,0,0,0,0,0,0,0,Pseudomonadota,Orn derivatives,,Asp,,,,,,"Hardy, Clifford D., and Alison Butler. ""Ambiguity of NRPS structure predictions: four bidentate chelating groups in the siderophore pacifibactin."" Journal of natural products 82.4 (2019): 990-997.","Hardy, Clifford D., and Alison Butler. ""Ambiguity of NRPS structure predictions: four bidentate chelating groups in the siderophore pacifibactin."" Journal of natural products 82.4 (2019): 990-997.",,,,,35,60,12,18,0,0.583333333,2.916666667,1.944444444,0,Ruolin He,2,18,1,-1.585,3.407813358
543,Delftibactin B,,1,2,0,0,0,0,1,0,0,0,0,0,0,0,0,6,Alpha-Hydroxycarboxylate/Hydroxamate,NRPS,C/C=C(\NC(=O)CNC(=O)[C@@H](NC(=O)[C@@H](NC(=O)C(C)C(O)C(C)N)[C@@H](O)C(=O)O)[C@H](C)O)C(=O)NC(CCCN(O)C(C)=O)C(=O)N[C@H](CO)C(=O)N[C@H](CCCNC(=N)N)C(=O)NC1CCCN(O)C1=O,"aThr/Thr, OH-Asp, 4NH2-3OH-2Me-PA, Arg, Ser, OH-cOrn, Ac-OH-Orn, dhAbu, Gly",9,1,0,C41H70N14O18,1047.079342,Delftia acidovorans SPH-1,1,0,0,0,0,0,0,1,0,0,0,0,0,0,0,0,Pseudomonadota,Orn derivatives,,Asp,,,,,,"Johnston, Chad W., et al. ""Gold biomineralization by a metallophore from a gold-associated microbe."" Nature chemical biology 9.4 (2013): 241-243.; Reitz, Zachary L., et al. ""Genomic analysis of siderophore β-hydroxylases reveals divergent stereocontrol and expands the condensation domain family."" Proceedings of the National Academy of Sciences 116.40 (2019): 19805-19814.","Johnston, Chad W., et al. ""Gold biomineralization by a metallophore from a gold-associated microbe."" Nature chemical biology 9.4 (2013): 241-243.",,,,,41,70,14,18,0,0.585714286,2.928571429,2.277777778,0,Ruolin He,2,18,19,-1.887,3.260386866
542,Delftibactin A,,1,2,0,0,0,0,1,0,0,0,0,0,0,0,0,6,Alpha-Hydroxycarboxylate/Hydroxamate,NRPS,C/C=C(\NC(=O)CNC(=O)[C@@H](NC(=O)[C@@H](NC(=O)C(C)C(O)C(C)N)[C@@H](O)C(=O)O)[C@H](C)O)C(=O)NC(CCCN(O)C=O)C(=O)N[C@H](CO)C(=O)N[C@H](CCCNC(=N)N)C(=O)NC1CCCN(O)C1=O,"aThr/Thr, OH-Asp, Arg, Ser, Fo-OH-Orn, dhAbu, Gly, 4NH2-3OH-2Me-PA, OH-cOrn",9,1,0,C40H68N14O18,1033.05272,Delftia acidovorans SPH-1,1,0,0,0,0,0,0,1,0,0,0,0,0,0,0,0,Pseudomonadota,Orn derivatives,,Asp,,,,,,"Johnston, Chad W., et al. ""Gold biomineralization by a metallophore from a gold-associated microbe."" Nature chemical biology 9.4 (2013): 241-243.; Reitz, Zachary L., et al. ""Genomic analysis of siderophore β-hydroxylases reveals divergent stereocontrol and expands the condensation domain family."" Proceedings of the National Academy of Sciences 116.40 (2019): 19805-19814.","Johnston, Chad W., et al. ""Gold biomineralization by a metallophore from a gold-associated microbe."" Nature chemical biology 9.4 (2013): 241-243.",,,,,40,68,14,18,0,0.588235294,2.857142857,2.222222222,0,Ruolin He,2,18,18,-1.777,3.27787672
544,Exochelin MN,,1,2,0,0,0,0,0,0,0,0,1,0,0,0,0,6,Alpha-Hydroxyimidazole/Hydroxamate,Putative NRPS,CNC(CCCN(O)C(=O)CCNC(=O)CCNC(=O)C(N)C(O)c1cnc[nH]1)C(=O)NC(CCCN)C(=O)NC1CCCN(O)C1=O,"bAla, OH-His, NMe-OH-Orn, bAla, OH-cOrn, Orn",6,1,0,C28H49N11O9,683.758207,Mycolicibacterium neoaurum,1,0,0,0,1,0,0,0,0,0,0,0,0,0,0,0,Actinomycetota,Orn derivatives,,,,,His,,,"Sharman, Gary J., et al. ""Determination of the structure of exochelin MN, the extracellular siderophore from Mycobacterium neoaurum."" Chemistry & Biology 2.8 (1995): 553-561.; Dong, Li, Marvin J. Miller, and Ute Möllmann. ""Microbial growth promotion studies of exochelin MN and analogues thereof."" BioMetals 17 (2004): 99-104.",,"Hider, Robert C., and Xiaole Kong. ""Chemistry and biology of siderophores."" Natural product reports 27.5 (2010): 637-657.",,,-595,28,49,11,9,0,0.571428571,2.545454545,3.111111111,0,Shaohua Gu; Ruolin He,2,19,1,-1.537,3.869206591
545,Scabichelin,,3,3,0,0,0,0,0,0,0,0,0,0,0,0,0,6,Hydroxamate,NRPS,CN[C@@H](CCCN(O)C(=O)[C@H](CO)NC(=O)[C@H](CCCN(O)C=O)NC)C(=O)N[C@@H](CCCN)C(=O)N[C@@H]1CCCN(O)C1=O,"Orn, NMe-OH-Orn, Ser, NMe-Fo-OH-Orn, OH-cOrn",5,1,0,C26H49N9O10,647.722726,Streptomyces antibioticus NBRC 13838; Streptomyces scabiei JCM 7914; Streptomyces scabiei 87.22,1,0,0,0,1,0,0,0,0,0,0,0,0,0,0,0,Actinomycetota,Orn derivatives,,,,,,,,"Kodani, Shinya, et al. ""Structure and biosynthesis of scabichelin, a novel tris-hydroxamate siderophore produced by the plant pathogen Streptomyces scabies 87.22."" Organic & biomolecular chemistry 11.28 (2013): 4686-4694.","Kodani, Shinya, et al. ""Structure and biosynthesis of scabichelin, a novel tris-hydroxamate siderophore produced by the plant pathogen Streptomyces scabies 87.22."" Organic & biomolecular chemistry 11.28 (2013): 4686-4694.",,,,,26,49,9,10,0,0.530612245,2.888888889,2.6,0,Ruolin He,2,19,2,-1.189,3.955604552
546,Tsukubachelin B,,1,3,0,0,0,0,0,0,0,0,0,0,0,0,0,6,Hydroxamate,Putative NRPS,CN[C@@H](CCCN(O)C(=O)C(CO)NC(=O)[C@H](CCCN(O)C=O)NC)C(=O)NC(CCCN)C(=O)NC(CO)C(=O)N[C@@H]1CCCN(O)C1=O,"Ser, Orn, OH-cOrn, NMe-OH-Orn, Ser, NMe-Fo-OH-Orn",6,1,0,C29H54N10O12,734.800164,Streptomyces sp. TM-34,1,0,0,0,1,0,0,0,0,0,0,0,0,0,0,0,Actinomycetota,Orn derivatives,,,,,,,,"Kodani, Shinya, Fumiya Kobayakawa, and Michitaka Hidaki. ""Isolation and structure determination of new siderophore tsukubachelin B from Streptomyces sp. TM-74."" Natural Product Research 27.9 (2013): 775-781.",,,,,,29,54,10,12,0,0.537037037,2.9,2.416666667,0,Ruolin He,2,19,3,-1.179,3.75768829
547,Tsukubachelin,,1,3,0,0,0,0,0,0,0,0,0,0,0,0,0,6,Hydroxamate,Putative NRPS,CN[C@@H](CCCN(O)C(=O)C(CO)NC(=O)[C@H](CCCN(O)C=O)NC)C(=O)NC(CO)C(=O)NC(CO)C(=O)N[C@@H]1CCCN(O)C1=O,"Ser, Ser, OH-cOrn, Ser, NMe-Fo-OH-Orn, NMe-OH-Orn",6,1,0,C27H49N9O13,707.731681,Streptomyces sp. TM-34,1,0,0,0,1,0,0,0,0,0,0,0,0,0,0,0,Actinomycetota,Orn derivatives,,,,,,,,"Kodani, Shinya, et al. ""A New Siderophore Isolated from Streptomyces sp. TM‐34 with Potent Inhibitory Activity Against Angiotensin‐Converting Enzyme."" (2011): 3191-3196.",,,,,,27,49,9,13,0,0.551020408,3,2.076923077,0,Shaohua Gu; Ruolin He,2,19,4,-1.073,3.815355468
548,Turgichelin,,1,3,0,0,0,0,0,0,0,0,0,0,0,0,0,6,Hydroxamate,NRPS,CN[C@@H](CCCN(O)C(=O)[C@H](CO)NC(=O)[C@H](CCCN(O)C=O)NC)C(=O)N[C@@H](CO)C(=O)N[C@@H]1CCCN(O)C1=O,"Ser, NMe-OH-Orn, Ser, OH-cOrn, NMe-Fo-OH-Orn",5,1,0,C24H44N8O11,620.654243,Streptomyces turgidiscabies JCM 10429,1,0,0,0,1,0,0,0,0,0,0,0,0,0,0,0,Actinomycetota,Orn derivatives,,,,,,,,"Kodani, Shinya, et al. ""Structure and biosynthesis of scabichelin, a novel tris-hydroxamate siderophore produced by the plant pathogen Streptomyces scabies 87.22."" Organic & biomolecular chemistry 11.28 (2013): 4686-4694.","Kodani, Shinya, et al. ""Structure and biosynthesis of scabichelin, a novel tris-hydroxamate siderophore produced by the plant pathogen Streptomyces scabies 87.22."" Organic & biomolecular chemistry 11.28 (2013): 4686-4694.",,,,,24,44,8,11,0,0.545454545,3,2.181818182,0,Ruolin He,2,19,5,-1.061,4.025308214
549,Albachelin,Desferri-albachlin,1,3,0,0,0,0,0,0,0,0,0,0,0,0,0,6,Hydroxamate,NRPS,CN[C@@H](CCCN(O)C(=O)C(CO)NC(=O)C(CCCN(O)C=O)NC(C)=O)C(=O)NC(CO)C(=O)NC(CO)C(=O)NC1CCCN(O)C1=O,"NMe-OH-Orn, Ser, Ser, Ser, OH-cOrn, NAc-Fo-OH-Orn",6,1,0,C28H49N9O14,735.741826,Amycolatopsis alba,1,0,0,0,1,0,0,0,0,0,0,0,0,0,0,0,Actinomycetota,Orn derivatives,,,,,,,,"Kodani, Shinya, et al. ""Isolation and structure determination of new siderophore albachelin from Amycolatopsis alba."" Biometals 28 (2015): 381-389.","Kodani, Shinya, et al. ""Isolation and structure determination of new siderophore albachelin from Amycolatopsis alba."" Biometals 28 (2015): 381-389.",,,,,28,49,9,14,0,0.571428571,3.111111111,2,0,Ruolin He,2,19,6,-1.247,3.755738489
550,Albisporachelin,,1,3,0,0,0,0,0,0,0,0,0,0,0,0,0,6,Hydroxamate,NRPS,CN[C@@H](CCCN(O)C=O)C(=O)N[C@@H](CO)C(=O)N[C@@H](CCCN(O)C=O)C(=O)N(C)[C@H]1CCCN(O)C1=O,"X0, Fo-OH-Orn, Ser, NMe-Fo-OH-Orn",4,0.743589744,1,C22H39N7O10,561.58695,Amycolatopsis albispora WP1T,1,0,0,0,1,0,0,0,0,0,0,0,0,0,0,0,Actinomycetota,Orn derivatives,,,,,,,,"Wu, Qihao, et al. ""Albisporachelin, a new hydroxamate type siderophore from the deep ocean sediment-derived actinomycete Amycolatopsis albispora WP1T."" Marine Drugs 16.6 (2018): 199.","Wu, Qihao, et al. ""Albisporachelin, a new hydroxamate type siderophore from the deep ocean sediment-derived actinomycete Amycolatopsis albispora WP1T."" Marine Drugs 16.6 (2018): 199.",,,,,22,39,7,10,0,0.564102564,3.142857143,2.2,0,Ruolin He,2,19,7,-1.068,4.194273373
551,Amycolachrom,Amycolachrome,1,2,0,0,0,0,0,0,0,0,0,0,0,0,0,4,Hydroxamate,Putative NRPS,CC(=O)N[C@@H](CO)C(=O)N[C@@H](CO)C(=O)N[C@@H](CO)C(=O)NC1CCCN(O)C(=O)[C@H](CCCN(O)C(C)=O)NC(=O)[C@H](CCCNO)NC1=O,"Ser, Ser, OH-Orn, Ac-OH-Orn, OH-Orn, NAc-Ser",6,1,0,C28H49N9O14,735.741826,Amycolatopsis orientalis,1,0,0,0,1,0,0,0,0,0,0,0,0,0,0,0,Actinomycetota,Orn derivatives,,,,,,,,"Fiedler, H-P, Zähner, H. (2001) in Microbial Fundamentals of Biotechnology (V Braun, F Gӧtz Eds) Wiley-VCH PP 16-51",,,,,,28,49,9,14,0,0.571428571,3.111111111,2,0,Shaohua Gu; Ruolin He,2,19,8,-1.532,3.755738489
555,Gladiobactin,,1,0,0,0,0,0,1,0,0,0,0,0,2,0,0,6,Alpha-Hydroxycarboxylate/Diazeniumdiolate,NRPS,CCCCCCCCCCCC(=O)N[C@H](C(=O)N[C@@H](CO)C(=O)N[C@H](CO)C(=O)N[C@H]1CCCNC(=O)[C@@H](CCCN(O)N=O)NC(=O)CNC(=O)[C@H](CCCCN)NC(=O)[C@@H](CCCN(O)N=O)NC1=O)[C@@H](O)C(=O)O,"Gra, Gly, Orn, Ser, Ser, OH-Asp, Lys, Gra, C12:0",9,1,0,C45H80N14O18,1105.201712,Burkholderia gladioli,1,0,0,0,0,0,0,1,0,0,0,0,0,0,0,0,Pseudomonadota,,,Asp,,,,Gra,,"Hermenau, Ron, et al. ""Genomics‐driven discovery of NO‐donating diazeniumdiolate siderophores in diverse plant‐associated bacteria."" Angewandte Chemie 131.37 (2019): 13158-13163.","Hermenau, Ron, et al. ""Genomics‐driven discovery of NO‐donating diazeniumdiolate siderophores in diverse plant‐associated bacteria."" Angewandte Chemie 131.37 (2019): 13158-13163.",,,,,45,80,14,18,0,0.5625,3.214285714,2.5,0,Ruolin He,2,20,1,-2.634,3.191393332
556,Plantaribactin,,1,0,0,0,0,0,1,0,0,0,0,0,2,0,0,6,Alpha-Hydroxycarboxylate/Diazeniumdiolate,NRPS,CCCCCCCCCCCC(=O)N[C@H](C(=O)N[C@@H](CO)C(=O)N[C@H](CO)C(=O)N[C@H]1CCCNC(=O)[C@@H](CCCN(O)N=O)NC(=O)CNC(=O)[C@H](CCC(N)=O)NC(=O)[C@@H](CCCN(O)N=O)NC1=O)[C@@H](O)C(=O)O,"Gln, Gra, Ser, Ser, Orn, Gra, OH-Asp, Gly, C12:0",9,1,0,C44H76N14O19,1105.158613,Burkholderia plantarii DSM9505,1,0,0,0,0,0,0,1,0,0,0,0,0,0,0,0,Pseudomonadota,,,Asp,,,,Gra,,"Hermenau, Ron, et al. ""Genomics‐driven discovery of NO‐donating diazeniumdiolate siderophores in diverse plant‐associated bacteria."" Angewandte Chemie 131.37 (2019): 13158-13163.","Hermenau, Ron, et al. ""Genomics‐driven discovery of NO‐donating diazeniumdiolate siderophores in diverse plant‐associated bacteria."" Angewandte Chemie 131.37 (2019): 13158-13163.",,,,,44,76,14,19,0,0.578947368,3.142857143,2.315789474,0,Ruolin He,2,20,2,-2.685,3.191442528
552,Imaqobactin,,1,2,0,0,0,0,1,0,0,0,0,0,0,0,0,6,Alpha-Hydroxycarboxylate/Hydroxamate,NRPS,CCCCCCCCCCCC(=O)NC(CCCN(O)C=O)[C@@H](O)[C@H](C)C(=O)N[C@@H](CO)C(=O)N[C@@H]1CCCN(O)C(=O)CC(C)OC(=O)[C@H]([C@@H](O)C(=O)O)NC(=O)[C@H]([C@@H](C)O)NC1=O,"Ser, Nfo-NOH-5OHBA-Put, OH-Orn, C4:0-OH(3), OH-Asp, C12:0, aThr/Thr",7,1,0,C41H71N7O17,934.040957,Variovorax sp. RKJM285,1,0,0,0,0,0,0,1,0,0,0,0,0,0,0,0,Pseudomonadota,Orn derivatives,,Asp,,,,,,"Robertson, Andrew W., et al. ""Isolation of imaqobactin, an amphiphilic siderophore from the arctic marine bacterium Variovorax species RKJM285."" Journal of natural products 81.4 (2018): 858-865.",,,,,,41,71,7,17,0,0.577464789,5.857142857,2.411764706,0,Ruolin He,2,24,1,-2.773,3.412005916
676,Megalochelin,,1,2,1,0,0,0,0,0,0,0,0,0,0,0,0,6,Catecholate/Hydroxamate,NRPS,CC(C)C[C@H]1NC(=O)[C@@H](CO)NC(=O)C([C@@H](C)O)NC(=O)CNC(=O)CNC(=O)c2c(ccc(O)c2O)-c2[nH]cnc2C[C@H](C(=O)N[C@@H](C(=O)N[C@H](CCC(N)=O)C(=O)N[C@H](CCCN(O)C=O)C(=O)NCC(=O)N[C@H](CO)C(=O)N[C@@H]2CCCN(O)C2=O)C(C)C)NC(=O)[C@H](C(C)O)NC1=O,"OH-cOrn, Ser, Gln, Val, His, diOH-Bz, aThr/Thr, Leu, Gly, Ser, aThr/Thr, Gly, Fo-OH-Orn, Gly",14,1,0,C60H90N18O24,1447.465464,Streptomyces sp. ID71268,1,0,0,0,1,0,0,0,0,0,0,0,0,0,0,0,Actinomycetota,Orn derivatives,diOH-Bz,,,,,,,"Vind, Kristiina, et al. ""Megalochelin, a tridecapeptide siderophore from a talented Streptomycete."" ACS Chemical Biology 18.4 (2023): 861-874.","Vind, Kristiina, et al. ""Megalochelin, a tridecapeptide siderophore from a talented Streptomycete."" ACS Chemical Biology 18.4 (2023): 861-874.",,,,,60,90,18,24,0,0.666666667,3.333333333,2.5,0,Ruolin He,1,39,1,-3.205,2.870905201
554,Desferriferribactin 13525,Desferribactin ATCC 13525,2,2,0,1,0,0,0,0,0,0,0,0,0,0,0,5,Hydroxamate/Phenolate,Putative NRPS,NCCCCC(NC(=O)C(CO)NC(=O)C1CCNC(C(Cc2ccc(O)cc2)NC(=O)CCC(N)C(=O)O)=N1)C(=O)NCC(=O)NC(CCCN(O)C=O)C(=O)NC1CCCCNC(=O)C(CO)NC(=O)C(CCCN(O)C=O)NC1=O,"Dab, Tyr, Fo-OH-Orn, Gly, Lys, Ser, Fo-OH-Orn, Glu, Ser, Lys",10,1,0,C50H79N15O18,1178.254174,Pseudomonas fluorescens ATCC 13525; Nocardia mangyaensis NH1,1,0,0,0,0.5,0,0,0.5,0,0,0,0,0,0,0,0,Pseudomonadota/Actinomycetota,Orn derivatives,,,,,,,,"Linget, Caroline, et al. ""Bacterial siderophores: the structure of a desferriferribactin produced by Pseudomonas fluorescens ATCC 13525."" Tetrahedron letters 33.27 (1992): 3851-3854.; Khilyas, Irina V., et al. ""Genomic insights and anti-phytopathogenic potential of siderophore metabolome of endolithic Nocardia mangyaensis NH1."" Scientific Reports 14.1 (2024): 5676.",,,,,,50,79,15,18,0,0.632911392,3.333333333,2.777777778,0,Ruolin He,4,2,2,-2.371,3.111807439
553,Ferribactin,,1,2,0,0,0,0,0,0,0,0,0,0,0,0,0,4,Hydroxamate,NRPS,CC(O)C1NC(=O)C(CCCN(O)C=O)NC(=O)C(NC(=O)C(CCCN(O)C=O)NC(=O)C(CO)NC(=O)C(CCCN=C(N)N)NC(=O)C(CO)NC(=O)C2CCN=C(C(Cc3ccc(O)cc3)NC(=O)CCC(N)C(=O)O)N2)CCCCNC(=O)C(C(C)O)NC1=O,"Ser, Arg, Dab, Tyr, Glu, aThr/Thr, Fo-OH-Orn, Lys, Fo-OH-Orn, aThr/Thr, Ser",11,1,0,C56H90N18O21,1351.424289,Pseudomonas chlororaphis ATCC 9446,1,0,0,0,0,0,0,1,0,0,0,0,0,0,0,0,Pseudomonadota,Orn derivatives,,,,,,,,"Hohlneicher, Ursula, et al. ""Ferribactins as the biosynthetic precursors of the Pseudomonas siderophores pyoverdins."" Zeitschrift für Naturforschung C 56.3-4 (2001): 308-310.",,,,,,56,90,18,21,0,0.622222222,3.111111111,2.666666667,0,Ruolin He,4,2,1,-2.43,2.948829164
786,Dihydropyoverdine I,,1,2,1,0,0,0,0,0,0,0,0,0,0,0,0,6,Catecholate/Hydroxamate,NRPS,CC(O)[C@@H]1NC(=O)[C@H](CCCN(O)C=O)NC(=O)[C@@H](NC(=O)[C@H](CCCN(O)C=O)NC(=O)[C@H](CO)NC(=O)[C@H](CCCN=C(N)N)NC(=O)[C@H](CO)NC(=O)[C@@H]2CCNC3C(NC(=O)CC[C@H](N)C(=O)O)Cc4cc(O)c(O)cc4N32)CCCCNC(=O)[C@H](C(C)O)NC1=O,"aThr/Thr, Fo-OH-Orn, Ser, Arg, aThr/Thr, Ser, Fo-OH-Orn, ChrD, Lys, Glu",10,1,0,C56H90N18O22,1367.423694,Pseudomonas aeruginosa PAO1,1,0,0,0,0,0,0,1,0,0,0,0,0,0,0,0,Pseudomonadota,Orn derivatives,ChrD,,,,,,,"Nadal-Jimenez, Pol, et al. ""PvdP is a tyrosinase that drives maturation of the pyoverdine chromophore in Pseudomonas aeruginosa."" Journal of bacteriology 196.14 (2014): 2681-2690.","Nadal-Jimenez, Pol, et al. ""PvdP is a tyrosinase that drives maturation of the pyoverdine chromophore in Pseudomonas aeruginosa."" Journal of bacteriology 196.14 (2014): 2681-2690.",,,,,56,90,18,22,0,0.622222222,3.111111111,2.545454545,0,Ruolin He,4,2,3,-2.405,2.935301209
456,Pyoverdine 8.9,Pyoverdine E; Pyoverdine I; Pyoverdine PAO1,1,2,1,0,0,0,0,0,0,0,0,0,0,0,0,6,Catecholate/Hydroxamate,NRPS,C[C@@H](O)[C@@H]1NC(=O)C(CCCN(O)C=O)NC(=O)[C@@H](NC(=O)C(CCCN(O)C=O)NC(=O)[C@@H](CO)NC(=O)[C@H](CCCN=C(N)N)NC(=O)[C@@H](CO)NC(=O)C2CCNC3C(NC(=O)CCC(N)=O)=Cc4cc(O)c(O)cc4N23)CCCCNC(=O)[C@H]([C@@H](C)O)NC1=O,"ChrP, SucAA, Lys, aThr/Thr, Fo-OH-Orn, aThr/Thr, Ser, Fo-OH-Orn, Ser, Arg",10,1,0,C55H86N18O21,1335.381785,Pseudomonas aeruginosa PAO1,1,0,0,0,0,0,0,1,0,0,0,0,0,0,0,0,Pseudomonadota,Orn derivatives,ChrP,,,,,,,"Briskot, Gernot, Kambiz Taraz, and Herbert Budzikiewicz. ""Bacterial constituents, XXXVII. Pyoverdin‐type Siderophores from Pseudomonas aeruginosa."" Liebigs Annalen Der Chemie 1989.4 (1989): 375-384.",,,,,,55,86,18,21,0,0.639534884,3.055555556,2.619047619,0,Ruolin He,4,3,1,-2.62,2.962628082
457,Pyoverdine 8.5,,1,2,1,0,0,0,0,0,0,0,0,0,0,0,0,6,Catecholate/Hydroxamate,NRPS,O=CN(O)CCCC1NC(=O)C(CO)NC(=O)C(NC(=O)C(CO)NC(=O)C(CO)NC(=O)C(CCCN(O)C=O)NC(=O)C(CO)NC(=O)C(CO)NC(=O)C2CCNC3C(NC(=O)CCC(=O)C(=O)O)=Cc4cc(O)c(O)cc4N23)CCCCNC1=O,"Lys, Ser, Fo-OH-Orn, Ser, Ser, Ser, ChrP, 2-KGA, Fo-OH-Orn, Ser",10,1,0,C51H74N14O24,1267.214936,Pseudomonas sp.,1,0,0,0,0,0,0,1,0,0,0,0,0,0,0,0,Pseudomonadota,Orn derivatives,ChrP,,,,,,,"Meyer, Jean-Marie, et al. ""Siderotyping of fluorescent Pseudomonas: molecular mass determination by mass spectrometry as a powerful pyoverdine siderotyping method."" Biometals 21 (2008): 259-271.",,,,,,51,74,14,24,0,0.689189189,3.642857143,2.125,0,Ruolin He,4,3,2,-2.269,3.02404974
458,Pyoverdine 9.10,Pyoverdine 95-275,2,2,1,0,0,0,0,0,0,0,0,0,0,0,0,6,Catecholate/Hydroxamate,NRPS,NCCCC[C@@H]1NC(=O)[C@H](CCCN(O)C=O)NC(=O)[C@@H](NC(=O)C(CO)NC(=O)C(CO)NC(=O)[C@H](CCCN(O)C=O)NC(=O)[C@H](CO)NC(=O)[C@H](CO)NC(=O)C2CCNC3C(NC(=O)CCC(=O)C(=O)O)=Cc4cc(O)c(O)cc4N23)CCCCNC(=O)[C@@H](CO)NC1=O,"Lys, Ser, Ser, Ser, ChrP, 2-KGA, Fo-OH-Orn, Ser, Lys, Fo-OH-Orn, Ser",11,1,0,C57H86N16O25,1395.387479,Pseudomonas fluorescens 95–275; Pseudomonas lurida LMG 21995T,1,0,0,0,0,0,0,1,0,0,0,0,0,0,0,0,Pseudomonadota,Orn derivatives,ChrP,,,,,,,"Sultana, Razia, et al. ""A Pyoverdin from Pseudomonas sp. CFML 95-275 §."" Zeitschrift für Naturforschung C 55.11-12 (2000): 857-865.; Ye, Lumeng, et al. ""Draft genome sequence analysis of a Pseudomonas putida W15Oct28 strain with antagonistic activity to Gram-positive and Pseudomonas sp. pathogens."" PLoS One 9.11 (2014): e110038.",,,,,,57,86,16,25,0,0.662790698,3.5625,2.28,0,Ruolin He,4,3,3,-2.318,2.91219797
459,Pyoverdine 7.16,Pyoverdine 96-312,1,2,1,0,0,0,0,0,0,0,0,0,0,0,0,6,Catecholate/Hydroxamate,NRPS,NCCCC[C@@H]1NC(=O)[C@H](CCCN(O)C=O)NC(=O)[C@@H](NC(=O)[C@H](CCCN(O)C=O)NC(=O)[C@H](CO)NC(=O)[C@@H](CO)NC(=O)C2CCNC3C(NC(=O)CCC(N)=O)=Cc4cc(O)c(O)cc4N23)CCCNC(=O)[C@H](CO)NC1=O,"Fo-OH-Orn, Ser, Ser, Ser, Lys, Fo-OH-Orn, Orn, ChrP, SucAA",9,1,0,C49H75N15O19,1178.211075,Pseudomonas sp.,1,0,0,0,0,0,0,1,0,0,0,0,0,0,0,0,Pseudomonadota,Orn derivatives,ChrP,,,,,,,"Schlegel, Karin, et al. ""The pyoverdins of Pseudomonas sp. 96-312 and 96-318."" Zeitschrift für Naturforschung C 56.9-10 (2001): 680-686.",,,,,,49,75,15,19,0,0.653333333,3.266666667,2.578947368,0,Ruolin He,4,3,4,-2.444,3.111852268
460,Pyoverdine 8.6,Pyoverdine 96-318,2,2,1,0,0,0,0,0,0,0,0,0,0,0,0,6,Catecholate/Hydroxamate,NRPS,NCCC[C@H](NC(=O)[C@H](CO)NC(=O)C1CCNC2C(NC(=O)CCC(N)=O)=Cc3cc(O)c(O)cc3N12)C(=O)N[C@@H](CCCN(O)C=O)C(=O)N[C@H](CO)C(=O)N[C@@H](CO)C(=O)N[C@@H]1CCCCNC(=O)[C@H](CO)NC(=O)[C@H](CCCN(O)C=O)NC1=O,"Ser, ChrP, Ser, Ser, Lys, SucAA, Orn, Ser, Fo-OH-Orn, Fo-OH-Orn",10,1,0,C52H80N16O21,1265.288513,Pseudomonas sp. 96–318; Pseudomonas salomonii LMG 22120T,1,0,0,0,0,0,0,1,0,0,0,0,0,0,0,0,Pseudomonadota,Orn derivatives,ChrP,,,,,,,"Schlegel, Karin, et al. ""The pyoverdins of Pseudomonas sp. 96-312 and 96-318."" Zeitschrift für Naturforschung C 56.9-10 (2001): 680-686.; Ye, Lumeng, et al. ""Draft genome sequence analysis of a Pseudomonas putida W15Oct28 strain with antagonistic activity to Gram-positive and Pseudomonas sp. pathogens."" PLoS One 9.11 (2014): e110038.",,,,,,52,80,16,21,0,0.65,3.25,2.476190476,0,Ruolin He,4,3,5,-2.273,3.025854786
461,Pyoverdine 7.18,,1,2,1,0,0,0,0,0,0,0,0,0,0,0,0,6,Catecholate/Hydroxamate,NRPS,NCCCC[C@H](NC(=O)[C@@H](CO)NC(=O)C1CCNC2C(NC(=O)CCC(N)=O)=Cc3cc(O)c(O)cc3N12)C(=O)N[C@@H](CCCN(O)C=O)C(=O)N[C@H]1CCCCNC(=O)[C@@H](CO)NC(=O)[C@@H](CCC(=O)O)NC(=O)[C@@H](CCCN(O)C=O)NC1=O,"Fo-OH-Orn, Lys, ChrP, SucAA, Ser, Glu, Ser, Fo-OH-Orn, Lys",9,1,0,C52H79N15O20,1234.274464,Pseudomonas sp.,1,0,0,0,0,0,0,1,0,0,0,0,0,0,0,0,Pseudomonadota,Orn derivatives,ChrP,,,,,,,"Weber, Markus, et al. ""The structure of a pyoverdine from Pseudomonas sp. CFML 96.188 and its relation to other pyoverdines with a cyclic C-terminus."" BioMetals 13.4 (2000): 301.",,,,,,52,79,15,20,0,0.658227848,3.466666667,2.6,0,Ruolin He,4,3,6,-2.741,3.055473849
462,Pyoverdine 11.2,Pyoverdine 12,1,2,1,0,0,0,0,0,0,0,0,0,0,0,0,6,Catecholate/Hydroxamate,NRPS,NCCCC[C@H](NC(=O)[C@@H](CO)NC(=O)C1CCNC2C(NC(=O)CCC(N)=O)=Cc3cc(O)c(O)cc3N12)C(=O)NCC(=O)N[C@@H](CCCN(O)C=O)C(=O)N[C@@H](CO)C(=O)N[C@H](CO)C(=O)NCC(=O)N[C@H]1CCCCNC(=O)[C@H](CO)NC(=O)[C@H](CCC(=O)O)NC(=O)[C@@H](CCCN(O)C=O)NC1=O,"Ser, Ser, Glu, Fo-OH-Orn, Lys, Ser, Fo-OH-Orn, Gly, Lys, Gly, ChrP, SucAA, Ser",13,1,0,C62H95N19O26,1522.532162,Pseudomonas fluorescens,1,0,0,0,0,0,0,1,0,0,0,0,0,0,0,0,Pseudomonadota,Orn derivatives,ChrP,,,,,,,"Geisen, Karl, Kambiz Taraz, and Herbert Budzikiewicz. ""New pyoverdin type siderophores from Pseudomonas fluorescens."" Monatshefte für Chemie/Chemical Monthly 123 (1992): 151-178.",,,,,,62,95,19,26,0,0.652631579,3.263157895,2.384615385,0,Ruolin He,4,3,7,-2.429,2.815016921
463,Pyoverdine 10.5,Pyoverdine 18-1,1,2,1,0,0,0,0,0,0,0,0,0,0,0,0,6,Catecholate/Hydroxamate,NRPS,NCCCC[C@H](NC(=O)[C@@H](CO)NC(=O)C1CCNC2C(NC(=O)CCC(=O)O)=Cc3cc(O)c(O)cc3N12)C(=O)NCC(=O)N[C@@H](CCCN(O)C=O)C(=O)N[C@H](CO)C(=O)N[C@H](CO)C(=O)NCC(=O)N[C@H]1CCCNC(=O)[C@H](CO)NC(=O)[C@@H](CCCN(O)C=O)NC1=O,"Lys, Ser, Fo-OH-Orn, Orn, Ser, Gly, ChrP, Suc, Ser, Fo-OH-Orn, Gly, Ser",12,1,0,C56H85N17O24,1380.376096,Pseudomonas fluorescens,1,0,0,0,0,0,0,1,0,0,0,0,0,0,0,0,Pseudomonadota,Orn derivatives,ChrP,,,,,,,"Amann, Cordula, et al. ""The siderophores of Pseudomonas fluorescens 18.1 and the importance of cyclopeptidic substructures for the recognition at the cell surface."" Zeitschrift für Naturforschung C 55.9-10 (2000): 671-680.",,,,,,56,85,17,24,0,0.658823529,3.294117647,2.333333333,0,Ruolin He,4,3,8,-2.274,2.924516064
464,Pyoverdine 10.4,,1,2,1,0,0,0,0,0,0,0,0,0,0,0,0,6,Catecholate/Hydroxamate,NRPS,NCCCCC(NC(=O)C(CO)NC(=O)C1CCNC2C(NC(=O)CCC(=O)C(=O)O)=Cc3cc(O)c(O)cc3N12)C(=O)NCC(=O)NC(CCCN(O)C=O)C(=O)NC(CO)C(=O)NC(CO)C(=O)NCC(=O)NC1CCCNC(=O)C(CO)NC(=O)C(CCCN(O)C=O)NC1=O,"Fo-OH-Orn, Gly, Orn, Gly, Lys, Ser, Ser, Ser, Fo-OH-Orn, ChrP, 2-KGA, Ser",12,1,0,C57H85N17O25,1408.386241,Pseudomonas fluorescens,1,0,0,0,0,0,0,1,0,0,0,0,0,0,0,0,Pseudomonadota,Orn derivatives,ChrP,,,,,,,"Meyer, Jean-Marie, et al. ""Siderotyping of fluorescent Pseudomonas: molecular mass determination by mass spectrometry as a powerful pyoverdine siderotyping method."" Biometals 21 (2008): 259-271.",,,,,,57,85,17,25,0,0.670588235,3.352941176,2.28,0,Ruolin He,4,3,9,-2.32,2.901685057
465,Pyoverdine 10.8,,1,2,1,0,0,0,0,0,0,0,0,0,0,0,0,6,Catecholate/Hydroxamate,NRPS,CC(=O)N(O)CCCC(NC(=O)C(CCCCN)NC(=O)C(CO)NC(=O)C1CCNC2C(NC(=O)CCC(N)=O)=Cc3cc(O)c(O)cc3N12)C(=O)NC(CO)C(=O)NC(CO)C(=O)NC(CO)C(=O)NCC(=O)NC1CCCCNC(=O)C(CO)NC(=O)C(CO)NC(=O)C(CCCN(O)C=O)NC1=O,"Ser, Ser, Lys, Gly, ChrP, SucAA, Ac-OH-Orn, Lys, Ser, Ser, Ser, Ser, Fo-OH-Orn",13,1,0,C62H97N19O26,1524.548044,Pseudomonas rhodesiae Lille 25,1,0,0,0,0,0,0,1,0,0,0,0,0,0,0,0,Pseudomonadota,Orn derivatives,ChrP,,,,,,,"Budzikiewicz, H., et al. ""Siderophores of the Pseudomonadaceae sensu stricto (fluorescent and non-fluorescent Pseudomonas spp.)."" Progress in the chemistry of organic natural products (2004): 81-237.; Ye, Lumeng, et al. ""Draft genome sequence analysis of a Pseudomonas putida W15Oct28 strain with antagonistic activity to Gram-positive and Pseudomonas sp. pathogens."" PLoS One 9.11 (2014): e110038.",,,,,,62,97,19,26,0,0.639175258,3.263157895,2.384615385,0,Ruolin He,4,3,10,-2.256,2.813571057
466,Pyoverdine 7.12,Pyoverdine 13525; Pyoverdine Pf 1/1/1; Pseudobactin 374; Pyoverdine SA,2,2,1,0,0,0,0,0,0,0,0,0,0,0,0,6,Catecholate/Hydroxamate,NRPS,CC(=O)N(O)CCC[C@H](NC(=O)CNC(=O)[C@H](CCCCN)NC(=O)[C@@H](CO)NC(=O)C1CCNC2C(NC(=O)CCC(N)=O)=Cc3cc(O)c(O)cc3N12)C(=O)N[C@@H]1CCCCNC(=O)[C@H](CO)NC(=O)[C@@H](CCCN(O)C=O)NC1=O,"Lys, Ac-OH-Orn, Lys, Ser, Gly, ChrP, Ser, Fo-OH-Orn, SucAA",9,1,0,C50H77N15O18,1176.238292,Pseudomonas fluorescens ATCC 13525; Pseudomonas fluorescens WCS374r,1,0,0,0,0,0,0,1,0,0,0,0,0,0,0,0,Pseudomonadota,Orn derivatives,ChrP,,,,,,,"Hohlneicher, U., et al. ""Pyoverdin, ferribactin, azotobactin-a new triade of siderophores from Pseudomonas chlororaphis ATCC 9446 and its relation to Pseudomonas fluorescens ATCC 13525."" Zeitschrift für Naturforschung C 50.5-6 (1995): 337-344.",,,,,,50,77,15,18,0,0.649350649,3.333333333,2.777777778,0,Ruolin He,4,3,11,-2.716,3.113906799
467,Pyoverdine 7.17,,1,2,1,0,0,0,0,0,0,0,0,0,0,0,0,6,Catecholate/Hydroxamate,NRPS,CC(=O)N(O)CCC[C@H]1NC(=O)[C@@H](NC(=O)[C@H](CCCN(O)C=O)NC(=O)[C@H](CCCN)NC(=O)[C@@H](CO)NC(=O)C2CCNC3C(NC(=O)CCC(N)=O)=Cc4cc(O)c(O)cc4N23)CCCCNC(=O)[C@H](CO)NC(=O)[C@H](CCC(=O)O)NC1=O,"Ac-OH-Orn, Lys, Ser, ChrP, SucAA, Glu, Fo-OH-Orn, Orn, Ser",9,1,0,C52H79N15O20,1234.274464,Pseudomonas sp.,1,0,0,0,0,0,0,1,0,0,0,0,0,0,0,0,Pseudomonadota,Orn derivatives,ChrP,,,,,,,"Schäfer, Mathias, et al. ""Structure elucidation of cyclic pyoverdins and examination of rearrangement reactions in MS/MS experiments by determination of exact product ion masses."" Journal of mass spectrometry 41.9 (2006): 1162-1170.",,,,,,52,79,15,20,0,0.658227848,3.466666667,2.6,0,Ruolin He,4,3,12,-2.796,3.055473849
468,Pyoverdine 7.15,,1,2,1,0,0,0,0,0,0,0,0,0,0,0,0,6,Catecholate/Hydroxamate,NRPS,CC(=O)N(O)CCC[C@H](NC(=O)[C@H](C)NC(=O)[C@@H](CO)NC(=O)C1CCNC2C(NC(=O)CCC(N)=O)=Cc3cc(O)c(O)cc3N12)C(=O)N[C@H]1CCCNC(=O)[C@H](CO)NC(=O)[C@H](CCCN(O)C(C)=O)NC(=O)[C@@H](CC(=O)O)NC1=O,"Ala, Ser, Ac-OH-Orn, ChrP, SucAA, Orn, Asp, Ser, Ac-OH-Orn",9,1,0,C49H72N14O20,1177.179954,Pseudomonas fluorescens,1,0,0,0,0,0,0,1,0,0,0,0,0,0,0,0,Pseudomonadota,Orn derivatives,ChrP,,,,,,,"Fernández, Diana Uría, et al. ""The pyoverdin of Pseudomonas fluorescens G173, a novel structural type accompanied by unexpected natural derivatives of the corresponding ferribactin."" Zeitschrift für Naturforschung C 58.1-2 (2003): 1-10.",,,,,,49,72,14,20,0,0.680555556,3.5,2.45,0,Ruolin He,4,3,13,-2.954,3.112925493
455,Pyoverdine 8.3,Pyoverdine D-TR133,1,2,1,0,0,0,0,0,0,0,0,0,0,0,0,6,Catecholate/Hydroxamate,NRPS,CC1NC(=O)C(C)NC(=O)[C@@H](NC(=O)[C@H](CCCCN)NC(=O)[C@@H](CCCN(O)C=O)NC(=O)[C@H](CC(=O)O)NC(=O)C2CCNC3C(NC(=O)CCC(N)=O)=Cc4cc(O)c(O)cc4N23)C(C)OC(=O)C(C)NC(=O)C(CCCN(O)C=O)NC1=O,"Fo-OH-Orn, Asp, ChrP, SucAA, aThr/Thr, Lys, Fo-OH-Orn, Ala, Ala, Ala",10,1,0,C52H77N15O20,1232.258582,Pseudomonas chlororaphis,1,0,0,0,0,0,0,1,0,0,0,0,0,0,0,0,Pseudomonadota,Orn derivatives,ChrP,,,,,,,"Barelmann, Insa, et al. ""The pyoverdine from Pseudomonas chlororaphis D-TR133 showing mutual acceptance with the pyoverdine of Pseudomonas fluorescens CHA0."" Biometals 16 (2003): 263-270.",,,,,,52,77,15,20,0,0.675324675,3.466666667,2.6,0,Ruolin He,4,3,14,-3.19,3.057436347
454,Pyoverdine 8.8,Pyoverdine CHA0; Pyoverdine CHAO; Pyoverdine Pf-5,4,2,1,0,0,0,0,0,0,0,0,0,0,0,0,6,Catecholate/Hydroxamate,NRPS,CC1OC(=O)[C@H](CCCCN)NC(=O)[C@@H](CCCN(O)C=O)NC(=O)[C@@H](C)NC(=O)[C@H](C)NC(=O)[C@H]1NC(=O)[C@H](CCCCN)NC(=O)[C@@H](CCCN(O)C=O)NC(=O)[C@@H](CC(=O)O)NC(=O)C1CCNC2C(NC(=O)CCC(N)=O)=Cc3cc(O)c(O)cc3N12,"Lys, Fo-OH-Orn, Lys, Fo-OH-Orn, Ala, aThr/Thr, Ala, Asp, ChrP, SucAA",10,1,0,C55H84N16O20,1289.353092,Pseudomonas fluorescens CHAO; Pseudomonas protegens Pf-5; Pseudomonas protegens CHA0; Pseudomonas environmental isolate 3G07,1,0,0,0,0,0,0,1,0,0,0,0,0,0,0,0,Pseudomonadota,Orn derivatives,ChrP,,,,,,,"Wong-Lun-Sang, Sonny, et al. ""Bacterial siderophores: structure elucidation, 2D 1H and 13C NMR assignments of pyoverdins produced by Pseudomonas fluorescens CHAO."" Tetrahedron letters 37.19 (1996): 3329-3332.; Hartney, Sierra L., et al. ""Ferric-pyoverdine recognition by Fpv outer membrane proteins of Pseudomonas protegens Pf-5."" Journal of bacteriology 195.4 (2013): 765-776.; Ye, Lumeng, et al. ""Draft genome sequence analysis of a Pseudomonas putida W15Oct28 strain with antagonistic activity to Gram-positive and Pseudomonas sp. pathogens."" PLoS One 9.11 (2014): e110038.; Rehm, Karoline, et al. ""A comprehensive method to elucidate pyoverdines produced by fluorescent Pseudomonas spp. by UHPLC-HR-MS/MS."" Analytical and Bioanalytical Chemistry 414.8 (2022): 2671-2685.",,,,,,55,84,16,20,0,0.654761905,3.4375,2.75,0,Ruolin He,4,3,15,-3.07,3.003587665
453,Pyoverdine 8.7,Pyoverdine I-III,1,2,1,0,0,0,0,0,0,0,0,0,0,0,0,6,Catecholate/Hydroxamate,NRPS,CC1NC(=O)C(C)NC(=O)[C@@H](NC(=O)[C@H](CCCCN)NC(=O)[C@@H](CCCN(O)C=O)NC(=O)[C@@H](CC(N)=O)NC(=O)C2CCNC3C(NC(=O)CCC(=O)O)=Cc4cc(O)c(O)cc4N23)C(C)OC(=O)[C@H](CCCCN)NC(=O)[C@@H](CCCN(O)C=O)NC1=O,"Ala, aThr/Thr, Fo-OH-Orn, Ala, Lys, Fo-OH-Orn, Asn, Lys, ChrP, Suc",10,1,0,C55H84N16O20,1289.353092,Pseudomonas fluorescens,1,0,0,0,0,0,0,1,0,0,0,0,0,0,0,0,Pseudomonadota,Orn derivatives,ChrP,,,,,,,"Budzikiewicz, H., et al. ""Siderophores of the Pseudomonadaceae sensu stricto (fluorescent and non-fluorescent Pseudomonas spp.)."" Progress in the chemistry of organic natural products (2004): 81-237.",,,,,,55,84,16,20,0,0.654761905,3.4375,2.75,0,Ruolin He,4,3,16,-3.07,3.003587665
452,Pyoverdine 3B19,,1,2,1,0,0,0,0,0,0,0,0,0,0,0,0,6,Catecholate/Hydroxamate,NRPS,CC1NC(=O)C(C)NC(=O)C(NC(=O)C(CCCCN)NC(=O)C(CCCN(O)C=O)NC(=O)C(CC(=O)O)NC(=O)C2CCNC3C(NC(=O)CCC(=O)O)=Cc4cc(O)c(O)cc4N23)C(C)OC(=O)C(CCCCN)NC(=O)C(CCCN(O)C=O)NC(=O)C(CCCCN)NC1=O,"Fo-OH-Orn, Asp, Fo-OH-Orn, Lys, ChrP, Lys, Ala, aThr/Thr, Lys, Ala, Suc",11,1,0,C61H95N17O22,1418.510396,Pseudomonas environmental isolate 3B19,1,0,0,0,0,0,0,1,0,0,0,0,0,0,0,0,Pseudomonadota,Orn derivatives,ChrP,,,,,,,"Rehm, Karoline, et al. ""A comprehensive method to elucidate pyoverdines produced by fluorescent Pseudomonas spp. by UHPLC-HR-MS/MS."" Analytical and Bioanalytical Chemistry 414.8 (2022): 2671-2685.",,,,,,61,95,17,22,0,0.642105263,3.588235294,2.772727273,0,Ruolin He,4,3,17,-3.082,2.893593623
472,Pyoverdine 6.5,,1,2,1,0,0,0,0,0,0,0,0,0,0,0,0,6,Catecholate/Hydroxamate,NRPS,NC(=O)CCC(=O)NC1=Cc2cc(O)c(O)cc2N2C(C(=O)NC(CO)C3=NCCC(C(=O)NC(CCCN(O)C=O)C(=O)NC(CCC(N)=O)C(=O)NC(CCCN(O)C=O)C(=O)NCC(=O)O)N3)CCNC12,"Dab, Ser, ChrP, Fo-OH-Orn, Gln, Fo-OH-Orn, SucAA, Gly",8,1,0,C43H62N14O17,1047.037889,Pseudomonas aeruginosa,1,0,0,0,0,0,0,1,0,0,0,0,0,0,0,0,Pseudomonadota,Orn derivatives,ChrP,,,,,,,"Ruangviriyachai, Chalerm, et al. ""A new pyoverdin from Pseudomonas aeruginosa R'."" Zeitschrift für Naturforschung C 56.11-12 (2001): 933-938.",,,,,,43,62,14,17,0,0.693548387,3.071428571,2.529411765,0,Ruolin He,4,3,18,-2.597,3.260438051
471,Pyoverdine 7.14,Pyoverdine R; Pyoverdine Pa6,4,2,1,0,0,0,0,0,0,0,0,0,0,0,0,6,Catecholate/Hydroxamate,NRPS,CC(=O)N(O)CCC[C@H](NC(=O)[C@@H](CCC(N)=O)NC(=O)[C@H](CCC(N)=O)NC(=O)[C@H](CCCN(O)C=O)NC(=O)[C@@H]1CCN=C([C@@H](CO)NC(=O)C2CCNC3C(NC(=O)CCC(N)=O)=Cc4cc(O)c(O)cc4N23)N1)C(=O)NCC(=O)O,"Fo-OH-Orn, Dab, Ser, ChrP, Gln, Gln, Ac-OH-Orn, SucAA, Gly",9,1,0,C49H72N16O19,1189.193955,Pseudomonas aeruginosa R; Pseudomonas aeruginosa Pa6; Pseudomonas aeruginosa 59.20; Pseudomonas aeruginosa 206–12,1,0,0,0,0,0,0,1,0,0,0,0,0,0,0,0,Pseudomonadota,Orn derivatives,ChrP,,,,,,,"Cornelis, P. I. E. R. R. E., Dany Hohnadel, and JEAN-MARIE Meyer. ""Evidence for different pyoverdine-mediated iron uptake systems among Pseudomonas aeruginosa strains."" Infection and immunity 57.11 (1989): 3491-3497.; Gipp, S., et al. ""Zwei Pyoverdine aus Pseudomonas aeruginosa R./Two Pyoverdins from Pseudomonas aeruginosa R."" Zeitschrift für Naturforschung C 46.7-8 (1991): 534-541.; Ye, Lumeng, et al. ""Draft genome sequence analysis of a Pseudomonas putida W15Oct28 strain with antagonistic activity to Gram-positive and Pseudomonas sp. pathogens."" PLoS One 9.11 (2014): e110038.; Rehm, Karoline, et al. ""A comprehensive method to elucidate pyoverdines produced by fluorescent Pseudomonas spp. by UHPLC-HR-MS/MS."" Analytical and Bioanalytical Chemistry 414.8 (2022): 2671-2685.",,,,,,49,72,16,19,0,0.680555556,3.0625,2.578947368,0,Ruolin He,4,3,19,-2.769,3.100504844
470,Pyoverdine 8.1,Pyoverdine A214,1,1,1,0,0,0,1,0,0,0,0,0,0,0,0,6,Alpha-Hydroxycarboxylate/Catecholate/Hydroxamate,NRPS,CC(=O)N(O)CCC[C@@H](NC(=O)[C@@H](CO)NC(=O)C1CCNC2C(NC(=O)CCC(N)=O)=Cc3cc(O)c(O)cc3N12)C(=O)N[C@@H](C)C(=O)NCC(=O)N[C@@H]1COC(=O)[C@H](C(C)O)NC(=O)[C@H](C(O)C(=O)O)NC(=O)[C@H](C)NC1=O,"Ala, Ac-OH-Orn, ChrP, SucAA, Gly, Ser, aThr/Thr, OH-Asp, Ala, Ser",10,1,0,C46H65N13O21,1136.084849,Pseudomonas putida,1,0,0,0,0,0,0,1,0,0,0,0,0,0,0,0,Pseudomonadota,Orn derivatives,ChrP,Asp,,,,,,"Barelmann, Insa, et al. ""The pyoverdine from Pseudomonas chlororaphis D-TR133 showing mutual acceptance with the pyoverdine of Pseudomonas fluorescens CHA0."" Biometals 16 (2003): 263-270.",,,,,,46,65,13,21,0,0.707692308,3.538461538,2.19047619,0,Ruolin He,4,3,20,-2.687,3.156842077
469,Pyoverdine 8.2,Pyoverdine P19; Pseudobactin 7SR1,4,1,1,0,0,0,1,0,0,0,0,0,0,0,0,6,Alpha-Hydroxycarboxylate/Catecholate/Hydroxamate,NRPS,CC(=O)N(O)CCC[C@@H](NC(=O)[C@@H](CO)NC(=O)C1CCNC2C(NC(=O)CCC(N)=O)=Cc3cc(O)c(O)cc3N12)C(=O)N[C@@H](C)C(=O)NCC(=O)N[C@@H]1COC(=O)[C@H](C(C)O)NC(=O)C([C@@H](O)C(=O)O)NC(=O)[C@H](CO)NC1=O,"Ser, Ser, Gly, aThr/Thr, OH-Asp, Ac-OH-Orn, Ser, Ala, ChrP, SucAA",10,1,0,C46H65N13O22,1152.084254,Pseudomonas fluorescens G173; Pseudomonas sp. 7SR1; Pseudomonas brassicacearum LMG 21623T; Pseudomonas fluorescens PL9,1,0,0,0,0,0,0,1,0,0,0,0,0,0,0,0,Pseudomonadota,Orn derivatives,ChrP,Asp,,,,,,"Yang, Chien Chin, and John Leong. ""Structure of pseudobactin 7SR1, a siderophore from a plant-deleterious Pseudomonas."" Biochemistry 23.15 (1984): 3534-3540.; Fernández, Diana Uría, et al. ""The pyoverdin of Pseudomonas fluorescens G173, a novel structural type accompanied by unexpected natural derivatives of the corresponding ferribactin."" Zeitschrift für Naturforschung C 58.1-2 (2003): 1-10.; Ye, Lumeng, et al. ""Draft genome sequence analysis of a Pseudomonas putida W15Oct28 strain with antagonistic activity to Gram-positive and Pseudomonas sp. pathogens."" PLoS One 9.11 (2014): e110038.",,,,,,46,65,13,22,0,0.707692308,3.538461538,2.090909091,0,Ruolin He,4,3,21,-2.483,3.139474041
448,Pyoverdine W15Oct28,,1,1,1,0,0,0,1,0,0,0,0,0,0,0,0,6,Alpha-Hydroxycarboxylate/Catecholate/Hydroxamate,NRPS,CC(=O)N(O)CCC[C@@H](NC(=O)[C@H](C)NC(=O)C[C@H](NC(=O)C1CCNC2C(NC(=O)CCC(=O)C(=O)O)Cc3cc(O)c(O)cc3N12)C(=O)O)C(=O)N[C@H](C(=O)NCC(=O)N[C@@H]1C(=O)N[C@@H](CCO)C(=O)N[C@H](C(O)C(=O)O)C(=O)N[C@@H](CO)C(=O)N[C@@H](CCCN)C(=O)N[C@@H](CCO)C(=O)N[C@@H](CO)C(=O)O[C@@H]1C)[C@@H](C)O,"ChrD, 2-KGA, Ac-OH-Orn, Ala, Asp, OH-Asp, Hse, Ser, Hse, Orn, Gly, aThr/Thr, aThr/Thr, Ser",14,1,0,C65H97N17O32,1628.563288,Pseudomonas putida W15Oct28,1,0,0,0,0,0,0,1,0,0,0,0,0,0,0,0,Pseudomonadota,Orn derivatives,ChrP,Asp,,,,,,"Ye, Lumeng, et al. ""A combinatorial approach to the structure elucidation of a pyoverdine siderophore produced by a Pseudomonas putida isolate and the use of pyoverdine as a taxonomic marker for typing P. putida subspecies."" Biometals 26 (2013): 561-575.","Ye, Lumeng, et al. ""A combinatorial approach to the structure elucidation of a pyoverdine siderophore produced by a Pseudomonas putida isolate and the use of pyoverdine as a taxonomic marker for typing P. putida subspecies."" Biometals 26 (2013): 561-575.",,,,,65,97,17,32,0,0.670103093,3.823529412,2.03125,0,Ruolin He,4,7,1,-2.409,2.742509733
449,Pyoverdine 7.11,Pyoverdine 19310,1,0,1,0,0,0,2,0,0,0,0,0,0,0,0,6,Alpha-Hydroxycarboxylate/Catecholate,NRPS,CC(O)[C@H](NC(=O)[C@H](NC(=O)[C@@H](N)CCCNC(=O)C1CCNC2C(NC(=O)CCC(N)=O)=Cc3cc(O)c(O)cc3N12)C(O)C(=O)O)C(=O)N[C@H]1C(=O)N[C@@H](CO)C(=O)NC([C@@H](O)C(=O)O)C(=O)N[C@@H](CO)C(=O)OC1C,"aThr/Thr, Ser, ChrP, SucAA, OH-Asp, Ser, aThr/Thr, OH-Asp, Orn",9,1,0,C44H62N12O22,1111.032248,Pseudomonas syringae B728a,1,0,0,0,0,0,0,1,0,0,0,0,0,0,0,0,Pseudomonadota,,ChrP,Asp,,,,,,"Jülich, Markus, et al. ""The structure of the pyoverdin isolated from various Pseudomonas syringae pathovars."" Zeitschrift für Naturforschung C 56.9-10 (2001): 687-694.",,,,,,44,62,12,22,0,0.709677419,3.666666667,2,0,Ruolin He,4,5,1,-2.211,3.184763587
450,Pyoverdine 7.7,,1,0,1,0,0,0,3,0,0,0,0,0,0,0,0,8,Alpha-Hydroxycarboxylate/Catecholate,NRPS,CC1OC(=O)[C@H](CO)NC(=O)[C@@H](C(O)C(=O)O)NC(=O)[C@H](C(O)C(=O)O)NC(=O)CNC(=O)[C@@H]1NC(=O)[C@H](NC(=O)[C@H](N)CCCCNC(=O)C1CCNC2C(NC(=O)CCC(N)=O)=Cc3cc(O)c(O)cc3N12)C(O)C(=O)O,"aThr/Thr, Ser, Gly, Lys, ChrP, OH-Asp, OH-Asp, OH-Asp, SucAA",9,1,0,C44H60N12O23,1125.015771,Pseudomonas cichorii,1,0,0,0,0,0,0,1,0,0,0,0,0,0,0,0,Pseudomonadota,,ChrP,Asp,,,,,,"Bultreys, Alain, et al. ""The pyoverdins of Pseudomonas syringae and Pseudomonas cichorii."" Zeitschrift für Naturforschung C 59.9-10 (2004): 613-618.",,,,,,44,60,12,23,0,0.733333333,3.666666667,1.913043478,0,Ruolin He,4,5,2,-2.396,3.169067325
451,Pyoverdine 10.11,Pyoverdine 9.6,1,0,1,0,0,0,2,0,0,0,0,0,0,0,0,6,Alpha-Hydroxycarboxylate/Catecholate,NRPS,CC(NC(=O)C1CCNC2C(NC(=O)CCC(N)=O)=Cc3cc(O)c(O)cc3N12)C(=O)NC(CCCCN)C(=O)NC(CCN)C(=O)NC(C(=O)NC1C(=O)NCC(=O)NC(C(O)C(=O)O)C(=O)NCC(=O)NC(C(C)O)C(=O)NC(C(C)O)C(=O)OC1C)C(O)C(=O)O,"aThr/Thr, Gly, Gly, aThr/Thr, Ala, ChrP, Lys, aThr/Thr, Dab, OH-Asp, OH-Asp, SucAA",12,1,0,C54H80N16O24,1337.308208,Pseudomonas putida,1,0,0,0,0,0,0,1,0,0,0,0,0,0,0,0,Pseudomonadota,,ChrP,Asp,,,,,,"Meyer, Jean-Marie, et al. ""Siderotyping of fluorescent Pseudomonas: molecular mass determination by mass spectrometry as a powerful pyoverdine siderotyping method."" Biometals 21 (2008): 259-271.",,,,,,54,80,16,24,0,0.675,3.375,2.25,0,Ruolin He,4,5,3,-2.458,2.960958437
485,Pyoverdine 10.1,Pyoverdine 2798,3,1,1,0,0,0,1,0,0,0,0,0,0,0,0,6,Alpha-Hydroxycarboxylate/Catecholate/Hydroxamate,NRPS,C[C@H](NC(=O)[C@H](NC(=O)[C@H](CO)NC(=O)CNC(=O)[C@@H]1CCN=C(C(CO)NC(=O)[C@@H]2CCNC3C(NC(=O)CC(O)C(N)=O)=Cc4cc(O)c(O)cc4N32)N1)C(O)C(=O)O)C(=O)NCC(=O)N[C@H](C)C(=O)NCC(=O)N[C@H]1CCCN(O)C1=O,"Ser, Gly, Gly, Ala, OH-Asp, Ala, Dab, Ser, ChrP, APF, OH-cOrn, Gly",12,1,0,C48H68N16O21,1205.150261,Pseudomonas fluorescens CCM 2798; Pseudomonas fluorescens PflW; Pseudomonas brenneri LMG 23068T,1,0,0,0,0,0,0,1,0,0,0,0,0,0,0,0,Pseudomonadota,Orn derivatives,ChrP,Asp,,,,,,"Demange, Pascal, et al. ""Bacterial siderophores: structures of pyoverdins Pt, siderophores of Pseudomonas tolaasii NCPPB 2192, and pyoverdins Pf, siderophores of Pseudomonas fluorescens CCM 2798. Identification of an unusual natural amino acid."" Biochemistry 29.50 (1990): 11041-11051.; Ye, Lumeng, et al. ""Draft genome sequence analysis of a Pseudomonas putida W15Oct28 strain with antagonistic activity to Gram-positive and Pseudomonas sp. pathogens."" PLoS One 9.11 (2014): e110038.",,,,,,48,68,16,21,0,0.705882353,3,2.285714286,0,Ruolin He,4,1,1,-2.438,3.084287075
484,Pyoverdine L48,,1,1,1,0,0,0,0,0,0,0,1,0,0,0,0,6,Alpha-Hydroxyimidazole/Catecholate/Hydroxamate,NRPS,CC(NC(=O)CNC(=O)CNC(=O)C(NC(=O)C(CCN)NC(=O)C(CC(N)=O)NC(=O)C(C)NC(=O)C1CCNC2C(NC(=O)CCC(=O)O)=Cc3cc(O)c(O)cc3N12)C(O)c1cnc[nH]1)C(=O)NC(C(=O)NC(CO)C(=O)NC1CCCN(O)C1=O)C(C)O,"ChrP, Suc, Ser, aThr/Thr, Dab, Asn, Ala, Ala, Gly, Gly, OH-His, OH-cOrn",12,1,0,C53H76N18O21,1301.280895,Pseudomonas entomophila L48,1,0,0,0,0,0,0,1,0,0,0,0,0,0,0,0,Pseudomonadota,Orn derivatives,ChrP,,,,His,,,"Matthijs, Sandra, et al. ""Siderophore-mediated iron acquisition in the entomopathogenic bacterium Pseudomonas entomophila L48 and its close relative Pseudomonas putida KT2440."" Biometals 22 (2009): 951-964.","Matthijs, Sandra, et al. ""Siderophore-mediated iron acquisition in the entomopathogenic bacterium Pseudomonas entomophila L48 and its close relative Pseudomonas putida KT2440."" Biometals 22 (2009): 951-964.",,,,,53,76,18,21,0,0.697368421,2.944444444,2.523809524,0,Ruolin He,4,1,2,-2.574,2.992772518
483,Pyoverdine pf224,,1,1,1,0,0,0,0,0,0,0,1,0,0,0,0,6,Alpha-Hydroxyimidazole/Catecholate/Hydroxamate,NRPS,CC(O)C(NC(=O)C(NC(=O)C(CCCCN)NC(=O)C(CO)NC(=O)C1CCNC2C(NC(=O)CCC(=O)O)=Cc3cc(O)c(O)cc3N12)C(O)c1cnc[nH]1)C(=O)NC(CO)C(=O)NC1CCCN(O)C1=O,"aThr/Thr, OH-His, Ser, Lys, Ser, ChrP, Suc, OH-cOrn",8,1,0,C44H63N13O17,1046.049867,Pseudomonas taiwanensis DSM 21245,1,0,0,0,0,0,0,1,0,0,0,0,0,0,0,0,Pseudomonadota,Orn derivatives,ChrP,,,,His,,,"Chen, Bosheng, et al. ""Biodiversity and activity of the gut microbiota across the life history of the insect herbivore Spodoptera littoralis."" Scientific reports 6.1 (2016): 29505.","Chen, Bosheng, et al. ""Biodiversity and activity of the gut microbiota across the life history of the insect herbivore Spodoptera littoralis."" Scientific reports 6.1 (2016): 29505.",,,,,44,63,13,17,0,0.698412698,3.384615385,2.588235294,0,Ruolin He,4,1,3,-2.413,3.261658902
486,Pyoverdine 7.3,Pyoverdine G + R; Pyoverdine G4R,3,1,1,0,0,0,1,0,0,0,0,0,0,0,0,6,Alpha-Hydroxycarboxylate/Catecholate/Hydroxamate,NRPS,NCCC[C@H](NC(=O)[C@H](CC(=O)O)NC(=O)C1CCNC2C(NC(=O)CCC(N)=O)=Cc3cc(O)c(O)cc3N12)C(=O)N[C@@H](C1=NCC[C@@H](C(=O)NCC(=O)N[C@@H](CO)C(=O)N[C@H]2CCCN(O)C2=O)N1)C(O)C(=O)O,"Gly, Dab, Asp, ChrP, Ser, SucAA, OH-Asp, Orn, OH-cOrn",9,1,0,C44H62N14O18,1075.048034,Pseudomonas putida KT2440; Pseudomonas putida G4R; Pseudomonas putida BIRD-1,1,0,0,0,0,0,0,1,0,0,0,0,0,0,0,0,Pseudomonadota,Orn derivatives,ChrP,Asp,,,,,,"El Din, Abdel Latif M. Salah, et al. ""Bacterial iron transport: structure elucidation by FAB-MS and by 2D NMR (1H, 13C, 15N) of pyoverdin G4R, a peptidic siderophore produced by a nitrogen-fixing strain of Pseudomonas putida."" Tetrahedron 53.37 (1997): 12539-12552.; Ye, Lumeng, et al. ""Draft genome sequence analysis of a Pseudomonas putida W15Oct28 strain with antagonistic activity to Gram-positive and Pseudomonas sp. pathogens."" PLoS One 9.11 (2014): e110038.",,,,,,44,62,14,18,0,0.709677419,3.142857143,2.444444444,0,Ruolin He,4,1,4,-2.577,3.226509808
487,Pyoverdine 10.2,,1,1,1,0,0,0,1,0,0,0,0,0,0,0,0,6,Alpha-Hydroxycarboxylate/Catecholate/Hydroxamate,NRPS,C[C@@H](NC(=O)C1CCNC2C(NC(=O)CCC(=O)O)=Cc3cc(O)c(O)cc3N12)C(=O)N[C@H](CCCCN)C(=O)NCC(=O)NCC(=O)N[C@@H](C(=O)N[C@H](CCC(N)=O)C1=NCC[C@@H](C(=O)NCC(=O)N[C@@H](CO)C(=O)N[C@H]2CCCN(O)C2=O)N1)C(O)C(=O)O,"Gln, OH-Asp, OH-cOrn, Ser, Dab, Lys, Ala, Gly, Gly, ChrP, Gly, Suc",12,1,0,C53H77N17O21,1288.282133,Pseudomonas fluorescens,1,0,0,0,0,0,0,1,0,0,0,0,0,0,0,0,Pseudomonadota,Orn derivatives,ChrP,Asp,,,,,,"Georgias, Halka, et al. ""The structure of the pyoverdin from Pseudomonas fluorescens 1.3. Structural and biological relationships of pyoverdins from different strains."" Zeitschrift für Naturforschung C 54.5-6 (1999): 301-308.",,,,,,53,77,17,21,0,0.688311688,3.117647059,2.523809524,0,Ruolin He,4,1,5,-2.708,3.004565806
488,Pyoverdine 10.3,Pyoverdine 17400,1,1,1,0,0,0,1,0,0,0,0,0,0,0,0,6,Alpha-Hydroxycarboxylate/Catecholate/Hydroxamate,NRPS,C[C@@H](NC(=O)[C@H](CO)NC(=O)[C@@H]1CCN=C([C@@H](CCC(N)=O)NC(=O)[C@@H](NC(=O)CNC(=O)CNC(=O)[C@@H](CCCCN)NC(=O)[C@@H](C)NC(=O)[C@@H]2CCNC3C(NC(=O)CCC(N)=O)=Cc4cc(O)c(O)cc4N32)C(O)C(=O)O)N1)C(=O)N[C@H]1CCCN(O)C1=O,"Dab, Gln, OH-Asp, Gly, Lys, Ala, Gly, OH-cOrn, Ala, ChrP, SucAA, Ser",12,1,0,C54H80N18O20,1301.323994,Pseudomonas fluorescens ATCC 17400,1,0,0,0,0,0,0,1,0,0,0,0,0,0,0,0,Pseudomonadota,Orn derivatives,ChrP,Asp,,,,,,"Demange, Pascal, et al. ""Bacterial siderophores: structures of pyoverdins Pt, siderophores of Pseudomonas tolaasii NCPPB 2192, and pyoverdins Pf, siderophores of Pseudomonas fluorescens CCM 2798. Identification of an unusual natural amino acid."" Biochemistry 29.50 (1990): 11041-11051.",,,,,,54,80,18,20,0,0.675,3,2.7,0,Ruolin He,4,1,6,-2.77,2.9927337
489,Pyoverdine 10.6,"Pyoverdine 1, 2",1,1,1,0,0,0,1,0,0,0,0,0,0,0,0,6,Alpha-Hydroxycarboxylate/Catecholate/Hydroxamate,NRPS,CC(O)[C@H](NC(=O)[C@H](CO)NC(=O)C1CCNC2C(NC(=O)CCC(N)=O)=Cc3cc(O)c(O)cc3N12)C(=O)N[C@H](CO)C(=O)N[C@@H](CCCN)C(=O)N[C@@H](C(=O)N[C@H](CCC(N)=O)C1=NCCC(C(=O)N[C@@H](CO)C(=O)N[C@@H](C(=O)N[C@H]2CCCN(O)C2=O)C(C)O)N1)C(O)C(=O)O,"Dab, Gln, OH-Asp, Orn, Ser, aThr/Thr, Ser, ChrP, SucAA, aThr/Thr, Ser, OH-cOrn",12,1,0,C57H86N18O24,1407.40148,Pseudomonas fluorescens,1,0,0,0,0,0,0,1,0,0,0,0,0,0,0,0,Pseudomonadota,Orn derivatives,ChrP,Asp,,,,,,"Gwose, I., and K. Taraz. ""Pyoverdine aus Pseudomonas putida/Pyoverdins from Pseudomonas putida."" Zeitschrift für Naturforschung C 47.7-8 (1992): 487-502.",,,,,,57,86,18,24,0,0.662790698,3.166666667,2.375,0,Ruolin He,4,1,7,-2.235,2.902476581
490,Pyoverdine 7.2,Pyoverdine BTP2,2,1,1,0,0,0,1,0,0,0,0,0,0,0,0,6,Alpha-Hydroxycarboxylate/Catecholate/Hydroxamate,NRPS,CC(C)[C@H](NC(=O)[C@@H](CO)NC(=O)C1CCNC2C(NC(=O)CCC(N)=O)=Cc3cc(O)c(O)cc3N12)C(=O)N[C@H](C(=O)NCC(=O)N[C@H](C(=O)N[C@H](CO)C(=O)N[C@H]1CCCN(O)C1=O)[C@@H](C)O)[C@H](O)C(=O)O,"OH-cOrn, Ser, Gly, OH-Asp, Val, aThr/Thr, Ser, ChrP, SucAA",9,1,0,C43H62N12O19,1051.023293,Pseudomonas fluorescens BTP2; Pseudomonas environmental isolate S3c13,1,0,0,0,0,0,0,1,0,0,0,0,0,0,0,0,Pseudomonadota,Orn derivatives,ChrP,Asp,,,,,,"Ongena, Marc, et al. ""The pyoverdin of Pseudomonas fluorescens BTP2, a novel structural type."" Tetrahedron Letters 42.34 (2001): 5849-5851.; Rehm, Karoline, et al. ""A comprehensive method to elucidate pyoverdines produced by fluorescent Pseudomonas spp. by UHPLC-HR-MS/MS."" Analytical and Bioanalytical Chemistry 414.8 (2022): 2671-2685.",,,,,,43,62,12,19,0,0.693548387,3.583333333,2.263157895,0,Ruolin He,4,1,8,-2.409,3.255530449
491,Pyoverdine 11.1,Pyoverdine 51W,1,1,1,0,0,0,1,0,0,0,0,0,0,0,0,6,Alpha-Hydroxycarboxylate/Catecholate/Hydroxamate,NRPS,C[C@H](NC(=O)[C@@H](CO)NC(=O)[C@@H](CCC(N)=O)NC(=O)C(NC(=O)CNC(=O)CNC(=O)[C@@H](CCCCN)NC(=O)[C@@H](C)NC(=O)C1CCNC2C(NC(=O)CCC(N)=O)=Cc3cc(O)c(O)cc3N12)C(O)C(=O)O)C(=O)NCC(=O)N[C@@H](C(=O)NC1CCCN(O)C1=O)[C@@H](C)O,"Ala, Ser, Gln, OH-Asp, aThr/Thr, Gly, Gly, Lys, Gly, ChrP, SucAA, OH-cOrn, Ala",13,1,0,C56H84N18O23,1377.375453,Pseudomonas fluorescens,1,0,0,0,0,0,0,1,0,0,0,0,0,0,0,0,Pseudomonadota,Orn derivatives,ChrP,Asp,,,,,,"Voss, Jessica, Kambiz Taraz, and Herbert Budzikiewicz. ""A pyoverdin from the Antarctica strain 51W of Pseudomonas fluorescens."" Zeitschrift für Naturforschung C 54.3-4 (1999): 156-162.",,,,,,56,84,18,23,0,0.666666667,3.111111111,2.434782609,0,Ruolin He,4,1,9,-2.515,2.927001574
492,Pyoverdine 12.1,Pyoverdine GM,1,1,1,0,0,0,1,0,0,0,0,0,0,0,0,6,Alpha-Hydroxycarboxylate/Catecholate/Hydroxamate,NRPS,C[C@H](NC(=O)[C@H](C)NC(=O)[C@H](C)NC(=O)[C@@H](CO)NC(=O)[C@H](CCC(N)=O)NC(=O)[C@@H](NC(=O)CNC(=O)CNC(=O)[C@@H](CCCCN)NC(=O)[C@@H](C)NC(=O)C1CCNC2C(NC(=O)CCC(N)=O)=Cc3cc(O)c(O)cc3N12)C(O)C(=O)O)C(=O)N[C@@H](C)C(=O)N[C@H]1CCCN(O)C1=O,"Lys, Ala, Ala, Ala, Gln, OH-Asp, Ala, Ala, ChrP, Gly, OH-cOrn, Ser, Gly, SucAA",14,1,0,C59H89N19O23,1432.454081,Pseudomonas fluorescens,1,0,0,0,0,0,0,1,0,0,0,0,0,0,0,0,Pseudomonadota,Orn derivatives,ChrP,Asp,,,,,,"Mohn, G., K. Taraz, and H. Budzikiewicz. ""New pyoverdin-type siderophores from Pseudomonas fluorescens."" Zeitschrift für Naturforschung B 45.10 (1990): 1437-1450.",,,,,,59,89,19,23,0,0.662921348,3.105263158,2.565217391,0,Ruolin He,4,1,10,-2.773,2.882585073
873,Pyoverdine B10,Pseudobactin B10,1,1,1,0,0,0,1,0,0,0,0,0,0,0,0,6,Alpha-Hydroxycarboxylate/Catecholate/Hydroxamate,NRPS,C[C@H](NC(=O)[C@H](NC(=O)[C@H](C)NC(=O)[C@H](NC(=O)[C@H](CCCCN)NC(=O)[C@@H]1CCNC2C(NC(=O)CCC(N)=O)=Cc3cc(O)c(O)cc3N21)[C@@H](O)C(=O)O)[C@@H](C)O)C(=O)N[C@@H]1CCCN(O)C1=O,"Ala, aThr/Thr, Ala, OH-Asp, Lys, ChrP, SucAA, OH-cOrn",8,1,0,C42H62N12O16,991.014338,Pseudomonas sp. B10,1,0,0,0,0,0,0,1,0,0,0,0,0,0,0,0,Pseudomonadota,Orn derivatives,ChrP,Asp,,,,,,"Ambrosi, C., et al. ""Pseudobactin biogenesis in the plant growth-promoting rhizobacterium Pseudomonas strain B10: identification and functional analysis of the L-ornithine N5-oxygenase (psbA) gene."" Journal of bacteriology 182.21 (2000): 6233-6238.",,,,,,42,62,12,16,0,0.677419355,3.5,2.625,0,Yanzhao Wu; Jiqi Shao; Ruolin He,4,1,11,-2.64,3.332434904
493,Pyoverdine 7.6,,1,1,1,0,0,0,1,0,0,0,0,0,0,0,0,6,Alpha-Hydroxycarboxylate/Catecholate/Hydroxamate,NRPS,CC(NC(=O)C1CCNC2C(NC(=O)CCC(N)=O)=Cc3cc(O)c(O)cc3N12)C(=O)NC(CCCN)C(=O)NC(C(=O)NC(CO)C(=O)NC(CCCN)C(=O)NC(CO)C(=O)NC1CCCN(O)C1=O)C(O)C(=O)O,"OH-Asp, Orn, Ala, Ser, Orn, OH-cOrn, Ser, ChrP, SucAA",9,1,0,C45H68N14O18,1093.10642,Pseudomonas libanensis,1,0,0,0,0,0,0,1,0,0,0,0,0,0,0,0,Pseudomonadota,Orn derivatives,ChrP,Asp,,,,,,"Meyer, Jean-Marie, et al. ""Siderotyping of fluorescent Pseudomonas: molecular mass determination by mass spectrometry as a powerful pyoverdine siderotyping method."" Biometals 21 (2008): 259-271.",,,,,,45,68,14,18,0,0.661764706,3.214285714,2.5,0,Ruolin He,4,1,12,-2.234,3.20531006
494,Pyoverdine 6.2,,1,1,1,0,0,0,1,0,0,0,0,0,0,0,0,6,Alpha-Hydroxycarboxylate/Catecholate/Hydroxamate,NRPS,NCCCCC(NC(=O)[C@@H]1CCNC2C(NC(=O)CCC(N)=O)=Cc3cc(O)c(O)cc3N21)C(=O)NC(C(=O)NC(CO)C(=O)NC(CO)C(=O)NC(CO)C(=O)NC1CCCN(O)C1=O)C(O)C(=O)O,"OH-Asp, Lys, Ser, Ser, Ser, ChrP, SucAA, OH-cOrn",8,1,0,C41H60N12O18,1008.986526,Pseudomonas putida,1,0,0,0,0,0,0,1,0,0,0,0,0,0,0,0,Pseudomonadota,Orn derivatives,ChrP,Asp,,,,,,"Meyer, Jean-Marie, et al. ""Siderotyping of fluorescent Pseudomonas: molecular mass determination by mass spectrometry as a powerful pyoverdine siderotyping method."" Biometals 21 (2008): 259-271.",,,,,,41,60,12,18,0,0.683333333,3.416666667,2.277777778,0,Ruolin He,4,1,13,-2.151,3.308705232
495,Pyoverdine 7.10,,1,1,1,0,0,0,1,0,0,0,0,0,0,0,0,6,Alpha-Hydroxycarboxylate/Catecholate/Hydroxamate,NRPS,NCCCCC(NC(=O)C(CO)NC(=O)C1CCNC2C(NC(=O)CCC(N)=O)=Cc3cc(O)c(O)cc3N12)C(=O)NC(C(=O)NC(CO)C(=O)NC(CCCN)C(=O)NC(CO)C(=O)NC1CCCN(O)C1=O)C(O)C(=O)O,"Ser, OH-Asp, Lys, OH-cOrn, Ser, Orn, Ser, ChrP, SucAA",9,1,0,C46H70N14O19,1123.132447,Pseudomonas sp.,1,0,0,0,0,0,0,1,0,0,0,0,0,0,0,0,Pseudomonadota,Orn derivatives,ChrP,Asp,,,,,,"Meyer, Jean-Marie, et al. ""Siderotyping of fluorescent Pseudomonas: molecular mass determination by mass spectrometry as a powerful pyoverdine siderotyping method."" Biometals 21 (2008): 259-271.",,,,,,46,70,14,19,0,0.657142857,3.285714286,2.421052632,0,Ruolin He,4,1,14,-2.116,3.171164764
496,Pyoverdine 7.4,Pyoverdine PVD,1,1,1,0,0,0,1,0,0,0,0,0,0,0,0,6,Alpha-Hydroxycarboxylate/Catecholate/Hydroxamate,NRPS,NCCC[C@H](NC(=O)[C@@H](CO)NC(=O)C1CCNC2C(NC(=O)CCC(=O)O)=Cc3cc(O)c(O)cc3N12)C(=O)N[C@@H](C(=O)N[C@@H](CO)C(=O)N[C@H](CO)C(=O)N[C@H](CO)C(=O)N[C@H]1CCCN(O)C1=O)C(O)C(=O)O,"Orn, Ser, Ser, Ser, ChrP, OH-Asp, OH-cOrn, Suc, Ser",9,1,0,C43H62N12O21,1083.022103,Pseudomonas sp.,1,0,0,0,0,0,0,1,0,0,0,0,0,0,0,0,Pseudomonadota,Orn derivatives,ChrP,Asp,,,,,,"Vossen, W., and K. Taraz. ""Structure of the Pyoverdin PVD 2908-a new Pyoverdin from Pseudomonas sp. 2908."" Biometals 12.4 (1999): 323.",,,,,,43,62,12,21,0,0.693548387,3.583333333,2.047619048,0,Ruolin He,4,1,15,-2.022,3.217085239
499,Pyoverdine 9.7,Pseudobactin 589A,1,0,1,0,0,0,2,0,0,0,0,0,0,0,0,6,Alpha-Hydroxycarboxylate/Catecholate,NRPS,CC(O)[C@@H](NC(=O)[C@H](CO)NC(=O)[C@H](NC(=O)[C@@H](N)CCCCNC(=O)[C@@H](CC(=O)O)NC(=O)C1CCNC2C(NC(=O)CCC(N)=O)=Cc3cc(O)c(O)cc3N12)C(O)C(=O)O)C(=O)N[C@@H](C)C(=O)N[C@@H](CCC(=O)O)C(=O)N[C@@H](CO)C(=O)N[C@H]1CCCN(O)C1=O,"aThr/Thr, Ser, Ser, Glu, Lys, Asp, OH-Asp, ChrP, SucAA, Ala, OH-cOrn",11,1,0,C54H79N15O25,1338.292969,Pseudomonas putida,1,0,0,0,0,0,0,1,0,0,0,0,0,0,0,0,Pseudomonadota,,ChrP,Asp,,,,,,"Persmark, Magnus, Torbjoern Frejd, and Bo Mattiasson. ""Purification, characterization, and structure of pseudobactin 589 A, a siderophore from a plant growth promoting Pseudomonas."" Biochemistry 29.31 (1990): 7348-7356.",,,,,,54,79,15,25,0,0.683544304,3.6,2.16,0,Ruolin He,4,1,16,-2.387,2.960106281
871,Pyoverdine 358,Pseudobactin 358; Pseudobactin WCS358,1,1,1,0,0,0,1,0,0,0,0,0,0,0,0,6,Alpha-Hydroxycarboxylate/Catecholate/Hydroxamate,NRPS,CC(NC(=O)C(NC(=O)C(CO)NC(=O)C(NC(=O)C(N)CCCCNC(=O)C1CCNC2C(NC(=O)CCC(N)=O)=Cc3cc(O)c(O)cc3N12)C(O)C(=O)O)C(C)O)C(=O)NC(C(=O)NC(CCCCN)C(=O)NC(CC(=O)O)C(=O)NC1CCCN(O)C1=O)C(C)O,"aThr/Thr, Ser, OH-Asp, Lys, OH-cOrn, Asp, Ala, ChrP, Lys, aThr/Thr, SucAA",11,1,0,C56H86N16O23,1351.377929,Pseudomonas putida WCS358,1,0,0,0,0,0,0,1,0,0,0,0,0,0,0,0,Pseudomonadota,Orn derivatives,ChrP,Asp,,,,,,"Venturi, Vittorio, Peter Weisbeek, and Margot Koster. ""Gene regulation of siderophore‐mediated iron acquisition in Pseudomonas: not only the Fur repressor."" Molecular microbiology 17.4 (1995): 603-610.",,,,,,56,86,16,23,0,0.651162791,3.5,2.434782609,0,Yanzhao Wu; Jiqi Shao; Ruolin He,4,1,17,-2.375,2.948868698
498,Pyoverdine 9.8,Pyoverdine 2461,4,1,1,0,0,0,1,0,0,0,0,0,0,0,0,6,Alpha-Hydroxycarboxylate/Catecholate/Hydroxamate,NRPS,CC(O)[C@H](NC(=O)[C@H](CO)NC(=O)[C@H](NC(=O)[C@@H](N)CCCCNC(=O)[C@@H](CC(=O)O)NC(=O)C1CCNC2C(NC(=O)CCC(=O)O)=Cc3cc(O)c(O)cc3N12)C(O)C(=O)O)C(=O)N[C@H](C)C(=O)N[C@@H](C(=O)N[C@H](CCCCN)C(=O)N[C@H]1CCCN(O)C1=O)C(C)O,"OH-cOrn, Lys, Asp, ChrP, aThr/Thr, Lys, Ala, aThr/Thr, Suc, Ser, OH-Asp",11,1,0,C56H85N15O24,1352.36269,Pseudomonas putida L1; Pseudomonas putida GB-1; Pseudomonas putida WCS358; Pseudomonas environmental isolate S3b09,1,0,0,0,0,0,0,1,0,0,0,0,0,0,0,0,Pseudomonadota,Orn derivatives,ChrP,Asp,,,,,,"Budzikiewicz, H., et al. ""Siderophores of the Pseudomonadaceae sensu stricto (fluorescent and non-fluorescent Pseudomonas spp.)."" Progress in the chemistry of organic natural products (2004): 81-237.; Ye, Lumeng, et al. ""Draft genome sequence analysis of a Pseudomonas putida W15Oct28 strain with antagonistic activity to Gram-positive and Pseudomonas sp. pathogens."" PLoS One 9.11 (2014): e110038.; Rehm, Karoline, et al. ""A comprehensive method to elucidate pyoverdines produced by fluorescent Pseudomonas spp. by UHPLC-HR-MS/MS."" Analytical and Bioanalytical Chemistry 414.8 (2022): 2671-2685.",,,,,,56,85,15,24,0,0.658823529,3.733333333,2.333333333,0,Ruolin He,4,1,18,-2.384,2.948029337
497,Pyoverdine 3A06,,1,1,1,0,0,0,1,0,0,0,0,0,0,0,0,6,Alpha-Hydroxycarboxylate/Catecholate/Hydroxamate,NRPS,CC(O)C(NC(=O)C(CO)NC(=O)C(NC(=O)C(N)CCCCNC(=O)C(CC(=O)O)NC(=O)C1CCNC2C(NC(=O)CCC(=O)O)=Cc3cc(O)c(O)cc3N12)C(O)C(=O)O)C(=O)NC(CO)C(=O)NC(CCCCN)C(=O)NC1CCCN(O)C1=O,"Asp, ChrP, Lys, Ser, Lys, Ser, OH-Asp, OH-cOrn, aThr/Thr, Suc",10,1,0,C52H78N14O23,1267.258035,Pseudomonas environmental isolate 3A06,1,0,0,0,0,0,0,1,0,0,0,0,0,0,0,0,Pseudomonadota,Orn derivatives,ChrP,Asp,,,,,,"Rehm, Karoline, et al. ""A comprehensive method to elucidate pyoverdines produced by fluorescent Pseudomonas spp. by UHPLC-HR-MS/MS."" Analytical and Bioanalytical Chemistry 414.8 (2022): 2671-2685.",,,,,,52,78,14,23,0,0.666666667,3.714285714,2.260869565,0,Ruolin He,4,1,19,-2.272,3.024009402
501,Pyoverdine GB-1,,1,1,1,0,0,0,1,0,0,0,0,0,0,0,0,6,Alpha-Hydroxycarboxylate/Catecholate/Hydroxamate,NRPS,C[C@@H](O)[C@@H](NC(=O)CNC(=O)[C@H](CO)NC(=O)[C@H](NC(=O)[C@@H](N)CCCCNC(=O)[C@H](CC(=O)O)NC(=O)C1CCNC2C(NC(=O)CCC(N)=O)=Cc3cc(O)c(O)cc3N12)C(O)C(=O)O)C(=O)N[C@@H](CCCCN)C(=O)NC1CCCN(O)C1=O,"Lys, Asp, ChrP, SucAA, OH-cOrn, Lys, Gly, Ser, OH-Asp, aThr/Thr",10,1,0,C51H77N15O21,1236.247247,Pseudomonas putida GB-1,1,0,0,0,0,0,0,1,0,0,0,0,0,0,0,0,Pseudomonadota,Orn derivatives,ChrP,Asp,,,,,,"Parker, Dorothy L., et al. ""Pyoverdine synthesis by the Mn (II)-oxidizing bacterium Pseudomonas putida GB-1."" Frontiers in Microbiology 5 (2014): 88281.",,,,,,51,77,15,21,0,0.662337662,3.4,2.428571429,0,Ruolin He,4,1,20,-2.372,3.0535578
500,Pyoverdine 9.1,,1,1,1,0,0,0,1,0,0,0,0,0,0,0,0,6,Alpha-Hydroxycarboxylate/Catecholate/Hydroxamate,NRPS,CC(O)C(NC(=O)CNC(=O)C(CO)NC(=O)C(CO)NC(=O)C(NC(=O)C(N)CCCCNC(=O)C(CC(=O)O)NC(=O)C1CCNC2C(NC(=O)CCC(N)=O)=Cc3cc(O)c(O)cc3N12)C(O)C(=O)O)C(=O)NC(C(=O)NC(C(=O)NC1CCCN(O)C1=O)C(C)O)C(C)O,"Ser, OH-Asp, aThr/Thr, Gly, aThr/Thr, Asp, ChrP, aThr/Thr, Lys, OH-cOrn, Ser, SucAA",12,1,0,C56H84N16O26,1397.360262,Pseudomonas sp.,1,0,0,0,0,0,0,1,0,0,0,0,0,0,0,0,Pseudomonadota,Orn derivatives,ChrP,Asp,,,,,,"Meyer, Jean-Marie, et al. ""Siderotyping of fluorescent Pseudomonas: molecular mass determination by mass spectrometry as a powerful pyoverdine siderotyping method."" Biometals 21 (2008): 259-271.",,,,,,56,84,16,26,0,0.666666667,3.5,2.153846154,0,Ruolin He,4,1,21,-2.163,2.910593369
502,Pyoverdine 8.4,Pyoverdine 90-51,1,1,1,0,0,0,1,0,0,0,0,0,0,0,0,6,Alpha-Hydroxycarboxylate/Catecholate/Hydroxamate,NRPS,CC(O)C(NC(=O)CNC(=O)[C@H](CO)NC(=O)[C@H](NC(=O)[C@@H](N)CCCCNC(=O)[C@H](CC(=O)O)NC(=O)C1CCNC2C(NC(=O)CC(O)C(N)=O)=Cc3cc(O)c(O)cc3N12)C(O)C(=O)O)C(=O)NC(CCCCN)C(=O)N[C@H]1CCCN(O)C1=O,"Lys, Asp, OH-Asp, OH-cOrn, Lys, ChrP, Gly, Ser, aThr/Thr, APF",10,1,0,C51H77N15O22,1252.246652,Pseudomonas putida,1,0,0,0,0,0,0,1,0,0,0,0,0,0,0,0,Pseudomonadota,Orn derivatives,ChrP,Asp,,,,,,"Sultana, Razia, et al. ""A pyoverdine from Pseudomonas putida CFML 90-51 with a Lys ε-amino link in the peptide chain."" Biometals 13 (2000): 147-152.",,,,,,51,77,15,22,0,0.662337662,3.4,2.318181818,0,Ruolin He,4,1,22,-2.231,3.038180499
503,Pyoverdine 7.9,Pyoverdine 11370,1,1,1,0,0,0,1,0,0,0,0,0,0,0,0,6,Alpha-Hydroxycarboxylate/Catecholate/Hydroxamate,NRPS,C[C@H](NC(=O)[C@H](CO)NC(=O)[C@H](NC(=O)[C@@H](N)CCCCNC(=O)[C@H](CC(=O)O)NC(=O)C1CCNC2C(NC(=O)CC(O)C(=O)O)=Cc3cc(O)c(O)cc3N12)C(O)C(=O)O)C(=O)N[C@@H](CO)C(=O)N[C@H]1CCCN(O)C1=O,"Asp, ChrP, Ser, OH-Asp, Lys, MAA, Ala, Ser, OH-cOrn",9,1,0,C45H64N12O22,1125.05887,Pseudomonas putida,1,0,0,0,0,0,0,1,0,0,0,0,0,0,0,0,Pseudomonadota,Orn derivatives,ChrP,Asp,,,,,,"Budzikiewicz, Herbert, et al. ""Pyoverdins with a Lys ε-Amino Link in the Peptide Chain? §."" Zeitschrift für Naturforschung C 54.12 (1999): 1021-1026.",,,,,,45,64,12,22,0,0.703125,3.75,2.045454545,0,Ruolin He,4,1,23,-2.241,3.169019386
481,Pyoverdine 6.1,Pseudobactin; Pseudobactin A,3,1,1,0,0,0,1,0,0,0,0,0,0,0,0,6,Alpha-Hydroxycarboxylate/Catecholate/Hydroxamate,NRPS,C[C@H](NC(=O)[C@H](NC(=O)[C@H](C)NC(=O)[C@H](NC(=O)[C@@H](N)CCCCNC(=O)[C@@H]1CCNC2C(NC(=O)CCC(N)=O)=Cc3cc(O)c(O)cc3N21)[C@@H](O)C(=O)O)[C@@H](C)O)C(=O)N[C@@H]1CCCN(O)C1=O,"Ala, OH-Asp, Lys, ChrP, aThr/Thr, Ala, SucAA, OH-cOrn",8,1,0,C42H62N12O16,991.014338,Pseudomonas sp. B10; Pseudomonas sp. W2Aug36; Pseudomonas environmental isolate S3a20,1,0,0,0,0,0,0,1,0,0,0,0,0,0,0,0,Pseudomonadota,Orn derivatives,ChrP,Asp,,,,,,"Teintze, Martin, et al. ""Structure of ferric pseudobactin: a siderophore from a plant growth promoting Pseudomonas."" Biochemistry 20.22 (1981): 6446-6457.; Ye, Lumeng, et al. ""Draft genome sequence analysis of a Pseudomonas putida W15Oct28 strain with antagonistic activity to Gram-positive and Pseudomonas sp. pathogens."" PLoS One 9.11 (2014): e110038.; Rehm, Karoline, et al. ""A comprehensive method to elucidate pyoverdines produced by fluorescent Pseudomonas spp. by UHPLC-HR-MS/MS."" Analytical and Bioanalytical Chemistry 414.8 (2022): 2671-2685.",,,,,,42,62,12,16,0,0.677419355,3.5,2.625,0,Ruolin He,4,1,24,-2.655,3.332434904
482,Pyoverdine 6.4,Pyoverdine 9AW,1,1,1,0,0,0,0,0,0,0,1,0,0,0,0,6,Alpha-Hydroxyimidazole/Catecholate/Hydroxamate,NRPS,CC(O)[C@@H](NC(=O)[C@@H](NC(=O)[C@@H](N)CCCCNC(=O)[C@@H](CO)NC(=O)C1CCNC2C(NC(=O)CCC(N)=O)=Cc3cc(O)c(O)cc3N12)C(O)c1c[nH]cn1)C(=O)N[C@@H](CO)C(=O)N[C@H]1CCCN(O)C1=O,"OH-His, Lys, Ser, ChrP, Ser, aThr/Thr, OH-cOrn, SucAA",8,1,0,C44H64N14O16,1045.065106,Pseudomonas fluorescens,1,0,0,0,0,0,0,1,0,0,0,0,0,0,0,0,Pseudomonadota,Orn derivatives,ChrP,,,,His,,,"Budzikiewicz, H., et al. ""Identical pyoverdines from Pseudomonas fluorescens 9AW and from Pseudomonas putida 9BW."" Zeitschrift für Naturforschung C 52.11-12 (1997): 721-728.",,,,,,44,64,14,16,0,0.6875,3.142857143,2.75,0,Ruolin He,4,1,25,-2.38,3.262877396
504,Pyoverdine 7.13,Isopyoverdine 90-33; Iso-pyoverdine 90-33,1,1,1,0,0,0,1,0,0,0,0,0,0,0,0,6,Alpha-Hydroxycarboxylate/Catecholate/Hydroxamate,NRPS,CC(O)[C@H](NC(=O)[C@H](CCCCN)NC(=O)[C@H](CC(=O)O)NC(=O)C1CCN2c3cc(O)c(O)cc3C=C(NC(=O)CCC(N)C(=O)O)C2N1)C(=O)N[C@H](C(=O)N[C@H](C(=O)N[C@H](C(=O)N[C@H]1CCCN(O)C1=O)C(C)O)C(C)O)C(O)C(=O)O,"Asp, ChrI, OH-Asp, aThr/Thr, OH-cOrn, aThr/Thr, Lys, aThr/Thr, Glu",9,1,0,C49H73N13O22,1196.180002,Pseudomonas putida,1,0,0,0,0,0,0,1,0,0,0,0,0,0,0,0,Pseudomonadota,Orn derivatives,ChrP,Asp,,,,,,"Sultana, Razia, et al. ""An isopyoverdin from Pseudomonas putida CFML 90-33."" Tetrahedron 57.6 (2001): 1019-1023.",,,,,,49,73,13,22,0,0.671232877,3.769230769,2.227272727,0,Ruolin He,4,1,26,-2.258,3.093365714
701,Pyoverdine P482,,1,2,1,0,0,0,0,0,0,0,0,0,0,0,0,6,Catecholate/Hydroxamate,NRPS,N=C(N)NCCC[C@H](NC(=O)[C@H](CC(=O)O)NC(=O)C1CCNC2C(NC(=O)CCC(=O)O)=Cc3cc(O)c(O)cc3N12)C(=O)N[C@@H](CCCN(O)C=O)C(=O)N[C@@H](CCC(N)=O)C(=O)N[C@@H](COC=O)C(=O)NC(CC(=O)O)C(=O)NC1CCCN(O)C1=O,"Gln, Fo-OH-Orn, ChrP, Suc, Arg, OFo-Ser, OH-cOrn, Asp, Asp",9,1,0,C51H72N16O23,1277.213055,Pseudomonas donghuensis P482,1,0,0,0,0,0,0,1,0,0,0,0,0,0,0,0,Pseudomonadota,Orn derivatives,ChrP,,,,,,,"Jafra, Sylwia, et al. ""An iron fist in a velvet glove: The cooperation of a novel pyoverdine from Pseudomonas donghuensis P482 with 7‐hydroxytropolone is pivotal for its antibacterial activity."" Environmental Microbiology 26.1 (2024): e16559.","Jafra, Sylwia, et al. ""An iron fist in a velvet glove: The cooperation of a novel pyoverdine from Pseudomonas donghuensis P482 with 7‐hydroxytropolone is pivotal for its antibacterial activity."" Environmental Microbiology 26.1 (2024): e16559.",,,,,51,72,16,23,0,0.708333333,3.1875,2.217391304,0,Ruolin He,4,1,27,-2.883,3.014744996
505,Pyoverdine Pa,,2,2,1,0,0,0,0,0,0,0,0,0,0,0,0,6,Catecholate/Hydroxamate,NRPS,C[C@@H](O)[C@H](NC(=O)[C@H](CCCN(O)C=O)NC(=O)[C@@H](CO)NC(=O)[C@H](CCCN=C(N)N)NC(=O)[C@@H](CO)NC(=O)C1CC=NC2C(NC(=O)CCC(N)=O)=Cc3cc(O)c(O)cc3N12)C(=O)N[C@H](C(=O)N[C@@H](CCCCN)C(=O)NC1CCCN(O)C1=O)[C@@H](C)O,"Fo-OH-Orn, Ser, X0, SucAA, Arg, Ser, Abu, aThr/Thr, aThr/Thr, OH-cOrn, Lys",11,0.858695652,1,C54H84N18O20,1305.355758,Pseudomonas aeruginosa ATCC 15692; Pseudomonas aeruginosa PAO1,1,0,0,0,0,0,0,1,0,0,0,0,0,0,0,0,Pseudomonadota,Orn derivatives,ChrP,,,,,,,"Wendenbaum, S., et al. ""The structure of pyoverdine Pa, the siderophore of Pseudomonas aeruginosa."" Tetrahedron Letters 24.44 (1983): 4877-4880.",,,,,,54,84,18,20,0,0.642857143,3,2.7,0,Ruolin He,4,1,28,-2.522,2.989110594
506,Pyoverdine 7.5,Pyoverdine TII,4,2,1,0,0,0,0,0,0,0,0,0,0,0,0,6,Catecholate/Hydroxamate,NRPS,CC(O)[C@H](NC(=O)CNC(=O)[C@@H](CCCN)NC(=O)[C@@H](CCCN(O)C=O)NC(=O)[C@@H](CO)NC(=O)C1CCNC2C(NC(=O)CCC(=O)O)=Cc3cc(O)c(O)cc3N12)C(=O)N[C@@H](CO)C(=O)N[C@H]1CCCN(O)C1=O,"aThr/Thr, Gly, Orn, Fo-OH-Orn, OH-cOrn, Ser, ChrP, Suc, Ser",9,1,0,C45H67N13O19,1094.091181,Pseudomonas aeruginosa ATCC 27 853; Pseudomonas aeruginosa W15Oct32; Pseudomonas aeruginosa Pa 27853; Pseudomonas aeruginosa 1-60,1,0,0,0,0,0,0,1,0,0,0,0,0,0,0,0,Pseudomonadota,Orn derivatives,ChrP,,,,,,,"Tappe, R., et al. ""Structure elucidation of a pyoverdin produced by Pseudomonas aeruginosa ATCC 27 853."" Journal für Praktische Chemie/Chemiker‐Zeitung 335.1 (1993): 83-87.; Ye, Lumeng, et al. ""Draft genome sequence analysis of a Pseudomonas putida W15Oct28 strain with antagonistic activity to Gram-positive and Pseudomonas sp. pathogens."" PLoS One 9.11 (2014): e110038.; Rehm, Karoline, et al. ""A comprehensive method to elucidate pyoverdines produced by fluorescent Pseudomonas spp. by UHPLC-HR-MS/MS."" Analytical and Bioanalytical Chemistry 414.8 (2022): 2671-2685.",,,,,,45,67,13,19,0,0.671641791,3.461538462,2.368421053,0,Ruolin He,4,1,29,-2.276,3.204168647
521,Pyoverdine 6.3,Pyoverdine Thai,1,2,1,0,0,0,0,0,0,0,0,0,0,0,0,6,Catecholate/Hydroxamate,NRPS,CC(=O)N(O)CCCC(NC(=O)C(CO)NC(=O)C(NC(=O)C1CCN=C(C(CO)NC(=O)C2CCNC3C(NC(=O)CCC(=O)O)=Cc4cc(O)c(O)cc4N23)N1)C(C)O)C(=O)NC1CCCN(O)C1=O,"Dab, Ser, Ser, aThr/Thr, OH-cOrn, Ac-OH-Orn, ChrP, Suc",8,1,0,C43H62N12O17,1019.024483,Pseudomonas putida,1,0,0,0,0,0,0,1,0,0,0,0,0,0,0,0,Pseudomonadota,Orn derivatives,ChrP,,,,,,,"Ruangviriyachai, Chalerm, et al. ""Structure proposal for a new pyoverdin from a Thai Pseudomonas putida strain."" Spectroscopy 18.3 (2004): 453-458.",,,,,,43,62,12,17,0,0.693548387,3.583333333,2.529411765,0,Ruolin He,4,1,30,-2.678,3.295717864
522,Pyoverdine 9.9,,1,2,1,0,0,0,0,0,0,0,0,0,0,0,0,6,Catecholate/Hydroxamate,NRPS,CC(=O)N(O)CCC[C@H](NC(=O)[C@@H](CC(=O)O)NC(=O)C1CCNC2C(NC(=O)CCC(N)=O)=Cc3cc(O)c(O)cc3N12)C1=NCC[C@@H](C(=O)N[C@H](C(=O)N[C@@H](C)C(=O)N[C@H](C(=O)N[C@H](C(=O)N[C@H](CCC(N)=O)C(=O)N[C@H]2CCCN(O)C2=O)C(C)O)C(C)O)C(C)O)N1,"Dab, Ac-OH-Orn, Ala, aThr/Thr, OH-cOrn, Gln, Asp, ChrP, aThr/Thr, aThr/Thr, SucAA",11,1,0,C57H85N17O22,1360.388026,Pseudomonas putida,1,0,0,0,0,0,0,1,0,0,0,0,0,0,0,0,Pseudomonadota,Orn derivatives,ChrP,,,,,,,"Budzikiewicz, H., et al. ""Siderophores of the Pseudomonadaceae sensu stricto (fluorescent and non-fluorescent Pseudomonas spp.)."" Progress in the chemistry of organic natural products (2004): 81-237.",,,,,,57,85,17,22,0,0.670588235,3.352941176,2.590909091,0,Ruolin He,4,1,31,-2.903,2.94122173
520,Pyoverdine VLB120,,1,2,1,0,0,0,0,0,0,0,0,0,0,0,0,6,Catecholate/Hydroxamate,NRPS,CC(=O)N(O)CCCC(NC(=O)C(NC(=O)C(NC(=O)C(CC(=O)O)NC(=O)C1CCCN1C(=O)C1CCNC2C(NC(=O)CCC(N)=O)=Cc3cc(O)c(O)cc3N12)C(O)C(N)=O)C(C)O)C(=O)NC(CO)C(=O)NC1CCCN(O)C1=O,"OH-Asn, Asp, Pro, ChrP, Ser, Ac-OH-Orn, OH-cOrn, aThr/Thr, SucAA",9,1,0,C49H70N14O21,1191.163477,Pseudomonas taiwanensis VLB120,1,0,0,0,0,0,0,1,0,0,0,0,0,0,0,0,Pseudomonadota,Orn derivatives,ChrP,,,,,,,"Baune, Matthias, et al. ""Structural characterization of pyoverdines produced by Pseudomonas putida KT2440 and Pseudomonas taiwanensis VLB120."" Biometals 30 (2017): 589-597.; Scholz, Karen, et al. ""Mass spectrometric characterization of siderophores produced by Pseudomonas taiwanensis VLB120 assisted by stable isotope labeling of nitrogen source."" Biometals 31 (2018): 785-795.","Baune, Matthias, et al. ""Structural characterization of pyoverdines produced by Pseudomonas putida KT2440 and Pseudomonas taiwanensis VLB120."" Biometals 30 (2017): 589-597.; Scholz, Karen, et al. ""Mass spectrometric characterization of siderophores produced by Pseudomonas taiwanensis VLB120 assisted by stable isotope labeling of nitrogen source."" Biometals 31 (2018): 785-795.",,,,,49,70,14,21,0,0.7,3.5,2.333333333,0,Ruolin He,4,1,32,-2.62,3.098486019
874,Pyoverdine VLB120 Orn,,1,2,1,0,0,0,0,0,0,0,0,0,0,0,0,6,Catecholate/Hydroxamate,NRPS,CC(=O)N(O)CCCC(NC(=O)C(NC(=O)C(NC(=O)C(CC(=O)O)NC(=O)C(CCCN)NC(=O)C1CCNC2C(NC(=O)CC(O)C(N)=O)=Cc3cc(O)c(O)cc3N12)C(O)C(N)=O)C(C)O)C(=O)NC(CO)C(=O)NC1CCCN(O)C1=O,"Ac-OH-Orn, aThr/Thr, Orn, ChrP, OH-Asn, Asp, APF, Ser, OH-cOrn",9,1,0,C49H73N15O22,1224.193408,Pseudomonas taiwanensis VLB120,1,0,0,0,0,0,0,1,0,0,0,0,0,0,0,0,Pseudomonadota,Orn derivatives,ChrP,,,,,,,"Scholz, Karen, et al. ""Mass spectrometric characterization of siderophores produced by Pseudomonas taiwanensis VLB120 assisted by stable isotope labeling of nitrogen source."" Biometals 31 (2018): 785-795.",,,,,,49,73,15,22,0,0.671232877,3.266666667,2.227272727,0,Yanzhao Wu; Jiqi Shao; Ruolin He,4,1,33,-2.255,3.065334735
519,Pyoverdine 7.20,Pyoverdine 6.6,2,2,1,0,0,0,0,0,0,0,0,0,0,0,0,6,Catecholate/Hydroxamate,NRPS,CC(=O)N(O)CCC[C@@H](NC(=O)[C@@H](CO)NC(=O)C1CCNC2C(NC(=O)CCC(=O)O)=Cc3cc(O)c(O)cc3N12)C(=O)N[C@@H](C)C(=O)NCC(=O)N[C@@H](C(=O)N[C@@H](C)C(=O)N[C@H]1CCCN(O)C1=O)C(C)O,"Ser, ChrP, Gly, Ala, Ala, aThr/Thr, OH-cOrn, Ac-OH-Orn, Suc",9,1,0,C44H64N12O18,1049.05051,Pseudomonas fluorescens PL7; Pseudomonas sp. W15Feb38,1,0,0,0,0,0,0,1,0,0,0,0,0,0,0,0,Pseudomonadota,Orn derivatives,ChrP,,,,,,,"Barelmann, Insa, et al. ""The structures of the pyoverdins from two Pseudomonas fluorescens strains accepted mutually by their respective producers."" Zeitschrift für Naturforschung C 57.1-2 (2002): 9-16.; Ye, Lumeng, et al. ""Draft genome sequence analysis of a Pseudomonas putida W15Oct28 strain with antagonistic activity to Gram-positive and Pseudomonas sp. pathogens."" PLoS One 9.11 (2014): e110038.",,,,,,44,64,12,18,0,0.6875,3.666666667,2.444444444,0,Ruolin He,4,1,34,-2.785,3.257956331
514,Pyoverdine 9.2,Pyoverdine Pau,2,2,1,0,0,0,0,0,0,0,0,0,0,0,0,6,Catecholate/Hydroxamate,NRPS,CC(=O)N(O)CCC[C@@H](NC(=O)[C@H](CO)NC(=O)C1CCNC2C(NC(=O)CCC(N)=O)=Cc3cc(O)c(O)cc3N12)C(=O)NCC(=O)N[C@H](C(=O)N[C@H](C(=O)N[C@@H](CCC(N)=O)C(=O)NCC(=O)N[C@@H](CO)C(=O)N[C@H]1CCCN(O)C1=O)C(C)O)C(C)O,"Gly, Ac-OH-Orn, Ser, Gly, OH-cOrn, aThr/Thr, Gln, aThr/Thr, Ser, ChrP, SucAA",11,1,0,C52H78N16O22,1279.272036,Pseudomonas chlororaphis subsp. aureofaciens P. au; Pseudomonas sp. SXM-1,1,0,0,0,0,0,0,1,0,0,0,0,0,0,0,0,Pseudomonadota,Orn derivatives,ChrP,,,,,,,"Beiderbeck, H., et al. ""A new pyoverdin from Pseudomonas aureofaciens."" Zeitschrift für Naturforschung C 54.1-2 (1999): 1-5.; Guo, Wenbin, et al. ""Complete genome sequence of a marine-derived bacterium Pseudomonas sp. SXM-1 and characterization of its siderophore through antiSMASH analysis and with mass spectroscopic method."" Marine genomics 55 (2021): 100802.",,,,,,52,78,16,22,0,0.666666667,3.25,2.363636364,0,Ruolin He,4,1,35,-2.424,3.012841895
515,Pyoverdine 9.5,Pyoverdine 2392,2,2,1,0,0,0,0,0,0,0,0,0,0,0,0,6,Catecholate/Hydroxamate,NRPS,CC(=O)N(O)CCC[C@@H](NC(=O)[C@H](CCCCN)NC(=O)C1CCNC2C(NC(=O)CCC(=O)O)=Cc3cc(O)c(O)cc3N12)C(=O)NCC(=O)N[C@@H](C(=O)N[C@@H](C(=O)N[C@@H](CCC(N)=O)C(=O)NCC(=O)N[C@@H](CO)C(=O)N[C@H]1CCCN(O)C1=O)C(C)O)C(C)O,"Ser, Gly, Gln, aThr/Thr, ChrP, Suc, Lys, aThr/Thr, Gly, Ac-OH-Orn, OH-cOrn",11,1,0,C55H84N16O22,1321.351902,Pseudomonas fluorescens; Pseudomonas environmental isolate 3F12,1,0,0,0,0,0,0,1,0,0,0,0,0,0,0,0,Pseudomonadota,Orn derivatives,ChrP,,,,,,,"Beiderbeck, H., K. Taraz, and J. M. Meyer. ""Revised structures of the pyoverdins from Pseudomonas putida CFBP 2461 and from Pseudomonas fluorescens CFBP 2392."" Biometals 12.4 (1999): 331.; Rehm, Karoline, et al. ""A comprehensive method to elucidate pyoverdines produced by fluorescent Pseudomonas spp. by UHPLC-HR-MS/MS."" Analytical and Bioanalytical Chemistry 414.8 (2022): 2671-2685.",,,,,,55,84,16,22,0,0.654761905,3.4375,2.5,0,Ruolin He,4,1,36,-2.558,2.974893855
516,Pyoverdine 12.2,Pyoverdine 1547,1,2,1,0,0,0,0,0,0,0,0,0,0,0,0,6,Catecholate/Hydroxamate,NRPS,CC(=O)N(O)CCC[C@H](NC(=O)[C@H](C)NC(=O)[C@H](CCCCN)NC(=O)[C@@H](CO)NC(=O)C1CCNC2C(NC(=O)CCC(=O)O)=Cc3cc(O)c(O)cc3N12)C(=O)N[C@H](C(=O)N[C@@H](C)C(=O)NCC(=O)N[C@H](CCC(N)=O)C(=O)N[C@@H](C)C(=O)N[C@H](CO)C(=O)N[C@@H](CO)C(=O)N[C@H]1CCCN(O)C1=O)C(C)O,"Ala, aThr/Thr, Ac-OH-Orn, Lys, Ser, OH-cOrn, Ser, Ala, Gln, Gly, ChrP, Ser, Suc, Ala",14,1,0,C64H99N19O26,1550.585406,Pseudomonas fluorescens,1,0,0,0,0,0,0,1,0,0,0,0,0,0,0,0,Pseudomonadota,Orn derivatives,ChrP,,,,,,,"Ruangviryachai, Chalerm, et al. ""An Exceptionally Large Pyoverdin from a Pseudomonas Strain Collected in Thailand+."" Zeitschrift für Naturforschung C 55.5-6 (2000): 323-327.",,,,,,64,99,19,26,0,0.646464646,3.368421053,2.461538462,0,Ruolin He,4,1,37,-2.543,2.795140394
517,Pyoverdine 7.8,Pyoverdine PL8,2,2,1,0,0,0,0,0,0,0,0,0,0,0,0,6,Catecholate/Hydroxamate,NRPS,CC(=O)N(O)CCC[C@@H](NC(=O)[C@@H](CCCCN)NC(=O)C1CCNC2C(NC(=O)CCC(=O)O)=Cc3cc(O)c(O)cc3N12)C(=O)N[C@H](C)C(=O)NCC(=O)N[C@H](C(=O)N[C@@H](CO)C(=O)N[C@H]1CCCN(O)C1=O)C(C)O,"Ser, aThr/Thr, ChrP, Suc, Gly, Ala, Ac-OH-Orn, Lys, OH-cOrn",9,1,0,C47H71N13O18,1106.14502,Pseudomonas fluorescens; Pseudomonas environmental isolate S3a05,1,0,0,0,0,0,0,1,0,0,0,0,0,0,0,0,Pseudomonadota,Orn derivatives,ChrP,,,,,,,"Barelmann, Insa, et al. ""The structures of the pyoverdins from two Pseudomonas fluorescens strains accepted mutually by their respective producers."" Zeitschrift für Naturforschung C 57.1-2 (2002): 9-16.; Rehm, Karoline, et al. ""A comprehensive method to elucidate pyoverdines produced by fluorescent Pseudomonas spp. by UHPLC-HR-MS/MS."" Analytical and Bioanalytical Chemistry 414.8 (2022): 2671-2685.",,,,,,47,71,13,18,0,0.661971831,3.615384615,2.611111111,0,Ruolin He,4,1,38,-2.674,3.190317279
518,Pyoverdine IB3,,1,2,1,0,0,0,0,0,0,0,0,0,0,0,0,6,Catecholate/Hydroxamate,NRPS,CC(=O)N(O)CCCC(NC(=O)C(CCCN)NC(=O)C(CCCCN)NC(=O)C(NC(=O)C(C)NC(=O)C(CO)NC(=O)C1CCNC2C(NC(=O)CCC(=O)O)=Cc3cc(O)c(O)cc3N12)C(C)O)C(=O)NC(C(=O)NC(C(=O)NC(C)C(=O)NC(CO)C(=O)NC(C(=O)NC(C)C(=O)NC(C)C(=O)NC1CCCN(O)C1=O)C(C)O)C(C)O)C(C)O,"ChrP, Suc, Orn, Lys, Ser, Ser, Ala, aThr/Thr, Ala, aThr/Thr, Ala, Ala, aThr/Thr, aThr/Thr, OH-cOrn, Ac-OH-Orn",16,1,0,C74H119N21O29,1766.863247,Pseudomonas sp. IB3,1,0,0,0,0,0,0,1,0,0,0,0,0,0,0,0,Pseudomonadota,Orn derivatives,ChrP,,,,,,,"Meyer, Jean-Marie, et al. ""Siderotyping of fluorescent Pseudomonas: molecular mass determination by mass spectrometry as a powerful pyoverdine siderotyping method."" Biometals 21 (2008): 259-271.",,,,,,74,119,21,29,0,0.621848739,3.523809524,2.551724138,0,Ruolin He,4,1,39,-2.442,2.657546376
511,Pyoverdine 6.9,Pyoverdine 7.1,3,2,1,0,0,0,0,0,0,0,0,0,0,0,0,6,Catecholate/Hydroxamate,NRPS,CC(=O)N(O)CCC[C@H](NC(=O)[C@@H](CO)NC(=O)[C@@H](NC(=O)[C@@H](CCCCN)NC(=O)[C@@H](C)NC(=O)C1CCNC2C(NC(=O)CCC(N)=O)=Cc3cc(O)c(O)cc3N12)C(C)O)C(=O)N[C@H]1CCCN(O)C1=O,"Ala, ChrP, Ser, aThr/Thr, Lys, SucAA, Ac-OH-Orn, OH-cOrn",8,1,0,C45H69N13O16,1048.108848,Pseudomonas fluorescens Ps4a; Pseudomonas umsongensis LMG 21317T; Pseudomonas environmental isolate S3b16,1,0,0,0,0,0,0,1,0,0,0,0,0,0,0,0,Pseudomonadota,Orn derivatives,ChrP,,,,,,,"Budzikiewicz, H., H. Schröder, and K. Taraz. ""Zur Biogenese der Pseudomonas-Siderophore: Der Nachweis analoger Strukturen eines Pyoverdin-Desferriferribactin-Paares [1]/The Biogenesis of Pseudomonas Siderophores: The Proof of Analogous Structures of a Pyoverdin/Desferriferribactin Pair [1]."" Zeitschrift für Naturforschung C 47.1-2 (1992): 26-32.; Ye, Lumeng, et al. ""Draft genome sequence analysis of a Pseudomonas putida W15Oct28 strain with antagonistic activity to Gram-positive and Pseudomonas sp. pathogens."" PLoS One 9.11 (2014): e110038.; Rehm, Karoline, et al. ""A comprehensive method to elucidate pyoverdines produced by fluorescent Pseudomonas spp. by UHPLC-HR-MS/MS."" Analytical and Bioanalytical Chemistry 414.8 (2022): 2671-2685.",,,,,,45,69,13,16,0,0.652173913,3.461538462,2.8125,0,Ruolin He,4,1,40,-2.683,3.259116611
512,Pyoverdine 10.9,Pyoverdine 2192,1,2,1,0,0,0,0,0,0,0,0,0,0,0,0,6,Catecholate/Hydroxamate,NRPS,CC(=O)N(O)CCC[C@H](NC(=O)[C@@H](CO)NC(=O)[C@H](NC(=O)[C@@H](CO)NC(=O)[C@@H](CO)NC(=O)[C@H](CCCCN)NC(=O)[C@@H](CO)NC(=O)C1CCNC2C(NC(=O)CCC(N)=O)=Cc3cc(O)c(O)cc3N12)C(C)O)C(=O)N[C@H](C(=O)N[C@@H](CO)C(=O)N[C@H]1CCCN(O)C1=O)C(C)O,"Ac-OH-Orn, Ser, Ser, Lys, Ser, Ser, aThr/Thr, OH-cOrn, Ser, aThr/Thr, ChrP, SucAA",12,1,0,C58H91N17O25,1426.444627,Pseudomonas tolaasii,1,0,0,0,0,0,0,1,0,0,0,0,0,0,0,0,Pseudomonadota,Orn derivatives,ChrP,,,,,,,"Demange, Pascal, et al. ""Bacterial siderophores: structures of pyoverdins Pt, siderophores of Pseudomonas tolaasii NCPPB 2192, and pyoverdins Pf, siderophores of Pseudomonas fluorescens CCM 2798. Identification of an unusual natural amino acid."" Biochemistry 29.50 (1990): 11041-11051.",,,,,,58,91,17,25,0,0.637362637,3.411764706,2.32,0,Ruolin He,4,1,41,-2.073,2.887310487
513,Pyoverdine 10.10,,1,2,1,0,0,0,0,0,0,0,0,0,0,0,0,6,Catecholate/Hydroxamate,NRPS,CC(=O)N(O)CCCC(NC(=O)C(NC(=O)C(NC(=O)C(CO)NC(=O)C(CO)NC(=O)C(CCCCN)NC(=O)C(CO)NC(=O)C1CCNC2C(NC(=O)CCC(N)=O)=Cc3cc(O)c(O)cc3N12)C(C)O)C(C)O)C(=O)NC(CO)C(=O)NC(CO)C(=O)NC1CCCN(O)C1=O,"aThr/Thr, aThr/Thr, ChrP, SucAA, Ser, Ser, Lys, Ser, Ser, Ac-OH-Orn, Ser, OH-cOrn",12,1,0,C58H91N17O25,1426.444627,Pseudomonas putida,1,0,0,0,0,0,0,1,0,0,0,0,0,0,0,0,Pseudomonadota,Orn derivatives,ChrP,,,,,,,"Meyer, Jean-Marie, et al. ""Siderotyping of fluorescent Pseudomonas: molecular mass determination by mass spectrometry as a powerful pyoverdine siderotyping method."" Biometals 21 (2008): 259-271.",,,,,,58,91,17,25,0,0.637362637,3.411764706,2.32,0,Ruolin He,4,1,42,-2.073,2.887310487
510,Pyoverdine 9.4,,2,2,1,0,0,0,0,0,0,0,0,0,0,0,0,6,Catecholate/Hydroxamate,NRPS,CC(=O)N(O)CCCC(NC(=O)C(CO)NC(=O)C(CO)NC(=O)C(C)NC(=O)C(CCCCN)NC(=O)C(CO)NC(=O)C1CCNC2C(NC(=O)CCC(N)=O)=Cc3cc(O)c(O)cc3N12)C(=O)NC(CO)C(=O)NC(CO)C(=O)NC1CCCN(O)C1=O,"Ser, ChrP, Ser, Ser, OH-cOrn, Ala, Lys, Ac-OH-Orn, Ser, Ser, SucAA",11,1,0,C53H82N16O22,1295.31454,Pseudomonas fluorescens; Pseudomonas environmental isolate S3e20,1,0,0,0,0,0,0,1,0,0,0,0,0,0,0,0,Pseudomonadota,Orn derivatives,ChrP,,,,,,,"Meyer, Jean-Marie, et al. ""Siderotyping of fluorescent Pseudomonas: molecular mass determination by mass spectrometry as a powerful pyoverdine siderotyping method."" Biometals 21 (2008): 259-271.; Rehm, Karoline, et al. ""A comprehensive method to elucidate pyoverdines produced by fluorescent Pseudomonas spp. by UHPLC-HR-MS/MS."" Analytical and Bioanalytical Chemistry 414.8 (2022): 2671-2685.",,,,,,53,82,16,22,0,0.646341463,3.3125,2.409090909,0,Ruolin He,4,1,43,-2.21,2.998164297
509,Pyoverdine 7.19,,1,2,1,0,0,0,0,0,0,0,0,0,0,0,0,6,Catecholate/Hydroxamate,NRPS,CC(=O)N(O)CCCC(NC(=O)C(CC(=O)O)NC(=O)C(CC(=O)O)NC(=O)C1CCNC2C(NC(=O)CCC(N)=O)=Cc3cc(O)c(O)cc3N12)C(=O)NC(CCCCN)C(=O)NC(CO)C(=O)NC(CC(=O)O)C(=O)NC1CCCN(O)C1=O,"Lys, Ac-OH-Orn, ChrP, SucAA, Asp, Asp, Ser, OH-cOrn, Asp",9,1,0,C50H72N14O22,1221.189504,Pseudomonas sp.,1,0,0,0,0,0,0,1,0,0,0,0,0,0,0,0,Pseudomonadota,Orn derivatives,ChrP,,,,,,,"Barelmann, Insa, et al. ""The pyoverdine from Pseudomonas chlororaphis D-TR133 showing mutual acceptance with the pyoverdine of Pseudomonas fluorescens CHA0."" Biometals 16 (2003): 263-270.",,,,,,50,72,14,22,0,0.694444444,3.571428571,2.272727273,0,Ruolin He,4,1,44,-2.729,3.068295824
508,Pyoverdine 9.3,,1,2,1,0,0,0,0,0,0,0,0,0,0,0,0,6,Catecholate/Hydroxamate,NRPS,CC(=O)N(O)CCCC(NC(=O)C(CCCCN)NC(=O)C(CC(=O)O)NC(=O)C1CCNC2C(NC(=O)CCC(=O)C(=O)O)=Cc3cc(O)c(O)cc3N12)C(=O)NC(C)C(=O)NC(CO)C(=O)NC(CO)C(=O)NCC(=O)NC(CO)C(=O)NC1CCCN(O)C1=O,"Asp, ChrP, Ser, Ala, Ac-OH-Orn, Lys, 2-KGA, Ser, Gly, Ser, OH-cOrn",11,1,0,C54H79N15O24,1322.293564,Pseudomonas monteilii,1,0,0,0,0,0,0,1,0,0,0,0,0,0,0,0,Pseudomonadota,Orn derivatives,ChrP,,,,,,,"Meyer, Jean-Marie, et al. ""Siderotyping of fluorescent Pseudomonas: molecular mass determination by mass spectrometry as a powerful pyoverdine siderotyping method."" Biometals 21 (2008): 259-271.",,,,,,54,79,15,24,0,0.683544304,3.6,2.25,0,Ruolin He,4,1,45,-2.513,2.974064708
507,Pyoverdine 10.7,Isopyoverdine 90-44; Iso-pyoverdine 90-44,1,2,1,0,0,0,0,0,0,0,0,0,0,0,0,6,Catecholate/Hydroxamate,NRPS,CC(=O)N(O)CCC[C@H](NC(=O)[C@H](CCCCN)NC(=O)[C@H](CC(=O)O)NC(=O)C1CCN2c3cc(O)c(O)cc3C=C(NC(=O)CCC(=O)C(=O)O)C2N1)C(=O)N[C@H](C(=O)NC(CO)C(=O)NC(CO)C(=O)NCC(=O)NC(CO)C(=O)NC(CO)C(=O)N[C@@H]1CCCN(O)C1=O)C(C)O,"Ser, Ser, Ser, Gly, OH-cOrn, Ser, Asp, ChrI, aThr/Thr, Ac-OH-Orn, Lys, 2-KGA",12,1,0,C58H86N16O27,1439.397029,Pseudomonas putida,1,0,0,0,0,0,0,1,0,0,0,0,0,0,0,0,Pseudomonadota,Orn derivatives,ChrP,,,,,,,"Sultana, Razia, et al. ""An isopyoverdin from Pseudomonas putida CFML 90-44."" Zeitschrift für Naturforschung C 56.3-4 (2001): 303-307.",,,,,,58,86,16,27,0,0.674418605,3.625,2.148148148,0,Ruolin He,4,1,46,-2.291,2.877161135
744,Azotobactin VLB120,,1,2,1,0,0,0,0,0,0,0,0,0,0,0,0,6,Catecholate/Hydroxamate,NRPS,CC(=O)N(O)CCCC(NC(=O)C(NC(=O)C(NC(=O)C(CC(=O)O)NC(=O)C(CCCN)NC(=O)C1CCN2C(=O)NC3=Cc4cc(O)c(O)cc4N1C32)C(O)C(N)=O)C(C)O)C(=O)NC(CO)C(=O)NC1CCCN(O)C1=O,"OH-cOrn, Ser, OH-Asn, Asp, Orn, ChrA, aThr/Thr, Ac-OH-Orn",8,1,0,C46H66N14O20,1135.100088,Pseudomonas taiwanensis VLB120,1,0,0,0,0,0,0,1,0,0,0,0,0,0,0,0,Pseudomonadota,Orn derivatives,ChrA,,,,,,,"Scholz, Karen, et al. ""Mass spectrometric characterization of siderophores produced by Pseudomonas taiwanensis VLB120 assisted by stable isotope labeling of nitrogen source."" Biometals 31 (2018): 785-795.","Baars, Oliver, et al. ""The siderophore metabolome of Azotobacter vinelandii."" Applied and Environmental Microbiology 82.1 (2016): 27-39.",,,,,46,66,14,20,0,0.696969697,3.285714286,2.3,0,Yanzhao Wu; Jiqi Shao; Ruolin He,4,1,47,-2.474,3.157922674
524,Pyoverdine 6.7,Isopyoverdine BTP1; Iso-pyoverdine BTP1,2,2,1,0,0,0,0,0,0,0,0,0,0,0,0,6,Catecholate/Hydroxamate,NRPS,CC(=O)N(O)CCC[C@@H](NC(=O)C(CC(=O)O)NC(=O)[C@H](C)NC(=O)[C@H](CC(=O)O)NC(=O)C1CCN2c3cc(O)c(O)cc3C=C(NC(=O)CCC(=O)C(=O)O)C2N1)C(=O)N[C@@H](CO)C(=O)N[C@H]1CCCN(O)C1=O,"ChrI, 2-KGA, Ser, Ac-OH-Orn, OH-cOrn, Asp, Ala, Asp",8,1,0,C44H59N11O21,1078.002317,Pseudomonas putida BTP1; Pseudomonas environmental isolate 3C16,1,0,0,0,0,0,0,1,0,0,0,0,0,0,0,0,Pseudomonadota,Orn derivatives,ChrP,,,,,,,"Jacques, Ph, et al. ""Structure and characterization of isopyoverdin from Pseudomonas putida BTP1 and its relation to the biogenetic pathway leading to pyoverdins."" Zeitschrift für Naturforschung C 50.9-10 (1995): 622-629.; Rehm, Karoline, et al. ""A comprehensive method to elucidate pyoverdines produced by fluorescent Pseudomonas spp. by UHPLC-HR-MS/MS."" Analytical and Bioanalytical Chemistry 414.8 (2022): 2671-2685.",,,,,,44,59,11,21,0,0.745762712,4,2.095238095,0,Ruolin He,4,1,48,-2.945,3.223006314
523,Azoverdin,,1,2,1,0,0,0,0,0,0,0,0,0,0,0,0,6,Catecholate/Hydroxamate,NRPS,CC(=O)N(O)CCC[C@@H](NC(=O)[C@@H]1CCN=C([C@@H](CCO)NC(=O)[C@H](CCO)NC(=O)C2CCN3c4cc(O)c(O)cc4C=C(NC(=O)CCC(N)=O)C3N2)N1)C(=O)N[C@@H](CO)C(=O)N[C@H]1CCCN(O)C1=O,"ChrI, SucAA, Ac-OH-Orn, Dab, Hse, Hse, Ser, OH-cOrn",8,1,0,C44H65N13O16,1032.066344,Azomonas macrocytogenes,1,0,0,0,0,0,0,1,0,0,0,0,0,0,0,0,Pseudomonadota,Orn derivatives,ChrI,,,,,,,"Budzikiewicz, H., et al. ""Siderophores of the Pseudomonadaceae sensu stricto (fluorescent and non-fluorescent Pseudomonas spp.)."" Progress in the chemistry of organic natural products (2004): 81-237.",,,,,,44,65,13,16,0,0.676923077,3.384615385,2.75,0,Ruolin He,4,1,49,-2.693,3.279119641
473,Azotobactin 87,,1,1,1,0,0,0,1,0,0,0,0,0,0,0,0,6,Alpha-Hydroxycarboxylate/Catecholate/Hydroxamate,NRPS,CC(O)CC(=O)N(O)CCC[C@H](NC(=O)C(CCO)NC(=O)C(CCO)NC(=O)C(CCO)NC(=O)[C@@H](NC(=O)CNC(=O)[C@@H](CCO)NC(=O)[C@@H](CO)NC(=O)[C@H](CO)NC(=O)C1CCN2C(=O)NC3=Cc4cc(O)c(O)cc4N1C32)C(O)C(=O)O)C(=O)N[C@H]1CCOC1=O,"Hse, Hse, Hse, OH-Asp, Ser, ChrA, Ser, HseL, OH-Orn, Gly, Hse, C4:0-OH(3)",12,1,0,C55H80N14O27,1369.303757,Azomonas agilis,1,0,0,0,0,0,0,1,0,0,0,0,0,0,0,0,Pseudomonadota,Orn derivatives,ChrA,Asp,,,,,,"Budzikiewicz, H., et al. ""Siderophores of the Pseudomonadaceae sensu stricto (fluorescent and non-fluorescent Pseudomonas spp.)."" Progress in the chemistry of organic natural products (2004): 81-237.","Baars, Oliver, et al. ""The siderophore metabolome of Azotobacter vinelandii."" Applied and Environmental Microbiology 82.1 (2016): 27-39.",,,,,55,80,14,27,0,0.6875,3.928571429,2.037037037,0,Ruolin He,4,6,1,-2.044,2.933726585
745,Azotobactin delta,Azotobactin δ,1,1,1,0,0,0,1,0,0,0,0,0,0,0,0,6,Alpha-Hydroxycarboxylate/Catecholate/Hydroxamate,NRPS,CC(=O)N(O)CCC[C@@H](NC(=O)[C@H](CCO)NC(=O)[C@@H](CCCNC(N)=O)NC(=O)[C@H](CO)NC(=O)[C@H](NC(=O)CNC(=O)[C@H](CCO)NC(=O)[C@@H](CO)NC(=O)[C@H](CC(=O)O)NC(=O)C1CCN2C(=O)NC3=Cc4cc(O)c(O)cc4N1C32)[C@@H](O)C(=O)O)C(=O)N[C@H]1CCOC1=O,"Hse, Ser, OH-Asp, Gly, Ser, Hse, Cit, Asp, Ac-OH-Orn, HseL, ChrA",11,1,0,C55H78N16O27,1395.301281,Azotobacter vinelandii,1,0,0,0,0,0,0,1,0,0,0,0,0,0,0,0,Pseudomonadota,Orn derivatives,ChrA,Asp,,,,,,"Baars, Oliver, et al. ""The siderophore metabolome of Azotobacter vinelandii."" Applied and environmental microbiology 82.1 (2016): 27-39.","Baars, Oliver, et al. ""The siderophore metabolome of Azotobacter vinelandii."" Applied and Environmental Microbiology 82.1 (2016): 27-39.",,,,,55,78,16,27,0,0.705128205,3.4375,2.037037037,0,Yanzhao Wu; Jiqi Shao; Ruolin He,4,6,2,-2.378,2.912268155
474,Azotobactin D,,1,1,1,0,0,0,1,0,0,0,0,0,0,0,0,6,Alpha-Hydroxycarboxylate/Catecholate/Hydroxamate,NRPS,CC(=O)N(O)CCC[C@@H](NC(=O)[C@H](CCO)NC(=O)[C@@H](CCCNC(N)=O)NC(=O)[C@@H](CO)NC(=O)[C@@H](NC(=O)CNC(=O)[C@@H](CCO)NC(=O)[C@@H](CO)NC(=O)[C@H](CO)NC(=O)C1CCN2C(=O)NC3=Cc4cc(O)c(O)cc4N1C32)C(O)C(=O)O)C(=O)N[C@@H](CCO)C(=O)O,"Gly, Hse, Ac-OH-Orn, Hse, Hse, Cit, Ser, OH-Asp, Ser, Ser, ChrA",11,1,0,C54H80N16O27,1385.306423,Azotobacter vinelandii DJ,1,0,0,0,0,0,0,1,0,0,0,0,0,0,0,0,Pseudomonadota,Orn derivatives,ChrA,Asp,,,,,,"Budzikiewicz, H., et al. ""Siderophores of the Pseudomonadaceae sensu stricto (fluorescent and non-fluorescent Pseudomonas spp.)."" Progress in the chemistry of organic natural products (2004): 81-237.","Baars, Oliver, et al. ""The siderophore metabolome of Azotobacter vinelandii."" Applied and Environmental Microbiology 82.1 (2016): 27-39.",,,,,54,80,16,27,0,0.675,3.375,2,0,Ruolin He,4,6,3,-2.027,2.920449055
475,Pyoverdine 6.8,,1,1,1,0,0,0,1,0,0,0,0,0,0,0,0,6,Alpha-Hydroxycarboxylate/Catecholate/Hydroxamate,NRPS,CC(=O)N(O)CCC[C@H](NC(=O)[C@H](CCN)NC(=O)[C@@H](NC(=O)[C@H](CCCN)NC(=O)[C@@H](C)NC(=O)C1CCNC2C(NC(=O)CCC(N)=O)=Cc3cc(O)c(O)cc3N12)C(O)C(=O)O)C(=O)N[C@@H](CCCCN)C(=O)O,"Dab, OH-Asp, Orn, Ala, ChrP, Ac-OH-Orn, SucAA, Lys",8,1,0,C46H72N14O17,1093.149519,Pseudomonas sp. PS 6.10.,1,0,0,0,0,0,0,1,0,0,0,0,0,0,0,0,Pseudomonadota,Orn derivatives,ChrP,Asp,,,,,,"Budzikiewicz, Herbert, et al. ""Structure proposal for a new pyoverdin from Pseudomonas sp. PS 6.10."" Zeitschrift für Naturforschung C 61.11-12 (2006): 815-820.",,,,,,46,72,14,17,0,0.638888889,3.285714286,2.705882353,0,Ruolin He,4,4,1,-2.322,3.205260074
476,Pyoverdine 9.12,,1,1,1,0,0,0,1,0,0,0,0,0,0,0,0,6,Alpha-Hydroxycarboxylate/Catecholate/Hydroxamate,NRPS,CC(=O)N(O)CCCC(NC(=O)C(C)NC(=O)C1CCNC2C(NC(=O)CCC(N)=O)=Cc3cc(O)c(O)cc3N12)C(=O)NC(CCCN)C(=O)NC(CO)C(=O)NC(CO)C(=O)NC(CO)C(=O)NC(CCCN=C(N)N)C(=O)NC(C(=O)NC(C(=O)O)C(C)O)C(O)C(=O)O,"Ac-OH-Orn, Ala, OH-Asp, Arg, Ser, aThr/Thr, ChrP, Orn, Ser, Ser, SucAA",11,1,0,C55H86N18O24,1383.38,Pseudomonas fluorescens Pf0-1,1,0,0,0,0,0,0,1,0,0,0,0,0,0,0,0,Pseudomonadota,Orn derivatives,ChrP,Asp,,,,,,"Meyer, Jean-Marie, et al. ""Siderotyping of fluorescent Pseudomonas: molecular mass determination by mass spectrometry as a powerful pyoverdine siderotyping method."" Biometals 21 (2008): 259-271.",,,,,,55,86,18,24,0,0.639534884,3.055555556,2.291666667,0,Ruolin He,4,4,2,-2.148,2.922035661
477,Pyoverdine S3g01,,1,1,1,0,0,0,1,0,0,0,0,0,0,0,0,6,Alpha-Hydroxycarboxylate/Catecholate/Hydroxamate,NRPS,CC(=O)N(O)CCCC(NC(=O)C(C)NC(=O)C1CCNC2C(NC(=O)CCC(=O)O)=Cc3cc(O)c(O)cc3N12)C(=O)NC(C)C(=O)NCC(=O)NC(CO)C(=O)NC(C)C(=O)NC(C(=O)NC(C(=O)O)C(C)O)C(O)C(=O)O,"Gly, Ala, aThr/Thr, OH-Asp, Ala, ChrP, Suc, Ser, Ac-OH-Orn, Ala",10,1,0,C46H66N12O22,1139.085492,Pseudomonas environmental isolate S3g01,1,0,0,0,0,0,0,1,0,0,0,0,0,0,0,0,Pseudomonadota,Orn derivatives,ChrP,Asp,,,,,,"Rehm, Karoline, et al. ""A comprehensive method to elucidate pyoverdines produced by fluorescent Pseudomonas spp. by UHPLC-HR-MS/MS."" Analytical and Bioanalytical Chemistry 414.8 (2022): 2671-2685.",,,,,,46,66,12,22,0,0.696969697,3.833333333,2.090909091,0,Ruolin He,4,4,3,-2.424,3.153557784
478,Pyoverdine 3D19,,1,1,1,0,0,0,1,0,0,0,0,0,0,0,0,6,Alpha-Hydroxycarboxylate/Catecholate/Hydroxamate,NRPS,CC(=O)N(O)CCCC(NC(=O)C(C)NC(=O)C1CCNC2C(NC(=O)CCC(=O)O)=Cc3cc(O)c(O)cc3N12)C(=O)NCC(=O)NCC(=O)NC(CO)C(=O)NC(C)C(=O)NC(C(=O)NC(C(=O)O)C(C)O)C(O)C(=O)O,"Ala, Ser, aThr/Thr, OH-Asp, Gly, Gly, Ala, ChrP, Ac-OH-Orn, Suc",10,1,0,C45H64N12O22,1125.05887,Pseudomonas environmental isolate 3D19,1,0,0,0,0,0,0,1,0,0,0,0,0,0,0,0,Pseudomonadota,Orn derivatives,ChrP,Asp,,,,,,"Rehm, Karoline, et al. ""A comprehensive method to elucidate pyoverdines produced by fluorescent Pseudomonas spp. by UHPLC-HR-MS/MS."" Analytical and Bioanalytical Chemistry 414.8 (2022): 2671-2685.",,,,,,45,64,12,22,0,0.703125,3.75,2.045454545,0,Ruolin He,4,4,4,-2.353,3.169019386
479,Pyoverdine 9.11,Pyoverdine C; Pyoverdine PpC 3 B,2,1,1,0,0,0,1,0,0,0,0,0,0,0,0,6,Alpha-Hydroxycarboxylate/Catecholate/Hydroxamate,NRPS,CC(O)CC(=O)N(O)CCC[C@@H](NC(=O)[C@H](CC(=O)O)NC(=O)C1CCNC2C(NC(=O)CC(O)C(N)=O)=Cc3cc(O)c(O)cc3N12)C(=O)N[C@@H](CCN)C(=O)N[C@H](C(=O)NCC(=O)N[C@H](CO)C(=O)N[C@@H](CO)C(=O)N[C@H](C(=O)N[C@H](C(=O)O)C(C)O)C(O)C(=O)O)C(C)O,"OH-Orn, Asp, ChrP, C4:0-OH(3), APF, Ser, Ser, Dab, Gly, aThr/Thr, OH-Asp, aThr/Thr",12,1,0,C54H81N15O28,1388.307066,Pseudomonas putida C; Pseudomonas putida F1,1,0,0,0,0,0,0,1,0,0,0,0,0,0,0,0,Pseudomonadota,Orn derivatives,ChrP,Asp,,,,,,"Seinsche, D., et al. ""Neue Pyoverdin‐Siderophore aus Pseudomonas putida C."" Journal für Praktische Chemie/Chemiker‐Zeitung 335.2 (1993): 157-168.; Ye, Lumeng, et al. ""Draft genome sequence analysis of a Pseudomonas putida W15Oct28 strain with antagonistic activity to Gram-positive and Pseudomonas sp. pathogens."" PLoS One 9.11 (2014): e110038.",,,,,,54,81,15,28,0,0.666666667,3.6,1.928571429,0,Ruolin He,4,4,5,-1.862,2.91798406
872,Pyoverdine Ag1,,1,2,1,0,0,0,0,0,0,0,0,0,0,0,0,6,Catecholate/Hydroxamate,NRPS,COC(=O)CCC(=O)NC1=Cc2cc(O)c(O)cc2N2C(C(=O)N[C@H](CO)C(=O)NC(CCCN(O)C=O)C(=O)N[C@@H](CCCCN)C(=O)N[C@H](C(=O)N[C@H](CC(N)=O)C(=O)NCC(=O)N[C@@H](CO)C(=O)NC(CCCN(O)C=O)C(=O)O)[C@@H](C)O)CCNC12,"ChrP, OMe-Suc, aThr/Thr, Lys, Ser, Gly, Asn, Fo-OH-Orn, Ser, Fo-OH-Orn",10,1,0,C52H79N15O23,1282.272679,Pseudomonas sp. Ag1,1,0,0,0,0,0,0,1,0,0,0,0,0,0,0,0,Pseudomonadota,Orn derivatives,ChrP,,,,,,,"Ganley, Jack G., et al. ""A systematic analysis of mosquito-microbiome biosynthetic gene clusters reveals antimalarial siderophores that reduce mosquito reproduction capacity."" Cell Chemical Biology 27.7 (2020): 817-826.",,,,,,52,79,15,23,0,0.658227848,3.466666667,2.260869565,0,Yanzhao Wu; Jiqi Shao; Ruolin He,4,4,6,-2.151,3.010076351
480,Pyoverdine 1448a,,1,0,1,0,0,0,2,0,0,0,0,0,0,0,0,6,Alpha-Hydroxycarboxylate/Catecholate,NRPS,C[C@@H](O)[C@H](NC(=O)[C@@H](NC(=O)[C@H](NC(=O)[C@@H](N)CCCCNC(=O)C1CCNC2C(NC(=O)CCC(N)=O)=Cc3cc(O)c(O)cc3N12)C(O)C(=O)O)[C@@H](C)O)C(=O)N[C@@H](CO)C(=O)N[C@@H](C(=O)N[C@@H](CO)C(=O)O)C(O)C(=O)O,"Lys, ChrP, aThr/Thr, OH-Asp, OH-Asp, Ser, aThr/Thr, Ser, SucAA",9,1,0,C45H66N12O23,1143.074157,Pseudomonas savastanoi pv. phaseolicola 1448A,1,0,0,0,0,0,0,1,0,0,0,0,0,0,0,0,Pseudomonadota,,ChrP,Asp,,,,,,"Owen, Jeremy G., and David F. Ackerley. ""Characterization of pyoverdine and achromobactin in Pseudomonas syringae pv. phaseolicola 1448a."" BMC microbiology 11.1 (2011): 1-16.","Owen, Jeremy G., and David F. Ackerley. ""Characterization of pyoverdine and achromobactin in Pseudomonas syringae pv. phaseolicola 1448a."" BMC microbiology 11 (2011): 1-16.",,,,,45,66,12,23,0,0.681818182,3.75,1.956521739,0,Ruolin He,4,4,7,-1.883,3.149211471
